<?xml version="1.0" encoding="utf-8"?>
<COLLADA xmlns="http://www.collada.org/2005/11/COLLADASchema" version="1.4.1" xmlns:xsi="http://www.w3.org/2001/XMLSchema-instance">
  <asset>
    <contributor>
      <author>Blender User</author>
      <authoring_tool>Blender 4.5.4 LTS commit date:2025-10-27, commit time:12:46, hash:b3efe983cc58</authoring_tool>
    </contributor>
    <created>2026-05-12T19:52:27</created>
    <modified>2026-05-12T19:52:27</modified>
    <unit name="meter" meter="1"/>
    <up_axis>Z_UP</up_axis>
  </asset>
  <library_effects>
    <effect id="bug_aluminum-effect">
      <profile_COMMON>
        <technique sid="common">
          <lambert>
            <emission>
              <color sid="emission">0 0 0 1</color>
            </emission>
            <diffuse>
              <color sid="diffuse">0.354704 0.354704 0.354704 1</color>
            </diffuse>
            <reflectivity>
              <float sid="specular">1</float>
            </reflectivity>
            <index_of_refraction>
              <float sid="ior">1.45</float>
            </index_of_refraction>
          </lambert>
        </technique>
      </profile_COMMON>
    </effect>
  </library_effects>
  <library_images/>
  <library_materials>
    <material id="bug_aluminum-material" name="bug_aluminum">
      <instance_effect url="#bug_aluminum-effect"/>
    </material>
  </library_materials>
  <library_geometries>
    <geometry id="bug_headlight_R_lid_animated-mesh" name="bug_headlight_R_lid_animated">
      <mesh>
        <source id="bug_headlight_R_lid_animated-mesh-positions">
          <float_array id="bug_headlight_R_lid_animated-mesh-positions-array" count="2481">0.0296176 0.0761488 0.002411484 -0.06252306 -0.05458247 0.07254368 -0.08127295 -0.04733771 0.05345112 0.0301249 0.06609523 0.04347795 -0.09179443 -0.03958916 0.03524625 -0.001749694 -0.06269907 0.09357446 -0.06212514 0.06106245 -0.03665918 0.03084403 0.01106184 0.08711224 -0.08079957 0.03906327 -0.03597986 -0.001749634 0.08553248 -0.03719985 -0.09214824 0.02008843 -0.03651559 -0.09629684 0.01061713 -0.03918373 -0.06516557 -0.02759474 0.07518744 -0.08475017 -0.02798599 0.0538426 -0.09309881 -0.0296325 0.03487056 -0.001749694 -0.0290395 0.09839713 -0.08016902 -0.05249077 0.05300658 0.03087848 0.07935792 0.007296442 -0.09573817 -0.0324555 0.02311843 -0.06174701 -0.06136804 0.07143688 -0.09134471 -0.04243648 0.03448897 -0.001749634 -0.07072418 0.09181332 -0.09545886 -0.01471585 0.03233414 -0.06743311 0.03220474 0.06096905 -0.08702427 -0.005262196 0.05256187 0.03078776 -0.06048756 0.08780711 -0.001749694 0.04867607 0.07996749 -0.001749694 0.07439768 0.0492658 -0.0969364 0.01272177 0.009725451 -0.08593356 0.03341567 0.02473407 -0.06718945 0.003597497 0.07352125 -0.001749694 0.01257985 0.09644246 -0.09731113 5.3691e-4 0.0242803 -0.08799415 0.01670765 0.04309427 0.03089213 0.04267019 0.07271474 -0.06509816 0.05321693 0.03685867 -0.09688961 0.007729172 -0.04085624 0.03006649 -0.02284353 0.0877608 -0.06321907 0.06214851 0.003451943 -0.09734749 0.003744125 -0.02263885 -0.08323764 0.04035621 -0.002224147 -0.09482288 0.0186448 -0.01184952 -0.001749694 0.08569508 0.008912086 -0.09603875 -0.03402549 0.01977747 -0.09751379 -0.001097023 -0.02527284 -0.0596556 -0.0608536 0.06936067 0.03206485 0.01033467 0.09041911 -0.07750004 -0.05200821 0.05171269 -0.001749694 -0.07003641 0.08888697 -0.08846765 -0.04192793 0.03367221 -0.06002229 -0.05351495 0.06967937 -0.07791817 -0.04681855 0.05159103 0.0305733 -0.06815117 0.08619862 -0.08841538 -0.03921872 0.03407347 -0.001749694 -0.06052136 0.08987039 -0.09153795 -0.03543221 0.02576291 -0.09630864 -0.02823394 0.009558916 -0.09387046 -0.02439355 0.0146197 -0.0945239 -0.02787089 0.009951531 -0.05980056 0.05854785 -0.03635036 0.0313825 -0.02868807 0.0921604 -0.07788163 0.03724461 -0.03560584 -0.001749694 0.08212953 -0.03699594 -0.08895242 0.01885163 -0.03631603 -0.09396195 0.007057726 -0.04099339 -0.09291642 0.009773552 -0.03916424 0.03068983 0.07888901 -0.03723776 -0.08017855 0.03829312 -0.005823969 -0.09136337 0.01724117 -0.0141924 -0.0609079 0.05947852 -8.96354e-4 -0.001749634 0.0822708 0.003823757 -0.09747624 -0.02732533 0.009994029 -0.06208807 -0.02483457 0.07139128 -0.08028471 -0.02721619 0.05157572 -0.08950352 -0.02925223 0.03360992 -0.001749694 -0.02230393 0.09386628 0.03137433 0.06884443 0.04600346 -0.09313023 -0.03383326 0.01910448 -0.0925492 -0.03181099 0.02157711 -0.09729981 -0.02397584 0.01472026 -0.09208267 -0.01462322 0.03150349 -0.06516903 0.03067702 0.05903989 -0.08373236 -0.005233526 0.0507515 0.03210955 0.04452115 0.07514351 -0.001749694 0.04669797 0.07735389 -0.09838706 -0.01493948 0.004971027 -0.001749694 0.07146489 0.04656809 -0.0936048 0.01170921 0.008755564 -0.08302301 0.03170454 0.023135 -0.06478101 0.003786981 0.07073825 -0.09823 -0.02024382 4.88001e-4 -0.001749694 0.01343911 0.09295606 -0.09400689 3.73723e-5 0.02371853 -0.08506876 0.01568651 0.04181653 0.0294038 0.07574021 -0.03701043 -0.09530717 -0.02094674 5.89504e-4 0.02944314 -0.06752586 0.08349823 -0.06281906 0.05092781 0.03475356 -0.09499722 -0.01560813 0.005043447 -0.09452748 -0.001794695 -0.02521109 0.03003948 -0.06860363 0.08481967 -0.09384381 0.002888023 -0.022942 -0.09704685 -0.02142232 3.50185e-4 -0.09706681 -0.0126996 -0.01116847 -0.06075435 -0.06185132 0.07038772 0.02952861 -0.05857342 0.08431053 -0.07888561 -0.05295377 0.05233573 -0.001749634 -0.07115453 0.09031271 -0.09001487 -0.04280984 0.03392422 -0.09500253 -0.006326436 -0.007231593 -0.09532165 -0.0121895 -0.0109753 -0.09574645 0.006790459 -0.0413714 -0.09825336 -0.01148658 -0.0110768 -0.09484761 -0.03440135 0.01894897 -0.09841108 -0.005558788 -0.007214784 -0.09634876 -0.00226432 -0.02543503 -0.03418922 0.07888901 -0.03723776 0.05902361 -0.05458247 0.07254368 0.07777357 -0.04733771 0.05345112 0.08829504 -0.03958916 0.03524625 0.05862575 0.06106245 -0.03665918 0.07730019 0.03906327 -0.03597986 0.08864885 0.02008843 -0.03651559 0.09279745 0.01061713 -0.03918373 0.06166613 -0.02759474 0.07518738 0.08125078 -0.02798599 0.0538426 -0.03356587 -0.02284353 0.0877608 0.08959943 -0.0296325 0.03487056 0.07666963 -0.05249071 0.05300658 -0.03362429 0.06609523 0.04347789 0.09223872 -0.0324555 0.02311843 0.05824762 -0.06136804 0.07143688 0.08784532 -0.04243648 0.03448897 0.09195941 -0.01471585 0.03233414 0.06393373 0.03220474 0.06096905 0.08352488 -0.005262196 0.05256187 -0.03487372 0.06884443 0.04600346 0.09343701 0.01272177 0.009725451 0.08243417 0.03341567 0.02473407 0.06369006 0.003597497 0.07352125 0.09381175 5.3691e-4 0.0242803 0.08449476 0.01670765 0.04309427 -0.03556424 0.01033467 0.09041911 -0.03560894 0.04452115 0.07514351 0.06159871 0.05321693 0.03685873 0.09339022 0.007729172 -0.04085624 -0.03407269 -0.06815117 0.08619862 0.05971968 0.06214851 0.003451943 -0.03353887 -0.06860363 0.08481967 0.0938481 0.003744125 -0.02263885 0.07973825 0.04035621 -0.002224147 0.09132349 0.0186448 -0.01184952 0.09253937 -0.03402549 0.01977747 0.0940144 -0.001097023 -0.02527284 0.05615621 -0.0608536 0.06936067 -0.03290319 0.07574021 -0.03701043 0.07400065 -0.05200821 0.05171269 0.08494216 -0.04199647 0.033755 0.0565229 -0.05351495 0.06967937 0.07441878 -0.04681855 0.05159103 0.08487766 -0.03922742 0.034213 0.09280925 -0.02823394 0.009558916 0.09037113 -0.02439355 0.0146197 0.09102445 -0.02787089 0.009951531 0.05630117 0.05854785 -0.03635036 -0.03434342 0.01106184 0.08711224 0.07438224 0.03724461 -0.03560584 0.08545303 0.01885163 -0.03631603 0.09046256 0.007057726 -0.04099339 0.08941704 0.009773552 -0.03916424 -0.03437787 0.07935792 0.007296442 0.07667917 0.03829312 -0.005823969 0.08786392 0.01724117 -0.0141924 0.05740851 0.05947852 -8.96354e-4 0.09397685 -0.02732533 0.009994029 0.05858868 -0.02483457 0.07139128 0.07678532 -0.02721619 0.05157572 -0.03428715 -0.06048756 0.08780711 0.08596098 -0.02926397 0.03378796 -0.03488188 -0.02868807 0.0921604 0.08960467 -0.03390187 0.01918727 0.08882302 -0.03224557 0.0224483 0.09380042 -0.02397584 0.01472026 0.08858329 -0.01462322 0.03150349 0.06166964 0.03067702 0.05903989 0.08023297 -0.005233526 0.0507515 0.09488767 -0.01493948 0.004971027 0.09010535 0.01170921 0.008755564 0.07952362 0.03170454 0.023135 0.06128162 0.003786981 0.07073825 0.09473061 -0.02024382 4.88001e-4 0.0905075 3.7372e-5 0.02371853 0.08156931 0.01568645 0.04181653 -0.03311699 0.0761488 0.002411484 0.09180778 -0.02094674 5.89504e-4 -0.03439152 0.04267019 0.07271474 0.05931967 0.05092781 0.03475356 0.09149783 -0.01560813 0.005043447 0.09102803 -0.001794695 -0.02521109 -0.033028 -0.05857342 0.08431053 0.09034436 0.002888023 -0.022942 0.09354746 -0.02142232 3.50185e-4 0.09356743 -0.0126996 -0.01116847 0.05725497 -0.06185132 0.07038772 -0.03294253 -0.06752586 0.08349823 0.07538622 -0.05295377 0.05233573 0.08651548 -0.04280984 0.03392422 0.09150314 -0.006326436 -0.007231593 0.09182226 -0.0121895 -0.0109753 0.09224706 0.006790459 -0.0413714 0.09475398 -0.01148658 -0.0110768 0.09134823 -0.03440135 0.01894897 0.09491169 -0.005558788 -0.007214784 0.09284937 -0.00226432 -0.02543503 0.03175932 -0.009039044 0.09265339 -0.09488517 -0.03087586 0.02773261 -0.09160196 -0.04163235 0.034841 -0.0819959 0.04031068 -0.01860129 -0.03453308 -0.04699105 0.09003502 -0.08455705 0.03817081 0.01230186 -0.08582979 -0.02822709 0.04215818 -0.09518152 -0.01103061 -6.67872e-4 -0.09836488 -0.009798228 -0.01050341 -0.0933333 0.006560921 -0.03107917 -0.09779727 -0.02103471 3.69654e-4 -0.09560269 -0.03431892 0.01923978 -0.09683203 -0.0197888 0.02241283 0.01411741 -0.06001627 0.08844566 0.09168213 -0.01103061 -6.67872e-4 0.09442257 -0.006276488 -0.01790028 0.03048151 -0.005151391 0.08864945 0.03067529 -0.06660401 0.08669054 -0.01825112 0.08409494 0.008474051 0.09040468 -0.03425049 0.01888918 0.09367114 -0.01735138 -0.005064845 0.0921033 -0.03431892 0.01923978 0.08730536 -0.04278492 0.03417575 0.08968728 -0.02843028 0.01847344 0.09490591 -0.007987022 0.01357054 0.09488224 0.002497971 3.99584e-4 -0.08876454 -0.03517341 0.03401046 -0.06198883 -0.05995148 0.07181477 -0.001749694 0.08186441 0.03005665 -0.03417468 -0.06660401 0.08669054 -0.09188371 -0.03440362 0.0243805 -0.09790843 -0.02393049 0.005417466 -0.0975148 -0.02628767 0.01105535 -0.09834158 -0.01868522 0.001208305 -0.09497624 -0.01057636 -0.01037108 -0.03449732 0.0272895 0.0818212 -0.03570163 0.02838534 0.08463639 -0.07807236 -0.05261301 0.05197358 -0.03319048 -0.0682044 0.08403265 0.09084451 -0.03794574 0.02646398 0.06022089 -0.04292261 0.07391089 -0.001749694 -0.06912583 0.09234416 0.09138572 -0.0308758 0.02773261 0.02974635 -0.042544 0.08596915 0.08429932 0.006033837 0.04900014 0.09251749 0.01645487 -3.77547e-4 0.02940487 -0.06580454 0.08350521 0.0879786 -0.03058439 0.02694398 0.07314735 0.02328562 0.0505405 0.08083981 0.0246616 0.03387534 0.09145772 -0.00697875 -0.01780378 0.09187662 -0.002293825 -0.02537488 -0.09221667 -0.03555303 0.03548759 -0.0943439 -0.03794574 0.02646398 -0.09856468 -0.01031225 -7.33739e-4 -0.09409552 -0.02686274 0.01103442 0.08517247 -0.03519052 0.03439104 0.07457298 -0.05261301 0.05197358 -0.09436887 -0.03618371 0.02829623 -0.03385543 -0.06859081 0.08559191 -0.04934358 -0.0578404 0.08102798 -0.08607625 -0.0166229 0.05383384 -0.03290426 -0.06580454 0.08350521 -0.07433766 0.05152815 9.72583e-4 -0.03404146 0.05587941 0.05997312 -0.06086844 -0.04074645 0.07045978 -0.09608876 -0.03349572 0.02077823 -0.09835827 -0.01614266 -0.004967451 -0.09717053 -0.01735138 -0.005064845 -0.03525871 -0.009039044 0.09265339 -0.06414198 0.04205846 0.04857563 -0.03331494 0.07279473 0.0235306 -0.09537601 -0.002293825 -0.02537488 -0.09495717 -0.00697875 -0.01780378 0.02949255 0.07669472 -0.01770031 -0.09496808 -0.02461379 0.005500972 -0.07963544 -0.05291122 0.05269545 -0.09321504 -0.02837598 0.01836454 0.06285226 -0.01183885 0.07538831 0.01514691 0.04768204 0.07880431 0.04729843 0.06195956 0.04199254 0.09367507 0.003506362 -0.03298264 0.08918774 -0.03333461 0.02012324 0.07394546 -0.05081617 0.05162411 -0.001749694 -0.003592669 0.0947631 0.0936048 -0.001881241 -0.02539879 0.06811374 0.04915755 -0.003027796 0.07547414 0.0383163 -0.02085387 0.07806575 0.03622043 0.009380996 -0.001749694 -0.07073259 0.08945977 0.09262013 -0.01272469 -0.01110649 0.09252154 0.00243622 -0.03329485 0.09429782 -0.02103471 3.69654e-4 0.01471382 0.08384376 -0.03724449 0.09061169 0.006502449 0.01733851 -0.08738595 0.02867192 -0.03596866 -0.001749694 -0.06824058 0.08891665 -0.01755517 0.08050692 -0.03703528 -0.01789927 -0.07050025 0.08890283 0.03054207 0.05587941 0.05997312 0.03035604 -0.06859087 0.08559191 0.08720248 -0.02219045 0.03301811 0.09324496 -0.00748378 -0.01800078 0.09146869 -0.02461379 0.005500972 -0.03324574 -0.042544 0.08596915 -0.04887503 -0.06513959 0.07962536 -0.03457063 0.075841 0.02761918 0.09258937 -0.03349572 0.02077823 -0.06372034 -0.04292261 0.07391089 -0.0523833 0.0391227 0.06893688 -0.001749694 -0.008074462 0.0989151 -0.06641834 0.04401803 0.05022722 -0.09350991 0.01966935 -0.0240243 -0.09493392 0.01418977 -0.03776383 0.08670669 0.02909791 -0.006502389 -0.07007026 -0.05034697 0.06079554 -0.07744485 -0.05081617 0.05162411 -0.09079319 0.00807923 0.03312623 -0.07897353 0.0383163 -0.02085387 -0.09535139 -0.02824586 0.009619772 -0.09496521 -0.01945096 0.001351773 -0.09544104 -0.01684564 -0.004865944 -0.09610223 -0.02145171 4.17902e-4 -0.09673255 -0.02502346 0.005173206 -0.09706085 -0.02792 0.009655892 -0.09661489 -0.02833688 0.01885658 -0.09838163 0.002497971 3.99584e-4 -0.0949915 0.001672923 -5.56065e-5 -0.09601688 0.01645487 -3.77547e-4 0.0453757 -0.06513959 0.07962536 0.08810257 -0.04163235 0.034841 0.07578492 0.02458715 0.0521546 0.0487802 0.007411718 0.08297193 0.06413882 0.01848876 0.06876248 0.08925652 0.02314084 0.01783037 0.06291896 0.04401803 0.05022722 0.07849651 0.04031068 -0.01860129 -0.05088335 -0.02809619 0.08468466 0.08052623 -0.04296898 0.04249507 0.09484219 -0.01868522 0.001208305 0.09506529 -0.01031225 -7.33739e-4 0.03220224 0.02838534 0.08463639 0.08339571 0.02735829 -0.009606122 0.09260278 -0.02145171 4.17902e-4 0.09146583 -0.01945096 0.001351773 0.08561795 -0.04250931 0.03376919 0.08176857 -0.04786431 0.04296171 0.09485888 -0.01614266 -0.004967451 -0.04911482 0.07098686 -0.03702259 0.05784147 -0.06180995 0.07097095 0.09059613 -0.02686274 0.01103442 0.08983385 0.00886619 -0.01907467 -0.0942403 -0.02247512 0.03399872 0.03076416 0.07991635 -0.01456528 -0.08378881 -0.0469526 0.04255288 -0.08483064 0.005514681 0.04746913 -0.001749694 -0.0711587 0.09115403 0.03177767 0.05822783 0.06206411 0.08028614 -0.04696118 0.04256325 0.09194165 -0.01684564 -0.004865944 0.03107124 0.075841 0.02761918 -0.07308959 -0.05107849 0.06317734 -0.08051466 -0.05131334 0.05324929 -0.09020608 0.02909791 -0.006502389 -0.0725339 -0.02605801 0.06151664 -0.08403038 -0.04296791 0.0424776 -0.09161782 -0.03046083 0.02638047 -0.0907073 -0.02218902 0.03299587 0.03103363 -0.04699105 0.09003496 -0.0932694 -0.007110178 0.02843111 -0.001749694 0.07861644 0.02576822 -0.09674435 -0.00748378 -0.01800078 -0.09781944 -0.0123077 -0.01115477 -0.07161313 0.04915755 -0.003027796 -0.001749694 0.08298569 -0.01701742 -0.08912056 -0.04250073 0.03375881 -0.09390735 -0.03424191 0.01887881 -0.09648752 0.00712949 -0.04122257 -0.07254999 0.05014371 -0.03626626 -0.09657877 -0.006917834 0.02911096 -0.0984053 -0.007987022 0.01357054 -0.09683281 0.009944796 -0.01782315 0.0148859 -0.0289812 0.09681737 0.03099793 0.0272895 0.0818212 0.07940679 -0.03895962 0.05364561 0.09086942 -0.03618371 0.02829623 0.05848944 -0.05995148 0.07181477 0.09044826 0.008783996 0.03405481 0.07328528 0.04354101 0.03105562 0.02981555 0.07279473 0.0235306 0.06051743 0.05924481 0.021205 0.05736905 -0.04074645 0.07045978 0.0296911 -0.0682044 0.08403265 0.0948655 -0.009798228 -0.01050341 0.08664089 0.01829534 -0.0255106 0.08814209 0.01318949 -0.03765487 -0.04722708 -0.06457382 0.07719904 0.09432005 -0.0123077 -0.01115477 0.09149211 0.001672923 -5.56071e-5 -0.09000116 -0.02868723 0.04375982 -0.03426355 0.07991635 -0.01456528 -0.05227959 0.007411718 0.08297199 -0.09754639 3.98638e-4 -0.02479618 -0.0979222 -0.01949608 0.01011937 -0.09611958 -0.01272469 -0.01110649 -0.09794443 -7.1648e-4 -0.01462507 0.09050476 -0.03081142 0.01419407 0.08910107 0.01519894 -0.00225836 0.01405578 0.08050692 -0.03703528 0.08080577 0.02716058 -0.03566414 -0.07653021 -0.02757531 0.06459891 -0.08660769 -0.04743659 0.04351431 -0.01817053 -0.07006335 0.09037268 -0.08747172 -0.04337584 0.04387938 -0.08779871 0.006033837 0.04900014 -0.09394764 0.008783996 0.03405481 -0.001749694 0.03167754 0.0901485 -0.01840353 0.07302385 0.04845285 -0.05079782 0.06195956 0.04199254 -0.09679883 0.007420778 -0.03087174 -0.09686911 0.008696556 -0.04021614 -0.06262123 0.06233704 -0.01611548 -0.04965645 0.0717411 0.005572736 -0.001749694 0.08644026 -0.01374667 -0.04874008 -0.02369862 0.0804767 -0.0176168 -0.06001627 0.08844566 -0.07887184 -0.03827041 0.05151706 -0.01801848 0.01288372 0.0915113 -0.08900517 -0.009766101 0.04108673 -0.08433926 0.0246616 0.03387534 -0.01776665 0.07013863 0.04580098 -0.09451049 -0.02009135 0.01015704 -0.04898774 0.0594201 0.0396564 -0.0868951 0.02735829 -0.009606122 -0.08526796 -0.04786431 0.04296171 -0.06962072 -0.05665826 0.06074506 -0.09080475 -0.04278492 0.03417575 -0.09400743 -0.03080284 0.0141837 -0.09344917 -0.01992064 0.02201771 -0.09504389 -0.008512914 0.01337838 -0.09260046 0.01519894 -0.00225836 -0.0933333 0.00886619 -0.01907467 0.08650171 -0.02868723 0.04375982 0.08310824 -0.04743659 0.04351431 0.04584413 -0.05784034 0.08102798 0.08257687 -0.0166229 0.05383384 0.04615706 0.0717411 0.005572736 0.01475173 0.08409494 0.008474051 0.01426577 -0.022412 0.09231907 0.01474392 -0.062141 0.09209758 0.06003654 -0.01005119 0.07194703 0.01451909 0.01288372 0.0915113 0.09101116 -0.02009135 0.01015704 0.09323316 -0.02502346 0.005173206 0.06738674 -0.0576291 0.0615797 0.0895819 -0.03826552 0.02573806 0.0912925 0.006738781 -0.04132038 0.09143453 0.01418977 -0.03776383 0.08388656 0.02867192 -0.03596866 0.0931155 -0.02833688 0.01885658 0.08994978 -0.01992058 0.02201771 0.0915445 -0.008512914 0.01337838 -0.06401681 0.05924475 0.021205 -0.08430516 0.02716058 -0.03566414 0.09001052 0.01966935 -0.0240243 0.08232498 -0.02822858 0.04218041 0.06612133 -0.05665826 0.06074506 0.08791482 -0.03760498 0.02578991 0.04695552 0.007877826 0.07987105 0.09070587 0.002819776 -0.03300541 0.091852 -0.02824586 0.009619772 0.0922864 -0.0312041 0.01383328 -0.01838529 -0.0289812 0.09681737 -0.0720508 -0.0571478 0.06243026 -0.08290618 -0.03895962 0.05364561 -0.01824331 -0.062141 0.09209758 0.04710382 0.03741192 0.06672817 0.0452407 -0.02369862 0.0804767 -0.01864629 0.04768204 0.07880431 -0.06763821 0.01848876 0.06876248 -0.07876551 -7.19112e-4 0.06311678 -0.0872423 0.02607166 0.03499919 -0.09275585 0.02314084 0.01783037 -0.09717452 0.003506362 -0.03298264 -0.0339809 -0.005151391 0.08864945 0.01513034 0.0120418 0.09494948 -0.05961227 -0.0593512 0.0693044 -0.001749694 -0.04334104 0.09182339 -0.09279072 -0.03309029 0.01976221 -0.09147304 -0.03745073 0.02560371 -0.05060321 0.03741192 0.06672817 -0.0766468 0.02328562 0.0505405 -0.09411114 0.006502449 0.01733851 -0.0758298 -6.78955e-4 0.06078803 -0.06353592 -0.01005119 0.07194703 -0.06172347 0.05670368 0.01761955 -0.0895968 0.02179956 0.01649481 -0.09792196 -0.006276488 -0.01790028 -0.0601117 -0.06149399 0.06978523 -0.09308129 -0.03826552 0.02573806 -0.09602093 0.00243622 -0.03329485 -0.09164148 0.01318949 -0.03765487 -0.03527706 0.05822783 0.06206411 0.07303076 -0.02757531 0.06459891 0.06855142 -0.0571478 0.06243026 0.09307938 -0.006917834 0.02911096 0.08374291 0.02607166 0.03499919 0.05912184 0.06233704 -0.01611548 0.07083827 0.05152815 9.72584e-4 0.06903451 -0.02605801 0.06151664 0.08475393 -0.04120403 0.03391301 0.04394835 -0.0563271 0.07779061 0.08729374 0.00807923 0.03312623 -0.001749694 0.03049749 0.08714163 0.09147679 -0.01057636 -0.01037108 0.01426726 0.07013863 0.04580098 0.04548835 0.0594201 0.0396564 0.0606426 0.04205846 0.04857563 -0.001749694 0.060642 0.06386584 0.08983385 0.006560921 -0.03107917 0.08998292 0.007916748 -0.04029726 0.09440904 -0.02393049 0.005417466 0.05661225 -0.06149399 0.06978523 0.09097748 -0.00153619 -0.01481682 0.09058111 -3.89229e-4 -0.02473598 0.09298813 0.00712949 -0.04122257 0.07613605 -0.05291122 0.05269545 0.08977001 -0.007110178 0.02843111 -0.09240061 -0.009869098 0.04239416 -0.09014028 0.01829534 -0.0255106 -0.04726165 0.06812703 -0.03676223 -0.04809677 -0.06561058 0.07839244 0.08871722 -0.03555303 0.03548759 0.09401541 -0.02628767 0.01105535 0.04738396 -0.02809619 0.08468466 0.06637597 0.04798489 -0.03590339 0.09356147 -0.02792 0.009655892 -0.07928436 0.02458715 0.0521546 -0.01862972 0.0120418 0.09494948 -0.06635165 -0.01183885 0.07538831 -0.07678467 0.04354101 0.03105562 -0.001749694 0.06314486 0.06612753 0.04561543 0.07098686 -0.03702259 -0.01776516 -0.022412 0.09231907 -0.04744774 -0.0563271 0.07779061 -0.09091466 -0.03634417 0.02769738 -0.08830976 -0.04106622 0.03373491 -0.08205497 -0.0161072 0.05172014 -0.06538546 0.01758462 0.06646442 -0.01802933 0.04573798 0.07623767 0.01490414 0.07302385 0.04845285 -0.05045491 0.007877826 0.07987105 -0.07415372 0.0415185 0.02920186 -0.0940805 -3.89229e-4 -0.02473598 -0.06030046 0.05969822 -0.01887816 -0.09420526 0.002819776 -0.03300541 -0.04783588 0.06877887 9.23886e-4 -0.08156514 0.03622043 0.009380996 0.04888391 0.0391227 0.06893688 -0.03299194 0.07669472 -0.01770031 -0.09578579 -0.0312041 0.01383328 -0.09479188 0.006738781 -0.04132038 -0.09447687 -0.00153619 -0.01481682 -0.01821321 0.08384376 -0.03724449 -0.06134086 -0.06180995 0.07097095 -0.09695005 -0.03058558 0.01452094 -0.09741282 0.00726819 0.01789844 0.01467114 -0.07006335 0.09037268 -0.001749694 -0.04845404 0.09604775 0.06959021 -0.05107849 0.06317734 0.08397233 -0.04337584 0.04387938 0.07701528 -0.05131334 0.05324929 0.09391343 0.00726819 0.01789844 0.07526612 -7.19112e-4 0.06311678 0.08890122 -0.009869098 0.04239416 0.094047 3.98638e-4 -0.02479618 0.09329944 0.007420778 -0.03087174 0.08105766 0.03817081 0.01230186 0.04376226 0.06812703 -0.03676223 0.08746385 -0.03584986 0.02745479 0.07537245 -0.03827041 0.05151706 0.06657087 -0.05034697 0.06079554 0.05611288 -0.05935126 0.0693044 0.08133119 0.005514681 0.04746913 -0.0176059 0.08072614 0.003438353 0.01452994 0.04573798 0.07623767 0.09442281 -0.01949608 0.01011937 0.07855558 -0.0161072 0.05172014 0.07233041 -6.78955e-4 0.06078803 0.06188607 0.01758462 0.06646442 0.07065439 0.0415185 0.02920186 0.08609741 0.02179956 0.01649481 0.01410651 0.0807262 0.003438353 0.05680108 0.05969822 -0.01887816 0.09444504 -7.1648e-4 -0.01462507 0.04433649 0.06877887 9.23886e-4 0.01439988 -0.07050025 0.08890283 0.09336972 0.008696556 -0.04021614 0.06905061 0.05014371 -0.03626626 0.09345072 -0.03058558 0.01452094 0.09333264 -0.0197888 0.02241283 0.09333342 0.009944796 -0.01782315 -0.01759672 -0.06939303 0.08750319 -0.09710419 -0.001881241 -0.02539879 -0.06987535 0.04798489 -0.03590339 -0.09348231 0.007916748 -0.04029726 -0.07088613 -0.0576291 0.0615797 0.09074085 -0.02247512 0.03399872 0.01409733 -0.06939303 0.08750319 0.08550578 -0.009766101 0.04108673 0.04372769 -0.06457382 0.07719904 0.05822408 0.05670368 0.01761955 0.04459738 -0.06561058 0.07839244 -0.07339841 0.05152565 -0.01711332 0.09099346 -0.037364 0.02712488 -0.04904377 -0.06364655 0.0800684 -0.07786703 -0.01403576 0.06467938 0.08894127 -0.02554279 0.02470523 0.08343595 -0.04642397 0.0437445 -0.09023594 -5.88158e-4 0.03812539 0.09057134 -0.03446865 0.02998477 0.06718182 0.04921174 -0.0196315 -0.01821786 -0.06847923 0.09089392 0.09035575 -0.03823482 0.02602064 0.01518005 0.0308969 0.08880436 -0.04987573 0.04981017 0.05499219 0.01503598 0.06194847 0.06514018 0.07119607 -0.04087269 0.06390905 0.09108573 -0.02332955 0.006429195 0.0688607 -0.05583631 0.06273442 -0.09749978 -0.007093012 -0.01798427 -0.09456169 -0.005425691 -0.01728725 -0.01806008 -0.07049959 0.08972674 -0.09407079 -0.03446865 0.02998477 -0.04934728 0.07212769 -0.0152871 0.06757867 -0.03961682 0.06108069 0.01456892 0.02974176 0.08584767 0.04401344 0.06917226 -0.01826006 0.06608003 -0.05530041 0.06066018 -0.09126776 -0.01943618 0.04357987 -0.04718255 -0.06294727 0.07717686 0.04661798 0.06851011 0.02478504 0.07585906 0.01235789 0.05897247 0.01456069 -0.07049959 0.08972674 -0.09449285 -0.037364 0.02712488 0.09005355 -0.03007745 0.01530897 0.08805584 0.02717763 0.006564736 0.04408955 -0.06523352 0.07768607 -0.08440595 -0.04753255 0.04271513 -0.071078 -0.03961676 0.06108069 0.04651838 -0.04511237 0.08290809 0.04637634 0.04981017 0.05499219 0.04447615 -0.04173117 0.07906013 0.08120596 -0.0366919 0.0423454 0.04906505 0.02405554 0.0776596 -0.09588813 0.01231646 -0.02773237 -0.01851403 -0.008324682 0.09734338 -0.01806831 0.02974176 0.08584761 0.08530569 0.02933007 -0.02089411 -0.01790809 0.05948626 0.06292271 0.07195079 0.04897975 0.01709693 -0.01766556 0.07715976 0.02519148 0.01501464 -0.008324682 0.09734338 -0.0715698 -0.05758297 0.06204742 0.04480373 0.06569546 0.02092045 0.08090615 -0.04753357 0.04271638 0.04818236 -0.01018762 0.08504766 -0.01789742 -0.003950119 0.09323018 0.04505878 -0.06558209 0.07908129 0.0144087 0.05948626 0.06292271 -0.01830744 0.0803557 0.02942717 -0.05001777 -0.04511237 0.08290809 0.09367704 0.00476545 -0.03245079 -0.04758894 -0.06523352 0.07768607 0.04584789 0.07212769 -0.0152871 -0.04830312 0.06569546 0.02092045 -0.09155523 0.02717763 0.006564736 -0.07545018 0.04897975 0.01709693 -0.09862411 -0.00246632 0.00761938 -0.05168175 -0.01018762 0.08504766 -0.04966562 -0.007288992 0.08123475 0.09512466 -0.00246632 0.00761938 0.08991855 -3.01117e-4 0.03923648 0.09422481 0.006674587 -0.008250951 -0.06957942 -0.05530041 0.06066018 0.09398508 -0.02465158 0.005210995 -0.08556669 0.02764618 -0.02284485 0.01407533 -0.06761533 0.08752745 -0.04797554 -0.04173117 0.07906013 -0.09696853 -0.02986413 0.01564961 0.08716791 -0.03412812 0.02909702 0.09133172 -0.03114676 0.01383841 -0.07068121 0.04921174 -0.0196315 -0.08605217 -0.04783117 0.04324072 -0.09373313 0.003979861 -0.03245586 -0.01757472 -0.06761538 0.08752745 0.01439803 -0.003950119 0.09323018 0.08865761 -0.03802782 0.02563428 -0.04855817 -0.06558209 0.07908129 -0.01767569 -0.0431199 0.0903294 -0.05080419 0.02303802 0.07506561 -0.01822447 0.08478587 -0.01398897 0.08255279 -0.04783117 0.04324072 0.08701765 0.01577782 0.02610319 -0.09792113 -0.01696002 -0.00505048 -0.09356588 -0.03004693 0.01526379 -0.0727716 0.04672074 0.0138269 0.0473048 0.02303802 0.07506561 -0.09385508 -0.03823482 0.02602064 -0.07427668 -0.01306384 0.06185621 0.09442168 -0.01696002 -0.00505048 -0.09135931 -0.03641968 0.02561873 -0.09438025 -0.0141685 0.01825195 0.07320111 0.01162075 0.05703735 -0.08830446 0.02557748 0.004057347 0.08895909 0.01124447 -0.02853184 -0.09245812 -0.02552735 0.02463483 0.07077729 -0.01306384 0.06185626 0.08673655 -5.88158e-4 0.03812539 0.09448617 -0.0225929 0.006307899 -0.0767005 0.01162075 0.05703735 0.09327149 0.002800583 -0.03321075 0.06989902 0.05152565 -0.01711332 -0.08738768 -0.01907843 0.0420891 -0.01772242 -0.07008451 0.08806633 -0.0905171 0.01577782 0.02610319 0.06807041 -0.05758297 0.06204742 -0.04751282 0.06917226 -0.01826006 0.0141763 -0.0431199 0.0903294 0.09176498 -0.003143548 0.007411837 0.08018428 -0.04595845 0.04252904 0.06664389 -0.05728244 0.06109482 0.09272944 -0.01737701 -0.0050022 0.01479446 -0.04810631 0.0945146 0.08509594 -0.03712618 0.04387086 0.08480507 0.02557748 0.004057347 0.06927222 0.04672074 0.0138269 -0.09677088 0.002800583 -0.03321075 0.09303647 -0.03100699 0.01404041 0.01416617 0.07715976 0.02519148 -0.01867944 0.0308969 0.08880436 0.01422303 -0.07008457 0.08806633 0.0922811 -0.02505713 0.005248725 -0.07236009 -0.05583631 0.06273442 0.09076225 0.005695879 -0.009228527 -0.09483152 -0.03114569 0.01383709 0.04616624 -0.007288992 0.08123475 0.09238874 0.01231646 -0.02773237 -0.08693534 -0.04642397 0.0437445 -0.09505242 0.002397239 -0.03323858 0.09346914 -0.02986413 0.01564961 0.09400033 -0.007093012 -0.01798427 0.08760559 -0.03700602 0.02632498 0.09155303 0.002397239 -0.03323858 -0.07562744 0.03350752 0.04140377 -0.09511423 -0.0152449 -0.004196286 -0.09653586 -0.03100699 0.01404041 0.09106224 -0.005425691 -0.01728725 0.08776837 -0.01943618 0.04357987 -0.05011743 0.06851011 0.02478504 0.07436764 -0.01403576 0.06467938 0.07212805 0.03350752 0.04140377 0.09161484 -0.0152449 -0.004196286 0.04817706 0.05198502 0.05688637 0.09015691 0.01682776 0.02696382 -0.09109377 -0.03418511 0.02750998 -0.01757365 0.08139157 -0.01722514 0.09449738 -0.004641234 -0.01739311 -0.09341794 -3.01117e-4 0.03923648 0.01472508 0.08478587 -0.01398897 -0.0782569 0.0352205 0.04279279 -0.09216433 -0.03800857 0.02561104 0.01471847 -0.06847923 0.09089392 0.04554438 -0.06364655 0.0800684 0.01480805 0.0803557 0.02942717 -0.07935845 0.01235789 0.05897247 -0.05256444 0.02405554 0.0776596 0.01407426 0.08139157 -0.01722514 -0.07469546 -0.04087269 0.06390905 -0.09584158 -0.0256536 0.02530431 -0.09775 -0.01382076 0.01851129 0.09425061 -0.01382076 0.01851129 0.09234219 -0.0256536 0.02530431 -0.09772419 0.006674587 -0.008250951 -0.05167651 0.05198502 0.05688637 0.07475751 0.0352205 0.04279279 0.09088087 -0.0141685 0.01825195 -0.09798562 -0.0225929 0.006307899 -0.07014328 -0.05728244 0.06109482 0.04368317 -0.06294727 0.07717686 -0.09245848 0.01124447 -0.02853184 -0.0936563 0.01682776 0.02696382 -0.08471691 -0.03668975 0.04229784 -0.09526443 -0.003143548 0.007411837 0.08206731 0.02764618 -0.02284485 0.09498339 -0.01447296 -0.00433892 -0.09848284 -0.01447296 -0.00433892 -0.01853537 0.06194847 0.06514018 -0.09426164 0.005695879 -0.009228527 0.09023374 0.003979861 -0.03245586 -0.09578257 -0.00750941 -0.01793903 -0.09458512 -0.02332955 0.006429195 -0.09799677 -0.004641234 -0.01739311 0.08388757 -0.01907861 0.04209184 -0.09578049 -0.02505713 0.005248725 -0.09622883 -0.01737701 -0.0050022 0.09228318 -0.00750941 -0.01793903 -0.09717643 0.00476545 -0.03245079 -0.08859533 -0.03712618 0.04387086 -0.01829385 -0.04810631 0.0945146 -0.09748446 -0.02465152 0.005210995 -0.0836907 -0.04594123 0.04250675 -0.08880507 0.02933007 -0.02089411</float_array>
          <technique_common>
            <accessor source="#bug_headlight_R_lid_animated-mesh-positions-array" count="827" stride="3">
              <param name="X" type="float"/>
              <param name="Y" type="float"/>
              <param name="Z" type="float"/>
            </accessor>
          </technique_common>
        </source>
        <source id="bug_headlight_R_lid_animated-mesh-normals">
          <float_array id="bug_headlight_R_lid_animated-mesh-normals-array" count="2481">-0.8135498 0.5764746 -0.07624924 -0.7542673 0.6517376 -0.07949316 -0.8162515 0.5700744 -0.09353482 -0.8123869 0.5827575 -0.02052205 -0.7470055 0.6622602 -0.05825996 -0.7376118 0.6751452 0.01038968 -0.6496824 0.7592447 -0.03821617 -0.6576447 0.7506389 -0.06359839 0.9809425 -0.07340055 0.1799004 0.9587821 -0.2284454 0.1689666 0.9816631 -0.1522647 0.1146872 0.9636411 -0.1107149 0.2431832 0.924591 -0.2698602 0.2688996 0.7996038 -0.5998935 0.02759891 0.8342709 -0.5484629 -0.05639761 0.8900873 -0.4470266 -0.08894824 -0.3510588 -0.1672248 0.9213001 -0.5030265 -0.2342357 0.8319243 -0.3554318 -0.2409546 0.9031108 -0.4964394 -0.1603506 0.8531328 -0.6319007 -0.2347653 0.7386385 -0.6056073 -0.5807403 0.5440408 -0.4892655 -0.5835154 0.6481736 -0.3484854 -0.5922881 0.726466 -0.6168062 -0.088925 0.7820758 -0.7372582 -0.02294284 0.6752215 -0.7344415 -0.1048806 0.6705191 -0.6164919 0.003467321 0.7873537 -0.7445953 0.09955316 0.6600508 -0.8444614 0.04791212 0.5334693 -0.8380282 -0.05307596 0.5430395 -0.8329513 -0.1202586 0.5401204 -0.9843881 0.08557832 -0.1538065 -0.942385 0.1156412 -0.3139071 -0.9593596 0.07770234 -0.2712776 -0.9876181 0.06354165 -0.1434329 -0.9753029 0.09383684 -0.1999474 -0.9793884 0.07450151 -0.1877444 -0.9663791 0.08331447 -0.2432494 -0.9311468 0.1031252 -0.3497585 0.8235894 -0.1739929 0.53984 0.8823614 -0.2722139 0.3838466 0.8859918 -0.167768 0.4322877 0.8250474 -0.260555 0.501406 0.7815058 -0.607166 0.1435206 0.9308096 -0.1487519 0.3338662 0.8493841 -0.1608324 -0.5026726 0.9337474 -0.2018964 -0.2955569 0.8530354 -0.314844 -0.416178 0.832357 -0.004916131 -0.5542181 0.9267262 -0.07555067 -0.3680635 0.9067313 0.0441876 -0.4193875 0.9756542 0.007192552 -0.219197 0.9839829 -0.07579308 -0.1613481 0.959482 -0.093948 0.2656466 0.9364022 -0.1221085 0.3289994 0.9713703 -0.08299046 0.2226036 0.9476384 -0.1086226 0.3003042 -0.6517909 -0.7572876 0.04104268 -0.7397147 -0.6728991 -0.005382895 -0.6401775 -0.7673366 -0.03697705 -0.6588851 -0.7490609 0.06912618 -0.7491595 -0.6595373 0.06140738 -0.7553468 -0.649784 0.08504176 -0.8149618 -0.5741526 0.07865244 -0.8138974 -0.5804494 0.02549058 -0.1851281 -0.2493195 0.9505616 -0.1823809 -0.6012499 0.7779691 -1.89353e-7 -0.2527891 0.9675214 2.78858e-7 -0.1795102 0.9837561 -0.1829411 -0.1758525 0.9672686 0.03203022 -0.8750082 -0.4830476 0.4126344 -0.8622466 -0.293707 0.008036017 -0.8754234 -0.4832903 0.5274616 -0.7705129 -0.3579026 0.4488446 -0.829334 -0.3327816 0.3575515 0.5664394 0.7424981 0.1822151 0.4066057 0.8952482 0.3537686 0.3827405 0.8534386 0.1828121 0.5961349 0.7817947 4.16564e-7 0.4152827 0.9096924 1.51374e-7 0.2164449 0.9762949 0.1819113 0.2104272 0.9605356 0.3488301 0.1948935 0.9166975 0.3584447 -0.5695413 -0.7396892 0.5104405 -0.6795251 -0.5269689 0.3612031 -0.7302075 -0.5799393 0.5081828 -0.5265513 -0.6815381 0.6367373 -0.6181089 -0.4609849 0.6327468 -0.7156424 -0.295783 0.5105407 -0.7861685 -0.3482635 0.3633186 -0.8458968 -0.390459 0 0.7666917 0.6420156 0.1883096 0.8731533 0.4496029 -4.50975e-7 0.8877641 0.4602989 1.48109e-7 0.6064754 0.7951024 0.184774 0.755012 0.6291387 0.3607583 0.7198477 0.59302 0.3639205 0.8317252 0.4192792 0.7344373 -0.1048321 0.6705312 0.8274722 -0.1561673 0.5393528 0.832942 -0.120166 0.5401554 0.6167776 -0.08896136 0.7820942 0.734886 -0.1483558 0.6617652 0.6209082 -0.138261 0.7715939 0.7365431 -0.1675312 0.6553149 -0.9959775 0.05899649 -0.06744092 -0.9847014 -0.05962157 -0.1637327 -0.9926044 0.06455057 -0.1028091 -0.9988137 0.037391 -0.03119719 -0.9901242 -0.05127966 -0.1304783 -0.8168895 -0.4416092 -0.3710429 -0.8060762 -0.4402449 -0.3955068 -0.792425 -0.4508538 -0.410845 0.6244027 -0.1603909 0.7644581 0.7424749 -0.2452169 0.6233777 0.6318926 -0.2349125 0.7385986 0.6961705 -0.586849 0.4134671 0.7527893 -0.5987258 0.2735617 -0.2060182 -0.8154819 -0.5408751 -0.6528881 -0.5948178 -0.4689658 -0.6702841 -0.6067625 -0.4272687 -0.1933138 -0.7862914 -0.5868353 -0.6477243 -0.5963618 -0.4741371 -0.9495474 -0.2330554 -0.209869 -0.9534241 -0.2178599 -0.2086136 -0.9612563 -0.2075647 -0.181393 0.9990612 -0.02833807 0.03276813 0.9903475 -0.1351001 -0.03098398 0.9972181 -0.06140226 0.04225897 0.994232 -0.1019656 -0.03325515 0.8128044 -0.4924834 -0.3111414 0.7953027 -0.5285863 -0.2968 0.9832476 -0.1755111 -0.04919594 0.9943385 -0.1027318 0.02715206 -3.42363e-7 -0.9549611 0.2967312 -0.03885775 -0.9737867 -0.22412 0 -0.9759927 -0.2178032 -6.72301e-7 -0.6052087 0.7960669 -0.123852 -0.9512636 0.2824153 -0.2340816 -0.941748 0.2414883 -0.07090026 -0.9675149 -0.2426687 -0.930809 -0.1487557 0.3338657 -0.959482 -0.09394901 0.2656463 -0.9636498 -0.1106749 0.2431674 -0.9476383 -0.1086212 0.3003049 -0.9364023 -0.1221123 0.3289978 -0.9713733 -0.08302909 0.2225763 -0.9809425 -0.07340157 0.1799002 -0.6382218 0.768691 0.04227596 -0.5258092 0.8503147 -0.02212643 -0.5170978 0.8531655 0.06869119 -0.3747891 0.9270376 -0.01160049 -0.37937 0.9241896 -0.04418122 -0.5321891 0.8450641 -0.05139642 -0.8113179 0.08937364 -0.5777333 -0.7294215 0.09275692 -0.6777467 -0.8137987 0.09533351 -0.5732743 -0.7271589 0.08908677 -0.6806641 -0.618638 0.09044027 -0.7804535 -0.6154627 0.09102827 -0.7828918 -0.7267821 0.1064707 -0.678566 -0.8131836 0.1193941 -0.5696293 -0.1842812 -0.2066619 -0.9609013 -0.3560678 -0.3853832 -0.8512906 -0.353677 -0.1853234 -0.9168249 2.71946e-7 -0.2141797 -0.9767944 -0.1832457 -0.411832 -0.8926452 2.8353e-7 -0.421337 -0.9069043 -0.1831116 -0.599691 -0.7789999 -0.3584448 -0.5695413 -0.7396892 -0.5272336 -0.8493729 0.02430385 -0.5180897 -0.8529928 -0.06313949 -0.3758333 -0.9265913 0.01334637 -0.3800818 -0.923678 0.04854655 -0.5331245 -0.8441646 0.05625504 -0.6170367 0.09096914 -0.7816587 -0.7081127 0.01047176 -0.7060218 -0.6008024 0.02175843 -0.7991014 -0.7901388 0.00203377 -0.6129248 -0.606176 -0.3970516 -0.6891304 -0.5368832 -0.3947122 -0.7456264 -0.4519952 -0.3859954 -0.8041816 -0.9125275 -0.0826658 0.4005747 -0.9045985 -0.124893 0.4075579 -0.9204651 -0.01024794 0.3906905 -0.9670792 -0.05936855 0.2474533 -0.9572798 -0.09679037 0.2724834 0.4520144 -0.3859545 -0.8041903 0.4774782 0.03606325 -0.8779033 0.3580669 -0.3719569 -0.8564088 0.6009387 0.02204084 -0.7989912 0.4901376 0.09683227 -0.8662497 0.3463203 0.1056981 -0.9321428 0.3371967 0.05120801 -0.9400406 0.2519106 -0.3587438 -0.8988015 0.511415 0.7730935 0.3752086 0.3665214 0.8985462 0.2414062 0.6343314 0.7035537 0.3203685 0.5131347 0.8322519 0.2098801 0.6340429 0.7544728 0.1695893 0.5172936 0.853056 0.068578 0.3694301 0.9250738 0.08809149 0.622823 0.141783 0.7694084 0.753197 0.2468437 0.6097233 0.6325853 0.3055415 0.7116743 0.7445953 0.09955292 0.6600509 0.8517556 0.1739652 0.4942151 0.8534191 0.3129265 0.4168367 0.7559577 0.4001403 0.5180886 0.6381202 0.4702259 0.6096639 0.1238353 -0.9512814 0.2823622 0.1823787 -0.6012459 0.7779727 0.0388391 -0.9737756 -0.2241711 0.07089728 -0.9675139 -0.2426739 0.2341269 -0.9417178 0.2415621 0.348484 -0.5922944 0.7264615 -0.9587852 -0.2284112 0.1689952 -0.9816623 -0.1522737 0.114681 -0.8342657 -0.5484705 -0.05640041 -0.7995804 -0.5999257 0.02757394 -0.9245909 -0.2698236 0.2689366 -0.7755227 -0.4684786 -0.4231932 -0.7643851 -0.4705405 -0.4408031 -0.9770315 -0.06894093 -0.2016351 -0.9675781 -0.0567612 -0.2461118 0.8749439 0.4824294 -0.04165589 0.9560192 0.2931172 -0.01047891 0.9380546 0.3431364 -0.04807472 0.8123871 0.5827574 -0.02052199 0.8907061 0.4537862 0.02685016 0.8182322 0.5703596 0.07201373 0.9087982 0.4004635 0.1171096 0.9711361 0.2345386 0.04343199 -0.2521447 -0.3583035 -0.8989114 -0.1200282 -0.792091 -0.5984857 -0.08127897 -0.7924962 -0.6044366 -0.3580156 -0.3721477 -0.8563475 -0.1606666 -0.7884835 -0.5937005 0.09052598 -0.9576128 -0.2734647 0.6060532 -0.3973099 -0.6890896 0.2950061 -0.748816 -0.5935031 0.6632025 -0.4015456 -0.6316041 -0.05350649 -0.9023455 -0.4276796 0.2513465 -0.7617468 -0.5971322 -0.02178263 -0.8822376 -0.4703004 0.3305124 -0.7529101 -0.5691117 0.7209679 -0.4108622 -0.5580303 0.726782 0.1064709 -0.6785661 0.8139143 0.09535491 -0.5731064 0.81335 0.1195929 -0.56935 0.6154469 0.09098798 -0.782909 0.7294215 0.09275662 -0.6777467 0.6186386 0.09043991 -0.7804531 0.7271589 0.08908659 -0.6806641 0.8116257 0.08916258 -0.5773336 0.3477132 -0.07324987 0.9347353 0.4934663 -0.1345863 0.859289 0.488869 -0.07786393 0.8688754 0.3501482 -0.1374443 0.9265556 0.4963828 -0.160487 0.8531401 -0.5081829 -0.526551 -0.6815381 -0.636763 -0.6180732 -0.4609973 -0.6382225 -0.4727233 -0.6076222 -0.5105224 -0.6794292 -0.5270133 -0.3612959 -0.7301247 -0.5799856 -0.5105321 -0.7861554 -0.3483054 -0.632747 -0.7156421 -0.2957831 -0.4902323 0.07910501 -0.8679947 -0.4921761 0.09133511 -0.8656908 -0.4901373 0.09683263 -0.8662499 -0.349514 0.09596461 -0.9320037 -0.3498541 0.07344514 -0.9339208 -0.8736241 0.09403234 -0.4774295 -0.8751872 0.0945062 -0.474464 -0.8788928 0.120953 -0.4614304 -0.9229502 0.09031933 -0.3741731 -0.9236615 0.1059209 -0.3682801 0.5006177 0.3494665 0.7919945 0.5072484 0.5240005 0.6841949 0.4917265 0.172616 0.8534687 -0.9944653 0.1009109 -0.02925598 -0.9620169 0.2703056 -0.03818911 -0.9843721 0.1760765 -0.0029338 -0.9804887 0.1917255 -0.04339808 -0.9158216 0.3956567 -0.06875091 -0.9015089 0.4263929 -0.07396513 -0.9471485 0.3194579 -0.02926552 -0.974838 0.2224258 0.01475834 -0.1827421 -0.07247191 0.9804862 -0.3463976 0.03605812 0.9373946 -0.3478045 -0.07322496 0.9347032 -1.99699e-7 -0.07273733 0.9973511 -0.1821179 0.04384726 0.9822986 -1.89457e-7 0.04693067 0.9988982 -0.1821925 0.210205 0.9605309 -0.3492157 0.194422 0.9166507 0.1832458 -0.4118318 -0.8926452 0.3561216 -0.3853127 -0.8513 0.1831119 -0.599691 -0.779 0.1842812 -0.2066622 -0.9609013 0.3535881 -0.1854788 -0.9168277 0.8135173 0.5765302 -0.07617563 0.8630859 0.4982658 -0.08254736 0.9158217 0.3956562 -0.06875127 0.8579473 0.5047357 -0.09575212 0.8162513 0.5700747 -0.09353518 0.1851158 -0.7657974 -0.6158625 -1.28333e-7 -0.9029226 -0.4298031 0.1878497 -0.8881759 -0.419352 0 -0.6101276 -0.7923032 0.7409818 0.620828 0.2559662 0.8296881 0.5255932 0.1880682 0.7360538 0.6658545 0.1219128 0.7376237 0.6751306 0.01048749 0.6381839 0.7687219 0.04228729 0.1902227 -0.9525607 -0.2375785 0.3658404 -0.9049305 -0.2173977 0.1929113 -0.9766578 -0.09447169 1.88214e-7 -0.9950987 -0.09888648 0 -0.9695488 -0.2448983 0.1821178 0.04384726 0.9822986 0.1828637 -0.07255607 0.9804573 0.3464301 0.03602087 0.937384 -0.4250269 -0.8955238 -0.131868 -0.6961722 -0.5868453 0.4134696 -0.7527169 -0.5987927 0.2736141 -0.419102 -0.9077814 -0.01692909 -0.08131432 -0.925639 -0.3695678 -0.3839101 -0.9188712 0.09104251 -0.3658406 -0.9049304 -0.2173978 -0.3633183 -0.8458969 -0.3904589 -0.3695837 -0.9255316 -0.08245736 -0.5121226 -0.8380731 -0.1880536 -0.6330846 -0.759428 -0.14991 -0.3251616 -0.7566139 -0.567279 -0.6638333 -0.4003741 -0.631685 -0.7184841 -0.4150543 -0.5581313 0.02209055 -0.8823134 -0.4701437 -0.294198 -0.7493977 -0.5931701 0.05354511 -0.9023619 -0.4276401 -0.2512853 -0.7617418 -0.5971642 0.4869168 0.02322578 0.8731396 0.6164319 0.003401517 0.787401 1.71827e-7 0.07264631 -0.9973579 0.1841084 -0.0243687 -0.9826039 -1.72495e-7 -0.02828741 -0.9995998 0.1842031 0.07241684 -0.9802169 0.3503456 -0.01239007 -0.9365386 0.3215665 -0.930172 0.1771302 0.4892802 -0.5834676 0.6482056 0.09452331 -0.9441706 -0.3156061 0.3839076 -0.9188725 0.09103977 0.6056066 -0.5807446 0.5440372 -0.1852369 -0.7655729 -0.6161051 0 -0.7778815 -0.6284111 -0.1878657 -0.8881358 -0.4194298 -0.3639204 0.8317252 0.4192792 -0.1908305 0.9457468 0.2629579 -0.3665213 0.8985462 0.2414062 -0.1883206 0.8731985 0.4495107 0 0.9626753 0.2706589 0 0.9944459 0.1052498 -0.1927847 0.9760594 0.1007081 -0.3693476 0.9251018 0.08814233 -0.6209723 -0.1381963 0.7715538 -0.4889023 -0.07783055 0.8688597 -0.6244808 -0.1602115 0.7644318 -0.4934969 -0.1345493 0.8592772 -0.350148 -0.1374441 0.9265558 0.9985947 0.03860849 -0.03630644 0.9843718 0.1760784 -0.002934455 0.9944705 0.1008635 -0.0292443 0.9663895 -0.2048113 -0.1553825 0.9967634 0.07976531 -0.01001024 0.9949029 0.1008185 0.002030789 0.974839 0.2224209 0.01475924 0.1200323 -0.7920879 -0.598489 0.08125007 -0.792525 -0.6044028 -0.09048658 -0.9576074 -0.2734965 0.1606649 -0.7884859 -0.5936976 0.3793701 0.9241896 -0.04418128 0.5257329 0.8503631 -0.02208507 0.5321566 0.8450863 -0.05136704 0.374789 0.9270375 -0.01160073 0.6496078 0.759309 -0.03820598 0.6576451 0.7506387 -0.06359863 0.5122632 -0.8380085 -0.1879582 0.6330173 -0.7594767 -0.1499482 0.5180248 -0.8530282 -0.06319344 0.3698406 -0.9254506 -0.08221399 -0.9560228 0.2931034 -0.01052755 -0.8749558 0.4824042 -0.04169714 -0.9380547 0.3431359 -0.04807579 -0.9711442 0.2345335 0.04328006 -0.8907155 0.4537705 0.02680367 -0.9087981 0.4004641 0.1171093 -0.8182405 0.5703539 0.07196468 -0.8296602 0.5256338 0.1880775 -0.7361518 0.6657569 0.1218539 -0.7409822 0.6208275 0.2559662 -0.6337893 0.7546473 0.1697606 -0.9989554 0.03871995 0.02426916 -0.9815835 0.160062 0.1042786 -0.9960051 0.08863854 -0.01081824 -0.999971 -0.0065099 -0.003965795 -0.9989141 -0.03647744 0.0289849 -0.9978402 -0.01144838 0.06468337 -0.9836692 0.07678437 0.1627854 -0.4919512 0.1723507 0.8533928 -0.4869309 0.02332472 0.873129 -0.6230399 0.1415329 0.7692788 0.4962775 -0.1534011 -0.8545038 0.3499152 0.0735082 -0.933893 0.4894916 0.007772982 -0.8719735 0.4902321 0.07910501 -0.8679949 0.6138896 0.03709447 -0.7885199 0.6233651 -0.1112435 -0.7739773 0.9989548 0.03870511 0.02431684 0.9960052 0.08863872 -0.01081776 0.9815834 0.1600623 0.1042788 0.9978184 -0.01141238 0.06502544 0.998914 -0.03648126 0.0289849 0.9999702 -0.00654906 -0.004106521 0.9992392 0.0255258 -0.02949172 0.8444611 0.04791247 0.5334697 0.9294337 0.08687067 0.3586176 0.9204592 -0.01020163 0.3907058 0.9772206 -5.33354e-5 0.212226 0.9836693 0.07678496 0.1627846 0.9333994 0.2013229 0.2970433 0.9900057 0.1367264 -0.03456449 0.980518 0.1915831 -0.04336535 0.9975369 0.05819362 -0.03916162 0.616733 0.09133082 -0.7818562 0.7080395 0.01037198 -0.7060967 0.5369081 -0.3946762 -0.7456276 0.7902426 0.001697361 -0.6127919 0.1960518 -0.7892981 -0.5818696 0.6621752 -0.6266556 -0.4108855 0.1930087 -0.7966451 -0.5728039 0.6619544 -0.6143567 -0.4293975 0.9570419 -0.2637744 -0.1203904 0.9529215 -0.2838485 -0.1066336 0.6467845 -0.6499175 -0.3990954 0.1792305 -0.8100652 -0.558275 0.8165557 -0.5689643 0.09755235 0.8637807 -0.4970791 0.08243435 0.8578425 -0.5049476 0.09557288 0.8149777 -0.5741254 0.07868641 0.8755278 -0.4810119 0.04559201 0.9382438 -0.3423967 0.04963111 0.9163898 -0.3951364 0.06400662 0.9021205 -0.4262655 0.06690526 1.20403e-7 0.1169443 -0.9931386 -0.1756696 0.06277585 -0.9824456 -1.74905e-7 0.06701111 -0.9977523 -0.1808825 0.1135604 -0.9769266 -0.337194 0.05116105 -0.9400441 -0.1310356 -0.3483005 -0.9281791 -2.10672e-7 -0.3449028 -0.9386385 0.3494806 0.09605109 -0.9320073 0.4921467 0.0913695 -0.8657039 -0.9889865 -0.05866903 0.1358816 -0.9935078 -0.06036674 0.09642821 -0.9922725 -0.08818298 0.08728754 -0.9957781 -0.06581443 0.06398797 -0.9340318 -0.342917 -0.09996259 -0.8900812 -0.4470377 -0.08895492 -0.9535325 0.08115446 -0.2901549 -0.9611443 0.09854739 -0.2578566 0.08916997 -0.8626592 -0.4978634 -0.2861765 -0.7812131 -0.5548055 0.1462101 -0.8352285 -0.5301095 -0.3046805 -0.7891492 -0.5333042 -0.2814866 -0.7673823 -0.5760987 0.6588851 -0.7490608 0.06912654 0.7491596 -0.6595369 0.06140792 0.7553465 -0.6497843 0.08504092 0.651651 -0.7574079 0.04104071 0.7397897 -0.6728182 -0.005179345 0.8138667 -0.5804956 0.02541643 -0.4144623 -0.8810003 -0.2281654 -0.7814932 -0.6071901 0.1434874 -0.4126388 -0.8622449 -0.2937056 -0.006902933 -0.8751783 -0.4837514 0.9752432 -0.2195873 -0.02611875 0.9691247 -0.2333005 -0.07980096 0.9563126 -0.2743211 -0.1010655 0.9845678 -0.1749178 -0.005491495 0.7657071 -0.5733559 -0.2914715 0.723944 -0.6188432 -0.3048579 0.1756755 0.0627287 -0.9824476 0.1310339 -0.3483067 -0.928177 0.1807906 0.113663 -0.9769317 -0.1841078 -0.02436882 -0.982604 -0.3501623 -0.01269733 -0.9366031 -0.1842028 0.07241696 -0.9802169 -0.3262742 -0.7783576 -0.5363812 -0.7535334 -0.4468765 -0.4821712 -0.09447568 -0.9441689 -0.3156254 -0.3215373 -0.9301891 0.1770936 0.1831222 0.1018253 -0.9778026 1.5253e-7 0.1041749 -0.9945591 0.5033348 -0.3473919 -0.7911846 0.6337354 -0.2987735 -0.7135223 0.6382461 -0.4726859 -0.6076266 0 0.9992275 -0.03930014 -0.1953921 0.9807091 -0.005631804 0 0.9999936 -0.003591179 -0.1980298 0.979351 -0.04069185 0.4144591 -0.8810015 -0.2281667 0.4250682 -0.8955272 -0.1317126 -0.8530752 -0.3147674 -0.416154 -0.9252058 -0.3204627 -0.2032189 -0.9337647 -0.2018097 -0.2955612 -0.8269428 -0.5364795 -0.1683909 -0.8428327 -0.4475144 -0.2989382 -0.90684 -0.4093419 -0.1004027 -0.9817057 -0.1633097 -0.09789705 -0.9839829 -0.07579469 -0.1613475 -0.1908159 -0.7778103 -0.5988327 -0.654175 -0.6050457 -0.4538445 -0.1938023 -0.7829645 -0.591107 -0.6619538 -0.6143573 -0.4293977 -0.9554349 -0.2547022 -0.1492348 -0.9516144 -0.2460082 -0.1841467 0.9926974 0.0640347 -0.1022332 0.9781968 -0.06738692 -0.1964436 0.9848294 -0.05961281 -0.1629645 0.9882485 0.06126344 -0.1400426 0.9731479 -0.04103434 -0.2264938 0.7779919 -0.4546573 -0.4336074 0.778832 -0.4656007 -0.4202817 0.7928422 -0.4505656 -0.4103561 0.8167111 -0.5743182 -0.05605173 0.6400034 -0.7674799 -0.03701949 0.7352922 -0.6697274 -0.1039742 0.7385457 -0.6323475 -0.2338523 0.8269585 -0.5364679 -0.1683502 -0.5033347 -0.347392 -0.7911847 -0.4963456 -0.1532864 -0.8544849 -0.6337353 -0.298774 -0.7135221 -0.6233655 -0.1112435 -0.7739771 -0.4488358 -0.8293372 -0.3327857 -0.5274173 -0.7705313 -0.357928 -0.02994531 -0.8747766 -0.4836005 0.726036 0.07149881 -0.6839296 0.8152645 0.1024654 -0.5699515 0.739297 -0.05909317 -0.6707816 0.1908121 -0.7778125 -0.5988309 0.6541723 -0.6050469 -0.4538468 0.1938073 -0.7829598 -0.5911115 0.6477277 -0.5963566 -0.4741387 0.9516432 -0.245923 -0.1841117 0.9554342 -0.254702 -0.1492394 0.7654876 -0.4249964 -0.4831221 0.9127643 0.00999397 -0.4083645 0.9632979 0.03023028 -0.2667271 0.9772008 0.08364439 -0.1951469 0.9822799 0.07341593 -0.1724421 0.9695888 0.1140958 -0.2165172 0.9517558 0.1166841 -0.2838061 0.9242405 0.1118255 -0.365068 0.9593423 0.07775801 -0.2713229 0.9924092 0.05722039 -0.1088561 0.9844095 0.08529841 -0.1538254 0.9959772 0.05899935 -0.06744235 0.9978043 0.01350975 -0.06483918 -0.755456 -0.4024516 -0.5170289 -0.7523475 -0.2358429 -0.6151029 -0.8493843 -0.160833 -0.502672 -0.7392973 -0.05909323 -0.6707813 0.9068633 -0.4093096 -0.1003224 0.9702031 -0.2400735 -0.03272253 0.889086 -0.4575428 -0.01344317 0.9549831 -0.2960202 0.01947975 -0.9943384 -0.1027323 0.02715164 -0.9632546 -0.2668609 0.0304296 -0.9845612 -0.1749557 -0.005470037 -0.9809193 -0.1895359 0.04328465 -0.916403 -0.3951016 0.06403368 -0.9021087 -0.4262965 0.06686931 -0.949089 -0.3144806 0.01822191 -0.975243 -0.2195876 -0.02612292 0.9752714 0.09330147 -0.2003517 0.9666817 0.07695335 -0.2441405 0.9422708 0.1170054 -0.3137447 0.9318677 0.1068887 -0.346695 -0.6138895 0.03709465 -0.78852 -0.8323563 -0.004916012 -0.5542192 -0.7260241 0.07145738 -0.6839465 -0.8152295 0.1023752 -0.5700178 -0.9067286 0.04412376 -0.4194 -0.975656 0.007145643 -0.2191903 -0.9267263 -0.07555145 -0.3680629 0.9973334 -0.0610553 0.03998196 0.9986934 -0.05040246 0.008435606 0.9964065 -0.05662173 0.06299227 0.9957746 -0.06582766 0.06402975 0.7523471 -0.2358425 -0.6151034 0.7554558 -0.4024514 -0.5170293 0.9612645 -0.2075406 -0.1813772 0.6834013 -0.6227918 -0.3809111 0.67035 -0.6067122 -0.4272369 0.2239156 -0.8435009 -0.4882295 0.2360077 -0.8520045 -0.4673207 0.6814303 -0.6338413 -0.3659207 0.9640852 -0.2173137 -0.1526911 0.7469858 0.6622906 -0.05816859 0.7542671 0.6517378 -0.07949346 0.8866388 0.1204292 -0.4465069 0.8796442 0.1225114 -0.4595835 0.04137325 -0.7914619 -0.6098167 -2.59911e-7 -0.7909821 -0.6118392 0.925208 -0.3204344 -0.2032538 0.8428444 -0.4474778 -0.2989602 0.981712 -0.1632983 -0.09785395 0.4190523 -0.907804 -0.01694393 0.08126914 -0.9256498 -0.3695507 0.3800818 -0.9236781 0.04854708 0.5272336 -0.8493729 0.02430403 0.5331535 -0.8441442 0.0562855 0.3758329 -0.9265914 0.01334625 -0.1831219 0.1018252 -0.9778027 -0.3467038 0.1053797 -0.9320363 -0.970177 -0.2402232 -0.03239452 -0.9990174 -0.03895658 -0.02113801 -0.9957137 -0.09093892 0.01686853 -0.999973 0.00563848 0.004717171 -0.9978045 0.01350826 -0.06483817 -0.853681 -0.00134164 -0.5207946 -0.9094682 -3.67254e-5 -0.4157736 -0.205708 -0.7783672 -0.5931518 -0.2860397 -0.7663458 -0.5752351 -0.823107 -0.4511855 -0.3448572 -0.8214876 -0.4675983 -0.3263587 -0.2863824 -0.7633339 -0.5790567 -0.2839916 -0.7608398 -0.5834996 0.1831377 -0.1755648 0.9672836 1.37227e-7 -0.1455358 0.9893531 0.3511555 -0.166891 0.9213237 0.1834328 -0.1428373 0.9725996 0.8940235 -0.1479614 0.4228825 0.9045575 -0.124898 0.4076473 -0.8890867 -0.4575415 -0.01344352 -0.8167207 -0.5743088 -0.05600774 -0.8755288 -0.4810103 0.04559195 -0.9549884 -0.2960005 0.0195204 -0.7351058 -0.6699264 -0.1040102 -0.7385462 -0.6323469 -0.2338524 -0.6834117 -0.6227823 -0.3809077 -0.9663923 -0.2048003 -0.1553795 -0.6814166 -0.6338532 -0.3659256 -0.2360545 -0.8519923 -0.4673196 -0.2239174 -0.8435008 -0.4882289 0.9340301 -0.342921 -0.09996539 0.6040022 -0.6995613 -0.3818317 -0.1902225 -0.9525606 -0.2375789 -0.1929113 -0.9766578 -0.09447169 -0.3575516 0.5664391 0.7424983 -0.1820639 0.4067413 0.8952175 -0.1828495 0.5961034 0.7818099 -0.3537687 0.3827404 0.8534386 -0.04137349 -0.7914607 -0.6098183 -0.2809674 -0.7609291 -0.5848456 -0.742473 -0.2451736 0.623397 -0.825045 -0.2605644 0.5014051 -0.7364476 -0.1678645 0.655337 -0.8236016 -0.1739436 0.5398373 -0.938244 -0.3423961 0.04963052 -0.9896139 -0.1379564 0.04040479 -0.9972182 -0.0614013 0.04225963 -0.9990631 -0.02831727 0.03272676 0.288624 -0.7806363 -0.5543496 0.2816482 -0.767359 -0.576051 0.3140988 -0.7858442 -0.5327203 -0.08776223 -0.8626886 -0.4980625 -0.1459417 -0.8352708 -0.5301167 -0.179225 -0.8100598 -0.5582845 -0.4894917 0.007772862 -0.8719734 0.962017 0.2703051 -0.03818929 0.9471477 0.3194599 -0.02926814 0.9015092 0.4263924 -0.07396519 -0.882362 -0.2722108 0.3838473 -0.8860016 -0.1677199 0.4322863 0.2532783 -0.8457707 -0.4695979 0.273249 -0.8125359 -0.5148986 0.2262732 -0.8613534 -0.4548307 0.9889862 -0.05867117 0.1358825 0.9922724 -0.08818233 0.08728963 0.9935079 -0.06036603 0.09642702 0.20616 -0.8154455 -0.540876 0.6526292 -0.5950692 -0.4690073 0.1933634 -0.7862782 -0.5868366 0.9534485 -0.217782 -0.2085834 0.9495483 -0.2330526 -0.209868 -0.950237 -0.0189594 -0.3109505 -0.723944 -0.6188432 -0.3048578 -0.2532399 -0.8457683 -0.4696227 -0.7656971 -0.5733456 -0.2915183 -0.2262715 -0.8613528 -0.4548326 -0.273107 -0.8125759 -0.5149106 -0.7953044 -0.5285841 -0.2967996 0.7485207 -0.5414131 -0.382869 0.8214922 -0.4675906 -0.326358 0.9955685 -0.07498133 -0.05675572 0.8231057 -0.4511867 -0.3448588 0.999973 0.005638718 0.004717469 0.9940297 -0.05720466 -0.09291225 0.8168255 -0.4417043 -0.3710709 -0.9529231 -0.2838444 -0.1066301 -0.6040068 -0.699559 -0.3818287 -0.9903417 -0.1351402 -0.03099381 -0.9942315 -0.1019707 -0.03325468 -0.9832407 -0.1755211 -0.04929631 -0.812808 -0.492479 -0.3111392 0.9125279 -0.08266574 0.4005737 0.8380279 -0.05307608 0.5430397 0.9572797 -0.09679085 0.2724836 0.9670792 -0.05937016 0.2474532 -0.5132869 0.8321876 0.2097626 -0.6343317 0.7035537 0.3203679 -0.5114148 0.7730935 0.3752085 0.7372984 -0.02308022 0.675173 -0.748521 -0.5414128 -0.3828691 -0.9940304 -0.05720138 -0.09290689 -0.9955687 -0.07498174 -0.05675262 0.5100142 0.6698405 0.5396288 0.6371645 0.608634 0.472849 0.9254726 0.3136335 0.2124487 0.8439944 0.4385266 0.3088167 0.957166 0.05534696 -0.2842008 0.9244989 0.08163708 -0.37234 0 -0.9999895 0.004598081 0.1955599 -0.9806685 0.006760478 0.1983764 -0.9791002 0.04483014 -1.80662e-7 -0.9990524 0.0435267 0.9985495 0.01161628 -0.05257409 0.998764 -0.01177108 -0.04829066 -0.9294335 0.08686947 0.3586182 -0.9334093 0.2012722 0.2970464 -0.9772216 -2.29571e-6 0.2122216 -0.8517559 0.1739649 0.4942148 -0.8534194 0.3129262 0.4168366 0.1953921 0.980709 -0.005631804 0.1979506 0.9793694 -0.04063367 0.1925769 0.9760857 0.100852 -0.7497726 0.5319443 0.3935434 -0.8439947 0.4385265 0.3088163 -0.7559826 0.4000956 0.5180869 -0.6380927 0.4702689 0.6096597 -0.6371367 0.6086741 0.472835 0.3387023 -0.7716636 -0.5383458 0.1851266 -0.2493155 0.950563 0.3554319 -0.2409563 0.9031104 0.5030313 -0.2341845 0.8319358 0.1908306 0.9457468 0.2629578 -0.6324707 0.3057072 0.711705 -0.7531121 0.2469557 0.6097828 -0.5073091 0.5239199 0.6842116 -0.5006173 0.3494669 0.7919945 -0.1955602 -0.9806684 0.006760537 -0.1983419 -0.9791085 0.04480171 -0.7348865 -0.1483559 0.6617646 -0.8274723 -0.1561684 0.5393527 -0.9796047 -0.08498585 0.182077 -0.986734 -0.07703232 0.1429052 -0.9964065 -0.05662125 0.06299346 -0.9930818 -0.05266338 0.1049532 0.993077 -0.05265784 0.1050015 0.9867342 -0.07703071 0.142906 0.9796045 -0.08498567 0.1820784 -0.9900056 0.1367272 -0.03456503 -0.997534 0.05824255 -0.03916513 -0.9992381 0.0255745 -0.02948051 -0.509984 0.6698775 0.5396115 -0.360758 0.7198479 0.5930199 0.7497726 0.5319438 0.393544 -0.9924094 0.05721932 -0.1088558 -0.9973334 -0.06105524 0.03998154 -0.9986935 -0.05040192 0.008437216 -0.9570263 -0.2638242 -0.1204063 0.2057088 -0.7783682 -0.59315 -0.4774766 0.03605908 -0.8779042 0.9632665 -0.266819 0.03042167 0.9809103 -0.1895807 0.04329383 0.9490889 -0.3144806 0.01822686 -0.9254726 0.3136339 0.2124482 0.8765667 0.09361892 -0.4720875 0.8747199 0.09381079 -0.4754625 0.9988137 0.03739178 -0.03119647 0.999017 -0.03894251 -0.02118235 0.9957137 -0.09093767 0.01686912 -0.8578028 -0.5050352 0.09546709 -0.8637674 -0.4971079 0.08240038 -0.8165562 -0.5689636 0.09755331 0.999147 -0.03322368 -0.02452564 -0.9991471 -0.03322333 -0.02452421 -0.9987655 -0.01172465 -0.04827177 -0.1851189 0.7547687 0.6293293 0.9896309 -0.1378641 0.04030191 -0.9691359 -0.233255 -0.07979822 -0.9563118 -0.2743248 -0.1010639 0.2823806 -0.7803717 -0.5579259 0.2860885 -0.7663328 -0.5752282 0.9901243 -0.05128061 -0.1304771 0.8060574 -0.4402353 -0.3955557 -0.998546 0.01170122 -0.05262345 -0.9985945 0.03861379 -0.03630417 -0.8865643 0.1198473 -0.4468115 0.2839875 -0.7608397 -0.5835016 0.2813377 -0.7606927 -0.5849751 -0.1930633 -0.796635 -0.5727995 -0.1958983 -0.7893317 -0.5818758 0.2862835 -0.7633664 -0.5790629 -0.2823829 -0.7803722 -0.557924 -0.9967575 0.07979685 -0.01034814 -0.9949017 0.1008289 0.002035081 -0.8940228 -0.1479631 0.4228831 -0.1834324 -0.1428371 0.9725997 -0.6622146 -0.6266258 -0.4108672 -0.6467851 -0.6499162 -0.3990964 0.8537781 -0.004030168 -0.5206214 -0.8630856 0.4982664 -0.08254694 -0.8580114 0.5046163 -0.09580636 -0.9640829 -0.2173191 -0.1526983</float_array>
          <technique_common>
            <accessor source="#bug_headlight_R_lid_animated-mesh-normals-array" count="827" stride="3">
              <param name="X" type="float"/>
              <param name="Y" type="float"/>
              <param name="Z" type="float"/>
            </accessor>
          </technique_common>
        </source>
        <source id="bug_headlight_R_lid_animated-mesh-map-0">
          <float_array id="bug_headlight_R_lid_animated-mesh-map-0-array" count="9576">0.1226705 0.1275964 0.1177086 0.135832 0.1152512 0.1286094 0.1282463 0.1261242 0.1247515 0.1328065 0.1226705 0.1275964 0.1304992 0.1299081 0.1280246 0.1379629 0.1247515 0.1328065 0.1247515 0.1328065 0.120166 0.1430545 0.1177086 0.135832 0.1641395 0.1091542 0.1633024 0.1089224 0.1643394 0.1088419 0.1632497 0.1091468 0.162103 0.1090515 0.1633024 0.1089224 0.1633024 0.1089224 0.162073 0.1089242 0.1633248 0.1087887 0.1643394 0.1088419 0.1633248 0.1087887 0.1644047 0.1086795 0.1468229 0.1111117 0.1452072 0.1106114 0.1468271 0.1105066 0.1451615 0.1111997 0.1436176 0.1107028 0.1452072 0.1106114 0.1452072 0.1106114 0.1436408 0.1105375 0.145219 0.1104422 0.1468271 0.1105066 0.145219 0.1104422 0.1468289 0.1103352 0.1430498 0.1140937 0.1409531 0.1153517 0.1412914 0.1138118 0.1427902 0.1158227 0.1405611 0.1169648 0.1409531 0.1153517 0.1409531 0.1153517 0.1388818 0.1161694 0.1393307 0.1147486 0.1412914 0.1138118 0.1393307 0.1147486 0.139713 0.1134074 0.1646298 0.1060476 0.1628872 0.1058921 0.1634188 0.1048963 0.1646298 0.1060476 0.1647147 0.1073916 0.1639528 0.1066988 0.1639528 0.1066988 0.1639565 0.1077002 0.1633967 0.1072698 0.1628872 0.1058921 0.1633967 0.1072698 0.1624788 0.1067996 0.1595195 0.1097807 0.1607394 0.1092084 0.160928 0.10953 0.1592933 0.1093765 0.1606816 0.1090759 0.1607394 0.1092084 0.1607394 0.1092084 0.162073 0.1089242 0.162103 0.1090515 0.160928 0.10953 0.162103 0.1090515 0.1621974 0.1093011 0.1375455 0.1034899 0.1351454 0.1035525 0.1365504 0.10205 0.1383273 0.1048676 0.1362004 0.1047223 0.1375455 0.1034899 0.1370252 0.1058843 0.1349973 0.1061713 0.1362004 0.1047223 0.1362004 0.1047223 0.1338817 0.1053173 0.1351454 0.1035525 0.1621974 0.1093011 0.1631669 0.1094661 0.16244 0.1097533 0.163695 0.109696 0.1632497 0.1091468 0.1641395 0.1091541 0.1629154 0.1103634 0.1631669 0.1094661 0.163695 0.109696 0.1702587 0.08166271 0.1687219 0.08913075 0.1656691 0.08582049 0.1765241 0.07716357 0.1735655 0.08627647 0.1702587 0.08166271 0.1792149 0.08344417 0.1758469 0.09101086 0.1735655 0.08627647 0.1735655 0.08627647 0.1710665 0.09268534 0.1687219 0.08913075 0.1468289 0.1103352 0.1484177 0.1103962 0.1468271 0.1105066 0.1484112 0.1102231 0.1499848 0.1102787 0.1484177 0.1103962 0.1484177 0.1103962 0.1500334 0.1109 0.1484435 0.1110132 0.1468271 0.1105066 0.1484435 0.1110132 0.1468229 0.1111117 0.1633172 0.1085529 0.1620514 0.1088183 0.162028 0.1087028 0.1633172 0.1085529 0.1644216 0.1085546 0.1633279 0.1086748 0.1633279 0.1086748 0.1644047 0.1086795 0.1633248 0.1087887 0.1620514 0.1088183 0.1633248 0.1087887 0.162073 0.1089242 0.1555345 0.1223906 0.1528415 0.1205548 0.1549416 0.1200302 0.1532393 0.1230087 0.1508105 0.1208252 0.1528415 0.1205548 0.1528415 0.1205548 0.1506296 0.1185159 0.1525183 0.1182798 0.1549416 0.1200302 0.1525183 0.1182798 0.1544751 0.1178457 0.1446402 0.09743344 0.1414523 0.09590607 0.143929 0.09487438 0.1423667 0.09829002 0.1390855 0.0972501 0.1414523 0.09590607 0.1414523 0.09590607 0.1373625 0.09475326 0.1399645 0.09300571 0.143929 0.09487438 0.1399645 0.09300571 0.1427743 0.09166014 0.1512278 0.1261515 0.1545005 0.1291472 0.1514971 0.1295892 0.1510058 0.1233176 0.1537595 0.1257943 0.1512278 0.1261515 0.1532394 0.1230087 0.1563284 0.1250616 0.1537595 0.1257943 0.1537595 0.1257943 0.1574901 0.1282193 0.1545005 0.1291472 0.1591219 0.1124162 0.1600088 0.1106248 0.1606182 0.111771 0.1574288 0.1129683 0.1585287 0.1110466 0.1591219 0.1124162 0.1569156 0.1114086 0.1580556 0.1100234 0.1585287 0.1110466 0.1585287 0.1110466 0.1595195 0.1097807 0.1600088 0.1106248 0.1665112 0.1066984 0.1659239 0.107605 0.165524 0.1070495 0.1677051 0.1063278 0.1669186 0.1074093 0.1665112 0.1066984 0.1669186 0.1074093 0.1681364 0.1075517 0.1669797 0.107726 0.1669186 0.1074093 0.1660263 0.1078693 0.1659239 0.107605 0.1565198 0.1102448 0.1578391 0.1095442 0.1580556 0.1100234 0.1563401 0.1097076 0.1577802 0.1093927 0.1578391 0.1095442 0.1578391 0.1095442 0.1592293 0.1092346 0.1592934 0.1093765 0.1580556 0.1100234 0.1592934 0.1093765 0.1595195 0.1097807 0.1232423 0.1110669 0.125997 0.1112781 0.123202 0.1113651 0.1260421 0.1110141 0.1283509 0.1111867 0.125997 0.1112781 0.125997 0.1112781 0.1282613 0.1114354 0.1259024 0.1115648 0.123202 0.1113651 0.1259024 0.1115648 0.1231204 0.1116852 0.1284778 0.1087904 0.1258913 0.1098406 0.1260259 0.1086745 0.1282635 0.1099305 0.1259899 0.1103528 0.1258913 0.1098406 0.1258913 0.1098406 0.1232038 0.1103205 0.1231166 0.109775 0.1260259 0.1086745 0.1231166 0.109775 0.1231757 0.1086494 0.149964 0.1100137 0.1484034 0.1100382 0.1499568 0.1099214 0.1499712 0.1101052 0.1484079 0.1101311 0.149964 0.1100137 0.1484112 0.1102231 0.1468298 0.1102424 0.1484079 0.1101311 0.1484079 0.1101311 0.1468285 0.1101483 0.1484034 0.1100382 0.137769 0.1112134 0.136837 0.1115276 0.1367056 0.1112251 0.137225 0.1123747 0.136837 0.1115276 0.1375997 0.1116979 0.1367056 0.1112251 0.136351 0.1118368 0.1358276 0.1113708 0.1335452 0.133463 0.1329442 0.1427164 0.1280246 0.1379629 0.1375288 0.1365802 0.1389659 0.1465474 0.1329442 0.1427164 0.1329442 0.1427164 0.1343217 0.1564962 0.1272438 0.1497753 0.1280246 0.1379629 0.1272438 0.1497753 0.120166 0.1430545 0.1593118 0.1082 0.1581096 0.1070716 0.1595947 0.1072195 0.1578539 0.1082681 0.1565163 0.1069546 0.1581096 0.1070716 0.1581096 0.1070716 0.1567321 0.1051999 0.1584147 0.1055265 0.1595947 0.1072195 0.1584147 0.1055265 0.1599388 0.1059155 0.1511009 0.1009727 0.1531072 0.09904682 0.1530367 0.1010805 0.149262 0.1010366 0.1510488 0.09889113 0.1511009 0.1009727 0.1490985 0.09894597 0.1510365 0.09655052 0.1510488 0.09889113 0.1510488 0.09889113 0.1532675 0.09675878 0.1531072 0.09904682 0.1656691 0.08582049 0.1655421 0.07748335 0.1702587 0.08166271 0.1617674 0.08294165 0.1598963 0.0741589 0.1655421 0.07748335 0.1655421 0.07748335 0.1635247 0.06594067 0.1700244 0.07155215 0.1702587 0.08166271 0.1700244 0.07155215 0.1765241 0.07716357 0.156333 0.1083399 0.15773 0.1088182 0.156244 0.1089712 0.1578539 0.1082681 0.1591745 0.1086568 0.15773 0.1088182 0.15773 0.1088182 0.1591392 0.108809 0.157699 0.1089828 0.156244 0.1089712 0.157699 0.1089828 0.1562224 0.1091468 0.139713 0.1134074 0.1379445 0.1140392 0.138355 0.1129138 0.1393307 0.1147486 0.1374334 0.1152576 0.1379445 0.1140392 0.1379445 0.1140392 0.136141 0.1141778 0.1367505 0.1132262 0.138355 0.1129138 0.1367505 0.1132262 0.137225 0.1123747 0.1436467 0.1101305 0.1451734 0.1098639 0.1452131 0.1100435 0.143598 0.1099604 0.1450204 0.1091827 0.1451734 0.1098639 0.1451734 0.1098639 0.1466637 0.1090232 0.1467818 0.1097568 0.1452131 0.1100435 0.1467818 0.1097568 0.1468124 0.1099429 0.1604372 0.1267393 0.1592674 0.1321269 0.1574901 0.1282193 0.1631346 0.1248221 0.1627188 0.1300947 0.1604372 0.1267393 0.1657273 0.1275188 0.1663827 0.1343179 0.1627188 0.1300947 0.1627188 0.1300947 0.1621405 0.1373545 0.1592674 0.1321269 0.1585433 0.1163709 0.1611562 0.1170341 0.159278 0.1182041 0.1603338 0.1154167 0.1627473 0.1157597 0.1611562 0.1170341 0.1611562 0.1170341 0.1638715 0.1172169 0.1622025 0.1187703 0.159278 0.1182041 0.1622025 0.1187703 0.1602075 0.1201927 0.1499712 0.1101052 0.1515195 0.1098877 0.1515306 0.1099791 0.1499641 0.1100137 0.1515095 0.1097952 0.1515195 0.1098877 0.1515195 0.1098877 0.1530823 0.1096591 0.1530956 0.1097523 0.1515306 0.1099791 0.1530956 0.1097523 0.1531109 0.1098438 0.1358276 0.1113708 0.1366186 0.1110115 0.1367056 0.1112251 0.1355816 0.1110935 0.1365758 0.110883 0.1366186 0.1110115 0.1366186 0.1110115 0.1378331 0.1108217 0.1378234 0.1109521 0.1367056 0.1112251 0.1378234 0.1109521 0.137769 0.1112134 0.1652057 0.1079967 0.1659239 0.107605 0.1660263 0.1078693 0.164338 0.1081264 0.1650821 0.1077877 0.1652057 0.1079967 0.164229 0.1079648 0.1647147 0.1073916 0.1650821 0.1077877 0.1650821 0.1077877 0.165524 0.1070495 0.1659239 0.107605 0.175004 0.1185076 0.1724656 0.115054 0.175788 0.114737 0.1739209 0.1225458 0.1713139 0.1183182 0.175004 0.1185076 0.1699024 0.1215294 0.1686557 0.1176674 0.1713139 0.1183182 0.1713139 0.1183182 0.1698793 0.1149034 0.1724656 0.115054 0.1530662 0.1094537 0.1546663 0.1094098 0.1530715 0.109557 0.1546617 0.1093046 0.1562262 0.1092546 0.1546663 0.1094098 0.1562262 0.1092546 0.1546796 0.1095138 0.1546663 0.1094098 0.1546663 0.1094098 0.1530823 0.1096591 0.1530715 0.109557 0.1407126 0.1102507 0.1392651 0.1104143 0.1392503 0.1102936 0.1407256 0.1104806 0.1392651 0.1104143 0.1407281 0.1103641 0.1392627 0.1105394 0.137843 0.1104616 0.1392651 0.1104143 0.1392503 0.1102936 0.137843 0.1104616 0.1378261 0.1103286 0.1409182 0.1068955 0.1400156 0.1087516 0.1394731 0.107517 0.1425296 0.1063111 0.1414597 0.1083743 0.1409182 0.1068955 0.1430156 0.1080108 0.1418982 0.1095163 0.1414597 0.1083743 0.1414597 0.1083743 0.1404474 0.1096761 0.1400156 0.1087516 0.1537508 0.1137353 0.1551936 0.1116949 0.1555979 0.1134014 0.1534533 0.1119248 0.1548925 0.1104385 0.1551936 0.1116949 0.1551936 0.1116949 0.1565198 0.1102448 0.1569156 0.1114086 0.1555979 0.1134014 0.1569156 0.1114086 0.1574288 0.1129683 0.1556463 0.09725159 0.1587259 0.0957145 0.1579944 0.09799683 0.1532675 0.09675878 0.1561791 0.09475463 0.1556463 0.09725159 0.1535723 0.0941205 0.1571981 0.09165865 0.1561791 0.09475463 0.1561791 0.09475463 0.1600399 0.09298056 0.1587259 0.0957145 0.1565163 0.1069546 0.1549068 0.1049599 0.1567322 0.1051999 0.156333 0.1083399 0.1548073 0.1068855 0.1565163 0.1069546 0.1547182 0.1084241 0.153067 0.1068733 0.1548073 0.1068855 0.1549068 0.1049599 0.153067 0.1068733 0.1530531 0.1048242 0.1595947 0.1072195 0.1607328 0.1081265 0.1593118 0.1082 0.1599387 0.1059155 0.1609762 0.1073793 0.1595947 0.1072195 0.1613048 0.106344 0.1621583 0.1075323 0.1609762 0.1073793 0.1609762 0.1073793 0.1620278 0.1080457 0.1607328 0.1081265 0.1602075 0.1201927 0.1571446 0.119227 0.159278 0.1182041 0.1579191 0.1214287 0.1549416 0.1200302 0.1571446 0.119227 0.1571446 0.119227 0.1544751 0.1178457 0.1565345 0.1171968 0.159278 0.1182041 0.1565345 0.1171968 0.1585433 0.1163709 0.123261 0.1133581 0.1205323 0.1153632 0.120157 0.1132979 0.1240284 0.1155995 0.1210646 0.1184452 0.1205323 0.1153632 0.1205323 0.1153632 0.1166434 0.1169734 0.1168168 0.1148277 0.120157 0.1132979 0.1168168 0.1148277 0.1169901 0.112682 0.1485804 0.1142612 0.1467818 0.1163133 0.1468024 0.1142792 0.1502895 0.1141719 0.1486613 0.1163638 0.1485804 0.1142612 0.1504553 0.1162891 0.1487273 0.1185767 0.1486613 0.1163638 0.1486613 0.1163638 0.1467267 0.1184524 0.1467818 0.1163133 0.1446402 0.09743338 0.1471633 0.099195 0.1451541 0.09966886 0.1468117 0.09688085 0.1490985 0.09894597 0.1471633 0.099195 0.1471633 0.099195 0.149262 0.1010366 0.1474354 0.1012594 0.1451541 0.09966886 0.1474354 0.1012594 0.1455398 0.1016669 0.175004 0.1185076 0.1796557 0.1231316 0.1739209 0.1225458 0.175788 0.114737 0.1799071 0.1181452 0.175004 0.1185076 0.179817 0.1138458 0.185546 0.1173406 0.1799071 0.1181452 0.1799071 0.1181452 0.187139 0.1229764 0.1796557 0.1231316 0.1427743 0.09166014 0.1463401 0.094222 0.143929 0.09487438 0.148431 0.09040731 0.1463401 0.094222 0.1456023 0.09081453 0.1463401 0.094222 0.148915 0.09659969 0.1468117 0.09688085 0.143929 0.09487438 0.1468117 0.09688085 0.1446402 0.09743338 0.1653835 0.1226153 0.1657273 0.1275188 0.1631346 0.1248221 0.1671978 0.1202136 0.1680923 0.1246245 0.1653835 0.1226153 0.1699024 0.1215294 0.1722854 0.1266333 0.1680923 0.1246245 0.1680923 0.1246245 0.1698312 0.1306185 0.1657273 0.1275188 0.1427743 0.09166014 0.1444428 0.08625113 0.1456023 0.09081453 0.1409159 0.08747172 0.1427735 0.08042162 0.1444428 0.08625113 0.1444428 0.08625113 0.1475828 0.07955092 0.1480613 0.08567655 0.1456023 0.09081453 0.1480613 0.08567655 0.148431 0.09040731 0.1502895 0.1141719 0.152239 0.1160837 0.1504553 0.1162891 0.1519917 0.1139942 0.1540878 0.1157414 0.152239 0.1160837 0.152239 0.1160837 0.1544751 0.1178457 0.1525183 0.1182798 0.1504553 0.1162891 0.1525183 0.1182798 0.1506296 0.1185159 0.1407107 0.1105856 0.1421459 0.1106157 0.1406899 0.1106852 0.1407256 0.1104806 0.1421632 0.1105192 0.1407107 0.1105856 0.1421757 0.1104187 0.1436524 0.1104428 0.1421632 0.1105192 0.1421632 0.1105192 0.1436408 0.1105375 0.1421459 0.1106157 0.1553987 0.08634006 0.1571981 0.09165865 0.1542136 0.09076601 0.1572628 0.08079934 0.1590059 0.08770763 0.1553987 0.08634006 0.1617674 0.08294165 0.1622977 0.08964508 0.1590059 0.08770763 0.1590059 0.08770763 0.1600399 0.09298056 0.1571981 0.09165865 0.1620056 0.1085706 0.1605889 0.1086241 0.1619895 0.1084409 0.1620056 0.1085706 0.1606166 0.1088683 0.1605945 0.1087451 0.1605945 0.1087451 0.1591622 0.1090381 0.1591416 0.1089234 0.1605945 0.1087451 0.1591392 0.108809 0.1605889 0.1086241 0.1574288 0.1129683 0.1560359 0.1152579 0.1555979 0.1134014 0.1585433 0.1163709 0.1560359 0.1152579 0.1579542 0.1146356 0.1565345 0.1171968 0.1540878 0.1157414 0.1560359 0.1152579 0.1555979 0.1134014 0.1540878 0.1157414 0.1537508 0.1137353 0.1495633 0.1048892 0.1476495 0.1031368 0.1494103 0.1029334 0.1478554 0.1050716 0.1458323 0.1034922 0.1476495 0.1031368 0.1476495 0.1031368 0.1455398 0.1016669 0.1474354 0.1012594 0.1494103 0.1029334 0.1474354 0.1012594 0.149262 0.1010366 0.1531109 0.1098438 0.1546974 0.1096077 0.1547178 0.1096993 0.1530956 0.1097523 0.1546796 0.1095138 0.1546974 0.1096077 0.1546974 0.1096077 0.1562423 0.109361 0.1562653 0.1094562 0.1547178 0.1096993 0.1562653 0.1094562 0.1562914 0.1095479 0.148431 0.09040731 0.1510893 0.09385073 0.1487039 0.09389901 0.1542136 0.09076601 0.1510893 0.09385073 0.1512886 0.09037005 0.1535723 0.0941205 0.1510365 0.09655052 0.1510893 0.09385073 0.1510893 0.09385073 0.148915 0.09659969 0.1487039 0.09389901 0.1453637 0.1291697 0.1480313 0.1340171 0.1442168 0.1333068 0.1484616 0.1296204 0.1518452 0.1340296 0.1480313 0.1340171 0.1480313 0.1340171 0.1523379 0.1403148 0.1472058 0.1401734 0.1442168 0.1333068 0.1472058 0.1401734 0.142193 0.1389188 0.143314 0.1124729 0.1449259 0.1142367 0.1430498 0.1140937 0.1435236 0.1112615 0.1450595 0.1124878 0.143314 0.1124729 0.1451615 0.1111997 0.1468145 0.1124443 0.1450595 0.1124878 0.1450595 0.1124878 0.1468024 0.1142792 0.1449259 0.1142367 0.1768909 0.1079761 0.1799126 0.1086225 0.1768569 0.1091645 0.1768909 0.1079761 0.1797733 0.1070944 0.1798743 0.1075757 0.1797733 0.1070944 0.1829515 0.107065 0.1798743 0.1075757 0.1798743 0.1075757 0.1829438 0.1075221 0.1799126 0.1086225 0.1468124 0.1099429 0.1452248 0.1101483 0.1452131 0.1100435 0.1468285 0.1101483 0.1452248 0.1101483 0.1468232 0.1100457 0.1452279 0.110253 0.1436597 0.1102375 0.1452248 0.1101483 0.1452131 0.1100435 0.1436597 0.1102375 0.1436467 0.1101305 0.1726543 0.1534878 0.1718664 0.1396636 0.1785959 0.1457467 0.1665166 0.1443861 0.1663827 0.1343179 0.1718664 0.1396636 0.1718664 0.1396636 0.1698312 0.1306185 0.1759838 0.1342024 0.1785959 0.1457467 0.1759838 0.1342024 0.1845375 0.1380056 0.1373624 0.09475326 0.1375647 0.08938312 0.1399645 0.09300571 0.1346135 0.09180855 0.1340962 0.08510333 0.1375647 0.08938312 0.1375647 0.08938312 0.1382138 0.08228737 0.1409159 0.08747172 0.1399645 0.09300571 0.1409159 0.08747172 0.1427743 0.09166014 0.1285175 0.1184947 0.126547 0.1223027 0.1251849 0.1186986 0.1310498 0.1179435 0.1301639 0.1215409 0.1285175 0.1184947 0.1326892 0.1204841 0.1320587 0.124494 0.1301639 0.1215409 0.1301639 0.1215409 0.1282463 0.1261242 0.126547 0.1223027 0.1345262 0.1227728 0.1343294 0.1272701 0.1320587 0.124494 0.1366928 0.1248631 0.1371169 0.1297611 0.1343294 0.1272701 0.1343294 0.1272701 0.1335451 0.133463 0.1304992 0.1299081 0.1320587 0.124494 0.1304992 0.1299081 0.1282463 0.1261242 0.1310498 0.1179435 0.131429 0.1147282 0.1328957 0.117112 0.1295526 0.1152207 0.1303858 0.1127271 0.131429 0.1147282 0.131429 0.1147282 0.1318553 0.1124463 0.132861 0.1141434 0.1328957 0.117112 0.132861 0.1141434 0.134256 0.1161386 0.1467818 0.1163133 0.1449259 0.1142367 0.1468023 0.1142792 0.1467818 0.1163133 0.1445913 0.1181319 0.1447821 0.1161388 0.1447821 0.1161388 0.1424784 0.1176288 0.1427902 0.1158227 0.1447821 0.1161388 0.1430498 0.1140937 0.1449259 0.1142367 0.1458323 0.1034922 0.1435405 0.1022787 0.1455398 0.1016669 0.1461057 0.1053677 0.1439315 0.1040161 0.1458323 0.1034922 0.1442956 0.10579 0.1420757 0.1046712 0.1439315 0.1040161 0.1439315 0.1040161 0.1415871 0.1030488 0.1435405 0.1022787 0.1698793 0.1149034 0.1690045 0.1117873 0.170934 0.111982 0.1679272 0.1143693 0.1674996 0.1114324 0.1690045 0.1117873 0.1690045 0.1117873 0.1682285 0.1096002 0.1697233 0.1096491 0.170934 0.111982 0.1697233 0.1096491 0.1716161 0.109624 0.1618688 0.1143696 0.1640746 0.1143876 0.1627473 0.1157597 0.1631577 0.1132435 0.1652287 0.1128113 0.1640746 0.1143876 0.1640746 0.1143876 0.1664325 0.1136195 0.1652442 0.115544 0.1627473 0.1157597 0.1652442 0.115544 0.1638715 0.1172169 0.175788 0.114737 0.1734302 0.111904 0.1764478 0.1114969 0.1724656 0.115054 0.170934 0.111982 0.1734302 0.111904 0.1734302 0.111904 0.1716161 0.109624 0.174032 0.1094771 0.1764478 0.1114969 0.174032 0.1094771 0.1768569 0.1091645 0.1434119 0.1093506 0.1421061 0.1100404 0.1418982 0.1095163 0.143598 0.1099604 0.1421623 0.1101982 0.1421061 0.1100404 0.1421061 0.1100404 0.1407126 0.1102507 0.140654 0.1101059 0.1418982 0.1095163 0.140654 0.1101059 0.1404474 0.1096761 0.1681897 0.1079984 0.1671162 0.1082862 0.1670557 0.1081295 0.1682571 0.1081703 0.1671864 0.1084548 0.1671162 0.1082862 0.1671162 0.1082862 0.1662024 0.1085334 0.1661661 0.1083787 0.1670557 0.1081295 0.1661661 0.1083787 0.1661197 0.1082339 0.1152512 0.09493219 0.1207885 0.09995019 0.1160407 0.1002041 0.1214379 0.09526234 0.1251568 0.1000314 0.1207885 0.09995019 0.1207885 0.09995019 0.1242355 0.1035897 0.1205168 0.103996 0.1160407 0.1002041 0.1205168 0.103996 0.1168302 0.1054759 0.1498654 0.1087527 0.1514869 0.1094008 0.149926 0.1095273 0.1514549 0.1086325 0.1530676 0.1092652 0.1514869 0.1094008 0.1514869 0.1094008 0.1530662 0.1094537 0.1514941 0.1095916 0.149926 0.1095273 0.1514941 0.1095916 0.1499409 0.1097182 0.1450204 0.1091827 0.1464105 0.107394 0.1466637 0.1090232 0.1434119 0.1093506 0.1446932 0.1076767 0.1450204 0.1091827 0.1430156 0.1080108 0.1442956 0.10579 0.1446932 0.1076767 0.1464105 0.107394 0.1442956 0.10579 0.1461057 0.1053677 0.1350035 0.1116113 0.1355816 0.1110935 0.1358276 0.1113708 0.1341191 0.1118906 0.1346668 0.1112015 0.1350035 0.1116113 0.1337541 0.1113224 0.1345731 0.1110077 0.1346668 0.1112015 0.1346668 0.1112015 0.1354919 0.1109431 0.1355816 0.1110935 0.1620278 0.1080457 0.1629422 0.1076344 0.1631 0.1079322 0.1624789 0.1067996 0.1629422 0.1076344 0.1621583 0.1075323 0.1631 0.1079322 0.1633967 0.1072698 0.1639565 0.1077002 0.1644146 0.1084265 0.1652621 0.1081694 0.1652976 0.108326 0.1643896 0.1082794 0.1652057 0.1079967 0.1652621 0.1081694 0.1652621 0.1081694 0.1660263 0.1078693 0.1660739 0.1080652 0.1652976 0.108326 0.1660739 0.1080652 0.1661197 0.1082339 0.118619 0.08168554 0.1229571 0.0902301 0.1169351 0.08830887 0.1255081 0.08515816 0.1281863 0.09229809 0.1229571 0.0902301 0.1229571 0.0902301 0.1264218 0.09617435 0.1214379 0.09526234 0.1169351 0.08830887 0.1214379 0.09526234 0.1152512 0.09493219 0.1406899 0.1106852 0.1392495 0.1106509 0.1407107 0.1105856 0.1392309 0.1107546 0.1378381 0.1107137 0.1392495 0.1106509 0.1392495 0.1106509 0.1378431 0.110596 0.1392627 0.1105394 0.1407107 0.1105856 0.1392627 0.1105394 0.1407256 0.1104806 0.1170676 0.109408 0.1200959 0.1097868 0.1169592 0.1098834 0.1201339 0.1087865 0.1231165 0.109775 0.1200959 0.1097868 0.1231165 0.109775 0.1201163 0.1103213 0.1200959 0.1097868 0.1169592 0.1098834 0.1201163 0.1103213 0.1168507 0.1103587 0.1468124 0.1099429 0.1483644 0.1096451 0.148387 0.1098346 0.1467818 0.1097568 0.1482766 0.1088811 0.1483644 0.1096451 0.1483644 0.1096451 0.1498654 0.1087527 0.149926 0.1095273 0.148387 0.1098346 0.149926 0.1095273 0.149941 0.1097182 0.1530367 0.1010805 0.1511812 0.1028605 0.1511009 0.1009727 0.1530316 0.102929 0.1512786 0.1048038 0.1511812 0.1028605 0.1511812 0.1028605 0.1495632 0.1048892 0.1494103 0.1029334 0.1511009 0.1009727 0.1494103 0.1029334 0.149262 0.1010366 0.1643381 0.1081264 0.1632953 0.1084132 0.1632607 0.1082738 0.1643896 0.1082794 0.1633172 0.1085529 0.1632953 0.1084132 0.1632953 0.1084132 0.162028 0.1087028 0.1620056 0.1085706 0.1632607 0.1082738 0.1620056 0.1085706 0.1619895 0.1084409 0.1436524 0.1104428 0.145219 0.1104422 0.1436408 0.1105375 0.1436602 0.1103452 0.1452249 0.1103487 0.1436524 0.1104428 0.1452279 0.110253 0.1468298 0.1102424 0.1452249 0.1103487 0.1452249 0.1103487 0.1468289 0.1103352 0.145219 0.1104422 0.1466637 0.1090232 0.1480858 0.1071798 0.1482766 0.1088811 0.1461057 0.1053677 0.1480858 0.1071798 0.1464105 0.107394 0.1478554 0.1050716 0.1497304 0.107026 0.1480858 0.1071798 0.1482766 0.1088811 0.1497304 0.107026 0.1498654 0.1087527 0.1455398 0.1016669 0.143033 0.1003906 0.1451541 0.09966886 0.1435405 0.1022787 0.1409642 0.1013067 0.143033 0.1003906 0.143033 0.1003906 0.1401629 0.09939128 0.1423667 0.09829002 0.1451541 0.09966886 0.1423667 0.09829002 0.1446402 0.09743344 0.1539715 0.1611462 0.1458554 0.1486871 0.1530327 0.1491764 0.1441466 0.1588212 0.1389659 0.1465474 0.1458554 0.1486871 0.1458554 0.1486871 0.142193 0.1389188 0.1472058 0.1401734 0.1530327 0.1491764 0.1472058 0.1401734 0.1523379 0.1403148 0.162028 0.1087028 0.160647 0.1089763 0.1606166 0.1088683 0.1620514 0.1088183 0.1606816 0.1090759 0.160647 0.1089763 0.160647 0.1089763 0.1592293 0.1092346 0.1591932 0.1091395 0.1606166 0.1088683 0.1591932 0.1091395 0.1591622 0.1090381 0.161976 0.1000615 0.1647683 0.09995675 0.1635974 0.1013272 0.1646951 0.09652715 0.1647683 0.09995675 0.1630197 0.09836232 0.1665745 0.0986014 0.1664038 0.1018483 0.1647683 0.09995675 0.1635974 0.1013272 0.1664038 0.1018483 0.1651197 0.1028742 0.1283941 0.1109587 0.1301845 0.1111068 0.1283509 0.1111867 0.130226 0.1109064 0.1316046 0.1110376 0.1301845 0.1111068 0.1301845 0.1111068 0.1315376 0.1112342 0.1301035 0.1113258 0.1283509 0.1111867 0.1301035 0.1113258 0.1282613 0.1114354 0.1341332 0.1095044 0.1346788 0.1101649 0.133824 0.1101156 0.1349716 0.1097173 0.1354975 0.1102032 0.1346788 0.1101649 0.1346788 0.1101649 0.1354586 0.1103832 0.1345934 0.1103917 0.133824 0.1101156 0.1345934 0.1103917 0.1337633 0.1103932 0.1281863 0.09229815 0.1303896 0.09746962 0.1264218 0.09617435 0.1306884 0.08855348 0.132252 0.09454041 0.1281863 0.09229815 0.1346135 0.09180855 0.135151 0.09677457 0.132252 0.09454041 0.132252 0.09454041 0.1333144 0.09898048 0.1303896 0.09746962 0.1530367 0.1010805 0.1553146 0.09943002 0.1551069 0.1013739 0.1531072 0.09904688 0.1556463 0.09725153 0.1553146 0.09943002 0.1553146 0.09943002 0.1579944 0.09799683 0.1575006 0.1000133 0.1551069 0.1013739 0.1575006 0.1000133 0.1571561 0.1018308 0.1365758 0.110883 0.1378381 0.1107137 0.1378331 0.1108217 0.1354919 0.1109431 0.136555 0.110771 0.1365758 0.110883 0.1354559 0.1108224 0.1365467 0.1106489 0.136555 0.110771 0.1378381 0.1107137 0.1365467 0.1106489 0.1378431 0.110596 0.1425296 0.1063111 0.1404032 0.1054112 0.1420757 0.1046712 0.1409182 0.1068955 0.1389349 0.1062075 0.1404032 0.1054112 0.1404032 0.1054112 0.1383273 0.1048676 0.1398413 0.1039216 0.1420757 0.1046712 0.1398413 0.1039216 0.1415871 0.1030488 0.1714149 0.1075934 0.16967 0.1080179 0.1695978 0.1078265 0.1714931 0.1078117 0.1697839 0.1082215 0.16967 0.1080179 0.16967 0.1080179 0.1683537 0.108354 0.1682571 0.1081703 0.1695978 0.1078265 0.1682571 0.1081703 0.1681897 0.1079984 0.136527 0.1103581 0.13779 0.1101962 0.1378261 0.1103286 0.1354586 0.1103832 0.1364714 0.1101977 0.136527 0.1103581 0.1361889 0.1100337 0.1354974 0.1102032 0.1356505 0.1099099 0.1364308 0.1100655 0.1364714 0.1101977 0.1361889 0.1100337 0.13779 0.1101962 0.1367343 0.1100451 0.1377249 0.1099555 0.1358772 0.1070509 0.1338917 0.1078624 0.1349973 0.1061713 0.1341331 0.1095044 0.1338917 0.1078624 0.1348605 0.108376 0.1331014 0.1093113 0.1327006 0.1073753 0.1338917 0.1078624 0.1338917 0.1078624 0.1338817 0.1053173 0.1349973 0.1061713 0.1601174 0.09894824 0.1575006 0.1000133 0.1579944 0.09799683 0.161976 0.1000615 0.1594796 0.1007598 0.1601174 0.09894824 0.161217 0.1016383 0.1590163 0.1024215 0.1594796 0.1007598 0.1594796 0.1007598 0.1571561 0.1018308 0.1575006 0.1000133 0.1317798 0.1013219 0.1303896 0.09746962 0.1333144 0.09898048 0.1304444 0.1038715 0.128881 0.1005095 0.1317798 0.1013219 0.127641 0.1035638 0.1251568 0.1000314 0.128881 0.1005095 0.128881 0.1005095 0.1264218 0.09617435 0.1303896 0.09746962 0.1762093 0.1045016 0.1787902 0.1022997 0.1792342 0.1041643 0.1755042 0.1024863 0.1781122 0.0994932 0.1787902 0.1022997 0.1787902 0.1022997 0.1819822 0.1003822 0.1821703 0.1023418 0.1792342 0.1041643 0.1821703 0.1023418 0.1823585 0.1043015 0.1356505 0.1099099 0.1356226 0.108917 0.1361929 0.1094151 0.1349716 0.1097173 0.1348605 0.108376 0.1356226 0.108917 0.1348605 0.108376 0.136555 0.1079536 0.1356226 0.108917 0.1356226 0.108917 0.1370795 0.1087962 0.1361929 0.1094151 0.1590163 0.1024215 0.1569256 0.1035094 0.1571561 0.1018308 0.1606589 0.1031205 0.1586927 0.1039803 0.1590163 0.1024215 0.1602669 0.1045383 0.1584147 0.1055265 0.1586927 0.1039803 0.1586927 0.1039803 0.1567322 0.1051999 0.1569256 0.1035094 0.1621031 0.1039223 0.1641508 0.1038909 0.1634188 0.1048963 0.1606589 0.1031205 0.1627372 0.1026464 0.1621031 0.1039223 0.161217 0.1016383 0.1635974 0.1013272 0.1627372 0.1026464 0.1627372 0.1026464 0.1651197 0.1028742 0.1641508 0.1038909 0.1683537 0.108354 0.167218 0.1087445 0.1671864 0.1084548 0.1682285 0.1096002 0.167218 0.1087445 0.1684362 0.1086794 0.1669738 0.1095169 0.1661792 0.1087848 0.167218 0.1087445 0.167218 0.1087445 0.1662024 0.1085334 0.1671864 0.1084548 0.1375455 0.1034899 0.1398413 0.1039216 0.1383273 0.1048676 0.1365504 0.10205 0.1391251 0.1023519 0.1375455 0.1034899 0.1382135 0.1006613 0.1409642 0.1013067 0.1391251 0.1023519 0.1391251 0.1023519 0.1415871 0.1030488 0.1398413 0.1039216 0.1767356 0.1074908 0.1796824 0.1067713 0.1797733 0.1070944 0.1766052 0.1071875 0.17961 0.1064615 0.1796824 0.1067713 0.1796824 0.1067713 0.1828724 0.1060262 0.1829159 0.1063171 0.1797733 0.1070944 0.1829159 0.1063171 0.1829593 0.1066079 0.1845375 0.1380056 0.1784124 0.1286004 0.1858382 0.130491 0.1759838 0.1342024 0.1722854 0.1266333 0.1784124 0.1286004 0.1784124 0.1286004 0.1739209 0.1225458 0.1796557 0.1231316 0.1858382 0.130491 0.1796557 0.1231316 0.187139 0.1229764 0.1394731 0.107517 0.1376597 0.1070459 0.1389349 0.1062075 0.1381875 0.1081543 0.136555 0.1079536 0.1376597 0.1070459 0.1376597 0.1070459 0.1358772 0.1070509 0.1370252 0.1058843 0.1389349 0.1062075 0.1370252 0.1058843 0.1383273 0.1048676 0.148387 0.1098346 0.1468232 0.1100457 0.1468124 0.1099429 0.1499409 0.1097182 0.1483964 0.1099365 0.148387 0.1098346 0.1499489 0.10982 0.1484034 0.1100382 0.1483964 0.1099365 0.1468232 0.1100457 0.1484034 0.1100382 0.1468285 0.1101483 0.1365504 0.10205 0.1337753 0.1023803 0.135255 0.1005334 0.1351454 0.1035525 0.1324533 0.1045033 0.1337753 0.1023803 0.1324533 0.1045033 0.1317798 0.1013219 0.1337753 0.1023803 0.1337753 0.1023803 0.1333144 0.09898048 0.135255 0.1005334 0.1591622 0.1090381 0.157748 0.1093 0.1577201 0.1092027 0.1591932 0.1091395 0.1577802 0.1093927 0.157748 0.1093 0.157748 0.1093 0.1562914 0.1095479 0.1562653 0.1094562 0.1577201 0.1092027 0.1562653 0.1094562 0.1562424 0.109361 0.1297203 0.06858009 0.1295191 0.08029681 0.1241697 0.07513284 0.1345808 0.07613599 0.1340962 0.08510333 0.1295191 0.08029681 0.1295191 0.08029681 0.1306884 0.08855348 0.1255081 0.08515816 0.1241697 0.07513284 0.1255081 0.08515816 0.118619 0.08168554 0.1530531 0.1048242 0.1513788 0.1069222 0.1512786 0.1048038 0.1530701 0.1085221 0.1513788 0.1069222 0.153067 0.1068733 0.1514549 0.1086325 0.1497304 0.107026 0.1513788 0.1069222 0.1512786 0.1048038 0.1497304 0.107026 0.1495632 0.1048892 0.1682895 0.1009123 0.1679859 0.1040437 0.1664037 0.1018483 0.1698735 0.1034049 0.1691426 0.10592 0.1679859 0.1040437 0.1679859 0.1040437 0.1677051 0.1063278 0.1666058 0.1047236 0.1664037 0.1018483 0.1666058 0.1047236 0.1651197 0.1028742 0.1619895 0.1084409 0.1606175 0.1084837 0.1619895 0.1083088 0.1605889 0.1086241 0.1591745 0.1086568 0.1606175 0.1084837 0.1606175 0.1084837 0.1593118 0.1082 0.1607328 0.1081265 0.1619895 0.1083088 0.1607328 0.1081265 0.1620278 0.1080457 0.1577202 0.1092027 0.1591416 0.1089234 0.1591622 0.1090381 0.1562424 0.109361 0.1577015 0.1090932 0.1577202 0.1092027 0.1577015 0.1090932 0.1562224 0.1091468 0.157699 0.1089828 0.1591416 0.1089234 0.157699 0.1089828 0.1591392 0.108809 0.1713676 0.1073369 0.1695572 0.1073287 0.1713749 0.1070253 0.1713676 0.1073369 0.1695978 0.1078265 0.1695526 0.1076018 0.1695526 0.1076018 0.1681897 0.1079984 0.1681433 0.1077964 0.1695526 0.1076018 0.1681364 0.1075517 0.1695572 0.1073287 0.1516215 0.1107647 0.1501408 0.1122729 0.1500334 0.1109 0.1532377 0.1106098 0.151776 0.1121198 0.1516215 0.1107647 0.1534533 0.1119248 0.1519917 0.1139942 0.151776 0.1121198 0.151776 0.1121198 0.1502895 0.1141719 0.1501408 0.1122729 0.1621974 0.1093011 0.161336 0.1101747 0.1609279 0.1095301 0.16244 0.1097533 0.1618828 0.111072 0.161336 0.1101747 0.161336 0.1101747 0.1606182 0.1117711 0.1600088 0.1106248 0.1609279 0.1095301 0.1600088 0.1106248 0.1595195 0.1097807 0.1710665 0.09268534 0.1693111 0.0973488 0.1673491 0.0945807 0.1729146 0.09629839 0.17101 0.1001728 0.1693111 0.0973488 0.1693111 0.0973488 0.1682895 0.1009123 0.1665745 0.0986014 0.1673491 0.0945807 0.1665745 0.0986014 0.1646951 0.09652715 0.1656691 0.08582049 0.1650546 0.0919767 0.1622977 0.08964508 0.1687219 0.08913075 0.1673491 0.0945807 0.1650546 0.0919767 0.1650546 0.0919767 0.1646951 0.09652715 0.1625384 0.09463363 0.1622977 0.08964508 0.1625384 0.09463363 0.1600399 0.09298056 0.1231204 0.1116852 0.1200963 0.1114326 0.123202 0.1113651 0.1200568 0.111766 0.1168303 0.1114867 0.1200963 0.1114326 0.1200963 0.1114326 0.1168279 0.1111925 0.1201196 0.1111151 0.123202 0.1113651 0.1201196 0.1111151 0.1232423 0.1110669 0.1644216 0.1085546 0.1653219 0.1086008 0.1644047 0.1086794 0.1644146 0.1084265 0.165321 0.1084615 0.1644216 0.1085546 0.165321 0.1084615 0.1661197 0.1082339 0.1661661 0.1083787 0.165321 0.1084615 0.1662024 0.1085334 0.1653219 0.1086008 0.1542136 0.09076601 0.1517252 0.08568209 0.1553987 0.08634006 0.1512886 0.09037005 0.1480613 0.08567655 0.1517252 0.08568209 0.1517252 0.08568209 0.1475828 0.07955092 0.1524688 0.07966428 0.1553987 0.08634006 0.1524688 0.07966428 0.1572628 0.08079928 0.1463878 0.1231071 0.1487621 0.1208742 0.1487513 0.1233602 0.146606 0.120683 0.1487273 0.1185767 0.1487621 0.1208742 0.1487621 0.1208742 0.1506296 0.1185159 0.1508105 0.1208252 0.1487513 0.1233602 0.1508105 0.1208252 0.1510058 0.1233176 0.1515096 0.1097952 0.1530716 0.109557 0.1530822 0.1096591 0.1515096 0.1097952 0.1499489 0.10982 0.1515006 0.1096938 0.1515006 0.1096938 0.1499409 0.1097182 0.1514941 0.1095916 0.1530716 0.109557 0.1514941 0.1095916 0.1530662 0.1094537 0.1681433 0.1077964 0.1669797 0.107726 0.1681364 0.1075517 0.1681433 0.1077964 0.1670557 0.1081295 0.1670073 0.1079457 0.1670073 0.1079457 0.1661197 0.1082339 0.1660739 0.1080652 0.1669797 0.107726 0.1660739 0.1080652 0.1660263 0.1078693 0.1406899 0.1106851 0.1421113 0.1107746 0.1406487 0.1108353 0.1421459 0.1106157 0.1436175 0.1107028 0.1421113 0.1107746 0.1421113 0.1107746 0.1435236 0.1112615 0.1419721 0.1112817 0.1406487 0.1108353 0.1419721 0.1112817 0.1404883 0.1112699 0.174377 0.09966951 0.1724454 0.1028712 0.17101 0.1001728 0.1755042 0.1024863 0.1733986 0.1049693 0.1724454 0.1028712 0.1724454 0.1028712 0.1709953 0.1054649 0.1698735 0.1034049 0.17101 0.1001728 0.1698735 0.1034049 0.1682895 0.1009123 0.1337633 0.1103932 0.1345652 0.1105719 0.1337465 0.1105945 0.1345934 0.1103917 0.1354431 0.1105452 0.1345652 0.1105719 0.1345652 0.1105719 0.1354429 0.1106948 0.1345545 0.1107323 0.1337465 0.1105945 0.1345545 0.1107323 0.1337273 0.1107684 0.1571561 0.1018308 0.1549907 0.1031509 0.1551069 0.1013739 0.1569256 0.1035094 0.1549068 0.1049599 0.1549907 0.1031509 0.1549907 0.1031509 0.1530531 0.1048242 0.1530316 0.102929 0.1551069 0.1013739 0.1530316 0.102929 0.1530367 0.1010805 0.1768569 0.1091645 0.179863 0.1107201 0.1764478 0.1114969 0.1799126 0.1086225 0.1834484 0.1096135 0.179863 0.1107201 0.179863 0.1107201 0.183953 0.111705 0.179817 0.1138458 0.1764478 0.1114969 0.179817 0.1138458 0.175788 0.114737 0.1406487 0.1108353 0.1392309 0.1107546 0.1406899 0.1106852 0.1404883 0.1112698 0.1391944 0.1108945 0.1406487 0.1108353 0.1390583 0.1112417 0.1378234 0.1109521 0.1391944 0.1108945 0.1391944 0.1108945 0.1378331 0.1108217 0.1392309 0.1107546 0.1232423 0.1110669 0.1201289 0.1107439 0.1232502 0.1107226 0.1201196 0.1111151 0.1168394 0.1107757 0.1201289 0.1107439 0.1201289 0.1107439 0.1168507 0.1103587 0.1201163 0.1103213 0.1201289 0.1107439 0.1232038 0.1103205 0.1232502 0.1107226 0.1643394 0.108842 0.1649906 0.1092638 0.1641395 0.1091542 0.1644048 0.1086795 0.1652594 0.1088068 0.1643394 0.108842 0.1653218 0.1086008 0.1661791 0.1087848 0.1652594 0.1088068 0.1652594 0.1088068 0.1659071 0.1094027 0.1649906 0.1092638 0.1765191 0.1068992 0.1738317 0.1075361 0.1737462 0.1072824 0.1766052 0.1071875 0.1739698 0.1078044 0.1738317 0.1075361 0.1738317 0.1075361 0.1716201 0.1080434 0.1714931 0.1078117 0.1737462 0.1072824 0.1714931 0.1078117 0.1714149 0.1075934 0.1619895 0.1084409 0.1632052 0.1081392 0.1632607 0.1082738 0.1620278 0.1080457 0.1632052 0.1081392 0.1619895 0.1083088 0.1632052 0.1081392 0.1639565 0.1077002 0.164229 0.1079648 0.1632607 0.1082738 0.164229 0.1079648 0.1643381 0.1081264 0.1827204 0.1052065 0.1795433 0.1060964 0.17949 0.1056771 0.1827964 0.1056164 0.1796101 0.1064615 0.1795433 0.1060964 0.1795433 0.1060964 0.1765191 0.1068992 0.1764578 0.1065605 0.1795433 0.1060964 0.1764411 0.1061562 0.17949 0.1056771 0.1333144 0.09898048 0.1370123 0.09881585 0.135255 0.1005334 0.135151 0.09677457 0.1390855 0.09725016 0.1370123 0.09881585 0.1370123 0.09881585 0.1401629 0.09939128 0.1382135 0.1006613 0.135255 0.1005334 0.1382135 0.1006613 0.1365504 0.10205 0.1283452 0.1103911 0.1301254 0.1099976 0.1301887 0.1104081 0.1284778 0.1087904 0.1301254 0.1099976 0.1282634 0.1099305 0.1303794 0.1089519 0.131592 0.1100422 0.1301254 0.1099976 0.1301887 0.1104081 0.131592 0.1100422 0.1316276 0.1104074 0.1345731 0.1110077 0.1354559 0.1108224 0.1354919 0.1109431 0.133692 0.1110774 0.1345524 0.1108698 0.1345731 0.1110077 0.1345524 0.1108698 0.1337273 0.1107684 0.1345545 0.1107323 0.1345524 0.1108698 0.1354429 0.1106948 0.1354559 0.1108224 0.1709953 0.1054649 0.1737126 0.1061 0.1713841 0.1065577 0.1733986 0.1049693 0.1764425 0.1056039 0.1737126 0.1061 0.1737126 0.1061 0.1764411 0.1061562 0.1736949 0.1066213 0.1713841 0.1065577 0.1736949 0.1066213 0.1713749 0.1070252 0.1606181 0.1117711 0.1624634 0.1121196 0.1612045 0.1130362 0.1618828 0.111072 0.1635163 0.1111307 0.1624634 0.1121196 0.1624634 0.1121196 0.1642662 0.111976 0.1631577 0.1132435 0.1612045 0.1130362 0.1631577 0.1132435 0.1618688 0.1143696 0.142193 0.1389188 0.1404904 0.1318371 0.1442168 0.1333068 0.1375288 0.1365803 0.1371169 0.1297611 0.1404904 0.1318371 0.1404904 0.1318371 0.1392583 0.126693 0.1422217 0.1281667 0.1442168 0.1333068 0.1422217 0.1281667 0.1453637 0.1291697 0.1618688 0.1143696 0.1596956 0.1138845 0.1612045 0.1130362 0.1603338 0.1154166 0.1579543 0.1146356 0.1596956 0.1138845 0.1596956 0.1138845 0.1574288 0.1129683 0.1591219 0.1124162 0.1612045 0.1130362 0.1591219 0.1124162 0.1606182 0.111771 0.1601174 0.09894829 0.1630197 0.09836232 0.161976 0.1000615 0.1579944 0.09799683 0.1610171 0.0969389 0.1601174 0.09894829 0.1587259 0.0957145 0.1625384 0.09463363 0.1610171 0.0969389 0.1610171 0.0969389 0.1646951 0.09652715 0.1630197 0.09836232 0.1691426 0.1059201 0.1681147 0.1071857 0.1677051 0.1063278 0.1709953 0.1054649 0.1695559 0.1069135 0.1691426 0.1059201 0.1695559 0.1069135 0.1713749 0.1070252 0.1695572 0.1073287 0.1681147 0.1071857 0.1695572 0.1073287 0.1681364 0.1075517 0.1555345 0.1223906 0.1589438 0.1239001 0.1563284 0.1250616 0.1579191 0.1214287 0.1614125 0.1223921 0.1589438 0.1239001 0.1589438 0.1239001 0.1631346 0.1248221 0.1604372 0.1267393 0.1563284 0.1250616 0.1604372 0.1267393 0.1574901 0.1282193 0.1638715 0.1172169 0.166711 0.1166865 0.1652871 0.1187345 0.1652442 0.115544 0.1679272 0.1143693 0.166711 0.1166865 0.1679272 0.1143693 0.1686558 0.1176674 0.166711 0.1166865 0.1652871 0.1187345 0.1686558 0.1176674 0.1671978 0.1202136 0.1370795 0.1087962 0.1365791 0.1097964 0.1361929 0.1094151 0.1374843 0.1094836 0.1367343 0.1100451 0.1365791 0.1097964 0.1365791 0.1097964 0.1364308 0.1100655 0.1361889 0.1100337 0.1361929 0.1094151 0.1361889 0.1100337 0.1356505 0.1099099 0.1427735 0.08042162 0.1469886 0.07194405 0.1475828 0.07955092 0.1382138 0.08228737 0.1405618 0.07334595 0.1427735 0.08042162 0.1345808 0.07613599 0.1379736 0.06538504 0.1405618 0.07334595 0.1405618 0.07334595 0.1462268 0.06218999 0.1469886 0.07194405 0.1767356 0.1074908 0.1741299 0.108259 0.1739698 0.1078044 0.1768569 0.1091645 0.1741299 0.108259 0.176891 0.1079761 0.174032 0.1094771 0.1717598 0.108453 0.1741299 0.108259 0.1739698 0.1078044 0.1717598 0.108453 0.1716201 0.1080434 0.134256 0.1161386 0.1367054 0.1165306 0.1357297 0.1178551 0.1353198 0.1151528 0.1374334 0.1152576 0.1367054 0.1165306 0.1367054 0.1165306 0.1388818 0.1161694 0.1382303 0.1176795 0.1357297 0.1178551 0.1382303 0.1176795 0.1373462 0.1192942 0.1539715 0.1611462 0.1600456 0.1475738 0.1633129 0.1573171 0.1530327 0.1491764 0.157385 0.1393751 0.1600456 0.1475738 0.1600456 0.1475738 0.1621405 0.1373545 0.1665166 0.1443861 0.1633129 0.1573171 0.1665166 0.1443861 0.1726543 0.1534878 0.1345262 0.1227728 0.1382128 0.1226288 0.1366929 0.1248631 0.1361838 0.1210139 0.1392369 0.1205689 0.1382128 0.1226288 0.1382128 0.1226288 0.1414293 0.1216635 0.1405813 0.124024 0.1366929 0.1248631 0.1405813 0.124024 0.1392583 0.126693 0.1378261 0.1103286 0.1365425 0.1105067 0.136527 0.1103581 0.1378431 0.110596 0.1365425 0.1105067 0.137843 0.1104616 0.1365467 0.1106489 0.1354432 0.1105452 0.1365425 0.1105067 0.1365425 0.1105067 0.1354586 0.1103832 0.136527 0.1103581 0.1500334 0.1109001 0.1515511 0.1101511 0.1516215 0.1107646 0.1499848 0.1102787 0.1515306 0.1099791 0.1515511 0.1101511 0.1515511 0.1101511 0.1531109 0.1098438 0.1531394 0.1100129 0.1516215 0.1107646 0.1531394 0.1100129 0.1532377 0.1106098 0.1548925 0.1104385 0.1563401 0.1097076 0.1565198 0.1102448 0.1532377 0.1106098 0.1547558 0.1098645 0.1548925 0.1104385 0.1531394 0.1100128 0.1547178 0.1096993 0.1547558 0.1098645 0.1547558 0.1098645 0.1562914 0.1095479 0.1563401 0.1097076 0.1523379 0.1403148 0.1556103 0.1334229 0.157385 0.139375 0.1518452 0.1340297 0.1545005 0.1291472 0.1556103 0.1334229 0.1556103 0.1334229 0.1574901 0.1282193 0.1592674 0.1321269 0.157385 0.139375 0.1592674 0.1321269 0.1621405 0.1373545 0.1392369 0.1205689 0.1420379 0.1195543 0.1414293 0.1216635 0.1373462 0.1192942 0.1400004 0.1186909 0.1392369 0.1205689 0.1382303 0.1176795 0.1405611 0.1169648 0.1400004 0.1186909 0.1400004 0.1186909 0.1424784 0.1176288 0.1420379 0.1195543 0.1438825 0.1225282 0.146606 0.120683 0.1463878 0.1231071 0.1414293 0.1216635 0.1443047 0.1202325 0.1438825 0.1225282 0.1420379 0.1195543 0.1445913 0.1181319 0.1443047 0.1202325 0.1443047 0.1202325 0.1467267 0.1184524 0.146606 0.120683 0.1469886 0.07194405 0.1524688 0.07966428 0.1475828 0.07955092 0.1462268 0.06218999 0.1535549 0.07233124 0.1469886 0.07194405 0.1548758 0.06406533 0.1598963 0.0741589 0.1535549 0.07233124 0.1535549 0.07233124 0.1572628 0.08079934 0.1524688 0.07966428 0.1430498 0.1140937 0.1416642 0.1123663 0.143314 0.1124729 0.1412914 0.1138118 0.1401364 0.1121801 0.1416642 0.1123663 0.1416642 0.1123663 0.1404883 0.1112699 0.1419721 0.1112817 0.143314 0.1124729 0.1419721 0.1112817 0.1435236 0.1112615 0.1358276 0.1113708 0.1357272 0.112348 0.1350035 0.1116113 0.136351 0.1118369 0.1367506 0.1132262 0.1357272 0.112348 0.1367506 0.1132262 0.1349704 0.1129432 0.1357272 0.112348 0.1350035 0.1116113 0.1349704 0.1129432 0.134119 0.1118906 0.1330824 0.1121691 0.132861 0.1141434 0.1318553 0.1124463 0.134119 0.1118906 0.1340243 0.113545 0.1330824 0.1121691 0.1340243 0.113545 0.136141 0.1141778 0.1353198 0.1151528 0.1340243 0.113545 0.134256 0.1161386 0.132861 0.1141434 0.1642662 0.111976 0.1662578 0.1110221 0.1652287 0.1128113 0.1659071 0.1094027 0.1662578 0.1110221 0.16523 0.1105746 0.1669738 0.1095169 0.1674995 0.1114324 0.1662578 0.1110221 0.1662578 0.1110221 0.1664325 0.1136195 0.1652287 0.1128113 0.163695 0.109696 0.1635163 0.1111307 0.1629153 0.1103634 0.1641395 0.1091542 0.1643904 0.110104 0.163695 0.109696 0.1649906 0.1092638 0.16523 0.1105746 0.1643904 0.110104 0.1635163 0.1111307 0.16523 0.1105746 0.1642662 0.111976 0.1285175 0.1184947 0.1295526 0.1152207 0.1310498 0.1179435 0.1251849 0.1186986 0.1270738 0.1155322 0.1285175 0.1184947 0.1240284 0.1155994 0.1261013 0.1132274 0.1270738 0.1155322 0.1270738 0.1155322 0.1285113 0.1129967 0.1295526 0.1152207 0.1392583 0.126693 0.1432549 0.1251293 0.1422218 0.1281667 0.1405813 0.124024 0.1438825 0.1225282 0.1432549 0.1251293 0.1432549 0.1251293 0.1463878 0.1231071 0.1460195 0.1258693 0.1422218 0.1281667 0.1460195 0.1258693 0.1453637 0.1291697 0.1602075 0.1201927 0.1635347 0.1206453 0.1614125 0.1223921 0.1622025 0.1187703 0.1652871 0.1187345 0.1635347 0.1206453 0.1635347 0.1206453 0.1671978 0.1202136 0.1653835 0.1226153 0.1614125 0.1223921 0.1653835 0.1226153 0.1631346 0.1248221 0.1651197 0.1028742 0.1655056 0.1053897 0.1641508 0.1038909 0.1666058 0.1047236 0.1665113 0.1066984 0.1655056 0.1053897 0.1655056 0.1053897 0.165524 0.1070495 0.1646298 0.1060476 0.1655056 0.1053897 0.1634188 0.1048963 0.1641508 0.1038909 0.1315376 0.1112342 0.1327207 0.1114437 0.1315067 0.1115688 0.133692 0.1110774 0.1327207 0.1114437 0.1327069 0.1111524 0.133754 0.1113224 0.1330824 0.1121691 0.1327207 0.1114437 0.1327207 0.1114437 0.1318553 0.1124463 0.1315067 0.1115688 0.1421623 0.1101982 0.1407281 0.1103641 0.1407126 0.1102507 0.1436467 0.1101305 0.142177 0.1103076 0.1421623 0.1101982 0.142177 0.1103076 0.1436602 0.1103452 0.1421757 0.1104187 0.1407281 0.1103641 0.1421757 0.1104187 0.1407256 0.1104806 0.1562224 0.1091468 0.1546729 0.1091209 0.156244 0.1089712 0.1546617 0.1093046 0.1530676 0.1092652 0.1546729 0.1091209 0.1546729 0.1091209 0.1530701 0.1085221 0.1547182 0.1084241 0.156244 0.1089712 0.1547182 0.1084241 0.156333 0.1083399 0.1231757 0.1086494 0.1202828 0.1068748 0.1235592 0.1065483 0.1201339 0.1087865 0.116949 0.107442 0.1202828 0.1068748 0.1202828 0.1068748 0.1168302 0.1054759 0.1205168 0.103996 0.1235592 0.1065483 0.1205168 0.103996 0.1242355 0.1035897 0.1328957 0.117112 0.1326892 0.1204841 0.1310498 0.1179435 0.1328957 0.117112 0.1357297 0.1178551 0.1344581 0.1192123 0.1344581 0.1192123 0.1373462 0.1192942 0.1361838 0.1210139 0.1326892 0.1204841 0.1361838 0.1210139 0.1345262 0.1227728 0.1394731 0.107517 0.1386699 0.1091277 0.1381875 0.1081544 0.1400156 0.1087516 0.1390306 0.109826 0.1386699 0.1091277 0.1386699 0.1091277 0.1377249 0.1099555 0.1374843 0.1094836 0.1381875 0.1081544 0.1374843 0.1094836 0.1370795 0.1087962 0.1327006 0.1073753 0.1324533 0.1045033 0.1338817 0.1053173 0.1318636 0.109131 0.131231 0.1069183 0.1327006 0.1073753 0.1303794 0.1089519 0.1292664 0.1065805 0.131231 0.1069183 0.131231 0.1069183 0.1304444 0.1038715 0.1324533 0.1045033 0.1781122 0.0994932 0.1819439 0.09505349 0.1819822 0.1003822 0.174377 0.09966951 0.1772159 0.0955398 0.1781122 0.0994932 0.1729146 0.09629833 0.1758469 0.09101086 0.1772159 0.0955398 0.1772159 0.0955398 0.1819056 0.08972477 0.1819439 0.09505349 0.1716201 0.1080434 0.1698998 0.1085869 0.1697839 0.1082215 0.1716161 0.109624 0.1698998 0.1085869 0.1717598 0.108453 0.1697233 0.1096491 0.1684362 0.1086794 0.1698998 0.1085869 0.1697839 0.1082215 0.1684362 0.1086794 0.1683537 0.108354 0.1282613 0.1114354 0.1300459 0.1117048 0.1281871 0.1118619 0.1301035 0.1113258 0.1315067 0.1115688 0.1300459 0.1117048 0.1315067 0.1115688 0.1303858 0.1127271 0.1300459 0.1117048 0.1300459 0.1117048 0.1285113 0.1129967 0.1281871 0.1118619 0.1453637 0.1291697 0.1486712 0.126193 0.1484616 0.1296205 0.1460195 0.1258693 0.1487513 0.1233602 0.1486712 0.126193 0.1486712 0.126193 0.1510058 0.1233176 0.1512278 0.1261515 0.1484616 0.1296205 0.1512278 0.1261515 0.1514971 0.1295892 0.1235592 0.1065483 0.1260259 0.1086745 0.1231757 0.1086495 0.1242355 0.1035897 0.1266419 0.1064532 0.1235592 0.1065483 0.127641 0.1035638 0.1292664 0.1065806 0.1266419 0.1064532 0.1266419 0.1064532 0.1284778 0.1087904 0.1260259 0.1086745 0.1792342 0.1041643 0.1764425 0.1056039 0.1762093 0.1045016 0.1823585 0.1043015 0.179427 0.1051461 0.1792342 0.1041643 0.1825394 0.104754 0.17949 0.1056771 0.179427 0.1051461 0.1764425 0.1056039 0.17949 0.1056771 0.1764411 0.1061562 0.1232502 0.1107226 0.1260421 0.1110141 0.1232423 0.1110669 0.1232502 0.1107226 0.1259899 0.1103528 0.1260486 0.1107103 0.1260486 0.1107103 0.1283452 0.1103911 0.1284009 0.1106979 0.1260486 0.1107103 0.1283941 0.1109587 0.1260421 0.1110141 0.1316276 0.1104074 0.1328093 0.110077 0.1327981 0.1103997 0.1318636 0.1091309 0.1328093 0.110077 0.131592 0.1100422 0.1331014 0.1093113 0.133824 0.1101157 0.1328093 0.110077 0.1328093 0.110077 0.1337633 0.1103932 0.1327981 0.1103997 0.1231204 0.1116852 0.1258149 0.112039 0.1230424 0.1121889 0.1259024 0.1115648 0.1281871 0.1118619 0.1258149 0.112039 0.1281871 0.1118619 0.1261013 0.1132274 0.1258149 0.112039 0.1258149 0.112039 0.123261 0.1133581 0.1230424 0.1121889 0.1634188 0.1048963 0.1616567 0.1051679 0.1621031 0.1039223 0.1628872 0.1058921 0.1613048 0.106344 0.1616567 0.1051679 0.1616567 0.1051679 0.1599387 0.1059155 0.1602669 0.1045383 0.1621031 0.1039223 0.1602669 0.1045383 0.1606589 0.1031205 0.132798 0.1103997 0.1316589 0.1106504 0.1316276 0.1104074 0.132798 0.1103997 0.1337465 0.1105945 0.132805 0.1106213 0.132805 0.1106213 0.1337273 0.1107684 0.1327857 0.1108105 0.1316589 0.1106504 0.1327857 0.1108105 0.1316444 0.1108573 0.1301887 0.1104081 0.1284009 0.1106979 0.1283452 0.1103911 0.1316276 0.1104074 0.1302357 0.1106774 0.1301887 0.1104081 0.1302357 0.1106774 0.1316444 0.1108573 0.130226 0.1109064 0.1284009 0.1106979 0.130226 0.1109064 0.1283941 0.1109587 0.1713749 0.1070252 0.1736925 0.1069834 0.1713676 0.1073369 0.1736949 0.1066213 0.1764578 0.1065605 0.1736925 0.1069834 0.1764578 0.1065605 0.1737462 0.1072824 0.1736925 0.1069834 0.1736925 0.1069834 0.1714149 0.1075934 0.1713676 0.1073369 0.120157 0.1132979 0.1230424 0.1121889 0.123261 0.1133581 0.1169901 0.112682 0.120032 0.1122573 0.120157 0.1132979 0.1169114 0.1122314 0.1200568 0.111766 0.120032 0.1122573 0.1230424 0.1121889 0.1200568 0.111766 0.1231204 0.1116852 0.1397129 0.1134074 0.1387556 0.1119421 0.1401364 0.1121801 0.138355 0.1129137 0.1375998 0.1116979 0.1387556 0.1119421 0.1387556 0.1119421 0.1377691 0.1112134 0.1390583 0.1112417 0.1401364 0.1121801 0.1390583 0.1112417 0.1404883 0.1112699 0.1468145 0.1124443 0.1485804 0.1142612 0.1468024 0.1142792 0.1468229 0.1111117 0.1485018 0.112376 0.1468145 0.1124443 0.1484435 0.1110132 0.1501408 0.1122729 0.1485018 0.112376 0.1485018 0.112376 0.1502895 0.1141719 0.1485804 0.1142612 0.1316444 0.1108573 0.1327502 0.1109749 0.1316046 0.1110376 0.1327857 0.1108105 0.1337038 0.1109189 0.1327502 0.1109749 0.1327502 0.1109749 0.133692 0.1110774 0.1327069 0.1111524 0.1316046 0.1110376 0.1327069 0.1111524 0.1315376 0.1112342 0.1404474 0.1096761 0.1391982 0.1101593 0.1390306 0.109826 0.140654 0.1101059 0.1392503 0.1102936 0.1391982 0.1101593 0.1391982 0.1101593 0.1378261 0.1103286 0.13779 0.1101962 0.1390306 0.109826 0.13779 0.1101962 0.1377249 0.1099555 0.1152512 0.1286094 0.1216452 0.1227082 0.1226705 0.1275964 0.1159473 0.1227914 0.1210646 0.1184452 0.1216452 0.1227082 0.1216452 0.1227082 0.1251849 0.1186986 0.126547 0.1223027 0.1226705 0.1275964 0.126547 0.1223027 0.1282463 0.1261242 0.1226705 0.1275964 0.1247515 0.1328065 0.1177086 0.135832 0.1282463 0.1261242 0.1304992 0.1299081 0.1247515 0.1328065 0.1304992 0.1299081 0.1335452 0.133463 0.1280246 0.1379629 0.1247515 0.1328065 0.1280246 0.1379629 0.120166 0.1430545 0.1641395 0.1091542 0.1632497 0.1091468 0.1633024 0.1089224 0.1632497 0.1091468 0.1621974 0.1093011 0.162103 0.1090515 0.1633024 0.1089224 0.162103 0.1090515 0.162073 0.1089242 0.1643394 0.1088419 0.1633024 0.1089224 0.1633248 0.1087887 0.1468229 0.1111117 0.1451615 0.1111997 0.1452072 0.1106114 0.1451615 0.1111997 0.1435236 0.1112615 0.1436176 0.1107028 0.1452072 0.1106114 0.1436176 0.1107028 0.1436408 0.1105375 0.1468271 0.1105066 0.1452072 0.1106114 0.145219 0.1104422 0.1430498 0.1140937 0.1427902 0.1158227 0.1409531 0.1153517 0.1427902 0.1158227 0.1424784 0.1176288 0.1405611 0.1169648 0.1409531 0.1153517 0.1405611 0.1169648 0.1388818 0.1161694 0.1412914 0.1138118 0.1409531 0.1153517 0.1393307 0.1147486 0.1646298 0.1060476 0.1639528 0.1066988 0.1628872 0.1058921 0.1646298 0.1060476 0.165524 0.1070495 0.1647147 0.1073916 0.1639528 0.1066988 0.1647147 0.1073916 0.1639565 0.1077002 0.1628872 0.1058921 0.1639528 0.1066988 0.1633967 0.1072698 0.1595195 0.1097807 0.1592933 0.1093765 0.1607394 0.1092084 0.1592933 0.1093765 0.1592293 0.1092346 0.1606816 0.1090759 0.1607394 0.1092084 0.1606816 0.1090759 0.162073 0.1089242 0.160928 0.10953 0.1607394 0.1092084 0.162103 0.1090515 0.1375455 0.1034899 0.1362004 0.1047223 0.1351454 0.1035525 0.1383273 0.1048676 0.1370252 0.1058843 0.1362004 0.1047223 0.1370252 0.1058843 0.1358772 0.1070509 0.1349973 0.1061713 0.1362004 0.1047223 0.1349973 0.1061713 0.1338817 0.1053173 0.1621974 0.1093011 0.1632497 0.1091468 0.1631669 0.1094661 0.163695 0.109696 0.1631669 0.1094661 0.1632497 0.1091468 0.1629154 0.1103634 0.16244 0.1097533 0.1631669 0.1094661 0.1702587 0.08166271 0.1735655 0.08627647 0.1687219 0.08913075 0.1765241 0.07716357 0.1792149 0.08344417 0.1735655 0.08627647 0.1792149 0.08344417 0.1819056 0.08972477 0.1758469 0.09101086 0.1735655 0.08627647 0.1758469 0.09101086 0.1710665 0.09268534 0.1468289 0.1103352 0.1484112 0.1102231 0.1484177 0.1103962 0.1484112 0.1102231 0.1499712 0.1101052 0.1499848 0.1102787 0.1484177 0.1103962 0.1499848 0.1102787 0.1500334 0.1109 0.1468271 0.1105066 0.1484177 0.1103962 0.1484435 0.1110132 0.1633172 0.1085529 0.1633279 0.1086748 0.1620514 0.1088183 0.1633172 0.1085529 0.1644146 0.1084265 0.1644216 0.1085546 0.1633279 0.1086748 0.1644216 0.1085546 0.1644047 0.1086795 0.1620514 0.1088183 0.1633279 0.1086748 0.1633248 0.1087887 0.1555345 0.1223906 0.1532393 0.1230087 0.1528415 0.1205548 0.1532393 0.1230087 0.1510058 0.1233176 0.1508105 0.1208252 0.1528415 0.1205548 0.1508105 0.1208252 0.1506296 0.1185159 0.1549416 0.1200302 0.1528415 0.1205548 0.1525183 0.1182798 0.1446402 0.09743344 0.1423667 0.09829002 0.1414523 0.09590607 0.1423667 0.09829002 0.1401629 0.09939128 0.1390855 0.0972501 0.1414523 0.09590607 0.1390855 0.0972501 0.1373625 0.09475326 0.143929 0.09487438 0.1414523 0.09590607 0.1399645 0.09300571 0.1512278 0.1261515 0.1537595 0.1257943 0.1545005 0.1291472 0.1510058 0.1233176 0.1532394 0.1230087 0.1537595 0.1257943 0.1532394 0.1230087 0.1555345 0.1223906 0.1563284 0.1250616 0.1537595 0.1257943 0.1563284 0.1250616 0.1574901 0.1282193 0.1591219 0.1124162 0.1585287 0.1110466 0.1600088 0.1106248 0.1574288 0.1129683 0.1569156 0.1114086 0.1585287 0.1110466 0.1569156 0.1114086 0.1565198 0.1102448 0.1580556 0.1100234 0.1585287 0.1110466 0.1580556 0.1100234 0.1595195 0.1097807 0.1665112 0.1066984 0.1669186 0.1074093 0.1659239 0.107605 0.1677051 0.1063278 0.1681147 0.1071857 0.1669186 0.1074093 0.1669186 0.1074093 0.1681147 0.1071857 0.1681364 0.1075517 0.1669186 0.1074093 0.1669797 0.107726 0.1660263 0.1078693 0.1565198 0.1102448 0.1563401 0.1097076 0.1578391 0.1095442 0.1563401 0.1097076 0.1562914 0.1095479 0.1577802 0.1093927 0.1578391 0.1095442 0.1577802 0.1093927 0.1592293 0.1092346 0.1580556 0.1100234 0.1578391 0.1095442 0.1592934 0.1093765 0.1232423 0.1110669 0.1260421 0.1110141 0.125997 0.1112781 0.1260421 0.1110141 0.1283941 0.1109587 0.1283509 0.1111867 0.125997 0.1112781 0.1283509 0.1111867 0.1282613 0.1114354 0.123202 0.1113651 0.125997 0.1112781 0.1259024 0.1115648 0.1284778 0.1087904 0.1282635 0.1099305 0.1258913 0.1098406 0.1282635 0.1099305 0.1283452 0.1103911 0.1259899 0.1103528 0.1258913 0.1098406 0.1259899 0.1103528 0.1232038 0.1103205 0.1260259 0.1086745 0.1258913 0.1098406 0.1231166 0.109775 0.149964 0.1100137 0.1484079 0.1101311 0.1484034 0.1100382 0.1499712 0.1101052 0.1484112 0.1102231 0.1484079 0.1101311 0.1484112 0.1102231 0.1468289 0.1103352 0.1468298 0.1102424 0.1484079 0.1101311 0.1468298 0.1102424 0.1468285 0.1101483 0.137769 0.1112134 0.1375997 0.1116979 0.136837 0.1115276 0.137225 0.1123747 0.136351 0.1118369 0.136837 0.1115276 0.1367056 0.1112251 0.136837 0.1115276 0.136351 0.1118368 0.1335452 0.133463 0.1375288 0.1365802 0.1329442 0.1427164 0.1375288 0.1365802 0.142193 0.1389188 0.1389659 0.1465474 0.1329442 0.1427164 0.1389659 0.1465474 0.1343217 0.1564962 0.1280246 0.1379629 0.1329442 0.1427164 0.1272438 0.1497753 0.1593118 0.1082 0.1578539 0.1082681 0.1581096 0.1070716 0.1578539 0.1082681 0.156333 0.1083399 0.1565163 0.1069546 0.1581096 0.1070716 0.1565163 0.1069546 0.1567321 0.1051999 0.1595947 0.1072195 0.1581096 0.1070716 0.1584147 0.1055265 0.1511009 0.1009727 0.1510488 0.09889113 0.1531072 0.09904682 0.149262 0.1010366 0.1490985 0.09894597 0.1510488 0.09889113 0.1490985 0.09894597 0.1489151 0.09659969 0.1510365 0.09655052 0.1510488 0.09889113 0.1510365 0.09655052 0.1532675 0.09675878 0.1656691 0.08582049 0.1617674 0.08294165 0.1655421 0.07748335 0.1617674 0.08294165 0.1572627 0.08079928 0.1598963 0.0741589 0.1655421 0.07748335 0.1598963 0.0741589 0.1635247 0.06594067 0.1702587 0.08166271 0.1655421 0.07748335 0.1700244 0.07155215 0.156333 0.1083399 0.1578539 0.1082681 0.15773 0.1088182 0.1578539 0.1082681 0.1593118 0.1082 0.1591745 0.1086568 0.15773 0.1088182 0.1591745 0.1086568 0.1591392 0.108809 0.156244 0.1089712 0.15773 0.1088182 0.157699 0.1089828 0.139713 0.1134074 0.1393307 0.1147486 0.1379445 0.1140392 0.1393307 0.1147486 0.1388818 0.1161695 0.1374334 0.1152576 0.1379445 0.1140392 0.1374334 0.1152576 0.136141 0.1141778 0.138355 0.1129138 0.1379445 0.1140392 0.1367505 0.1132262 0.1436467 0.1101305 0.143598 0.1099604 0.1451734 0.1098639 0.143598 0.1099604 0.1434119 0.1093506 0.1450204 0.1091827 0.1451734 0.1098639 0.1450204 0.1091827 0.1466637 0.1090232 0.1452131 0.1100435 0.1451734 0.1098639 0.1467818 0.1097568 0.1604372 0.1267393 0.1627188 0.1300947 0.1592674 0.1321269 0.1631346 0.1248221 0.1657273 0.1275188 0.1627188 0.1300947 0.1657273 0.1275188 0.1698312 0.1306185 0.1663827 0.1343179 0.1627188 0.1300947 0.1663827 0.1343179 0.1621405 0.1373545 0.1585433 0.1163709 0.1603338 0.1154167 0.1611562 0.1170341 0.1603338 0.1154167 0.1618688 0.1143696 0.1627473 0.1157597 0.1611562 0.1170341 0.1627473 0.1157597 0.1638715 0.1172169 0.159278 0.1182041 0.1611562 0.1170341 0.1622025 0.1187703 0.1499712 0.1101052 0.1499641 0.1100137 0.1515195 0.1098877 0.1499641 0.1100137 0.1499568 0.1099214 0.1515095 0.1097952 0.1515195 0.1098877 0.1515095 0.1097952 0.1530823 0.1096591 0.1515306 0.1099791 0.1515195 0.1098877 0.1530956 0.1097523 0.1358276 0.1113708 0.1355816 0.1110935 0.1366186 0.1110115 0.1355816 0.1110935 0.1354919 0.1109431 0.1365758 0.110883 0.1366186 0.1110115 0.1365758 0.110883 0.1378331 0.1108217 0.1367056 0.1112251 0.1366186 0.1110115 0.1378234 0.1109521 0.1652057 0.1079967 0.1650821 0.1077877 0.1659239 0.107605 0.164338 0.1081264 0.164229 0.1079648 0.1650821 0.1077877 0.164229 0.1079648 0.1639565 0.1077002 0.1647147 0.1073916 0.1650821 0.1077877 0.1647147 0.1073916 0.165524 0.1070495 0.175004 0.1185076 0.1713139 0.1183182 0.1724656 0.115054 0.1739209 0.1225458 0.1699024 0.1215294 0.1713139 0.1183182 0.1699024 0.1215294 0.1671978 0.1202136 0.1686557 0.1176674 0.1713139 0.1183182 0.1686557 0.1176674 0.1698793 0.1149034 0.1530662 0.1094537 0.1546617 0.1093046 0.1546663 0.1094098 0.1546617 0.1093046 0.1562224 0.1091468 0.1562262 0.1092546 0.1562262 0.1092546 0.1562424 0.109361 0.1546796 0.1095138 0.1546663 0.1094098 0.1546796 0.1095138 0.1530823 0.1096591 0.1407126 0.1102507 0.1407281 0.1103641 0.1392651 0.1104143 0.1407256 0.1104806 0.1392627 0.1105394 0.1392651 0.1104143 0.1392627 0.1105394 0.1378431 0.110596 0.137843 0.1104616 0.1392503 0.1102936 0.1392651 0.1104143 0.137843 0.1104616 0.1409182 0.1068955 0.1414597 0.1083743 0.1400156 0.1087516 0.1425296 0.1063111 0.1430156 0.1080108 0.1414597 0.1083743 0.1430156 0.1080108 0.1434119 0.1093506 0.1418982 0.1095163 0.1414597 0.1083743 0.1418982 0.1095163 0.1404474 0.1096761 0.1537508 0.1137353 0.1534533 0.1119248 0.1551936 0.1116949 0.1534533 0.1119248 0.1532377 0.1106098 0.1548925 0.1104385 0.1551936 0.1116949 0.1548925 0.1104385 0.1565198 0.1102448 0.1555979 0.1134014 0.1551936 0.1116949 0.1569156 0.1114086 0.1556463 0.09725159 0.1561791 0.09475463 0.1587259 0.0957145 0.1532675 0.09675878 0.1535723 0.0941205 0.1561791 0.09475463 0.1535723 0.0941205 0.1542136 0.09076601 0.1571981 0.09165865 0.1561791 0.09475463 0.1571981 0.09165865 0.1600399 0.09298056 0.1565163 0.1069546 0.1548073 0.1068855 0.1549068 0.1049599 0.156333 0.1083399 0.1547182 0.1084241 0.1548073 0.1068855 0.1547182 0.1084241 0.1530701 0.1085221 0.153067 0.1068733 0.1549068 0.1049599 0.1548073 0.1068855 0.153067 0.1068733 0.1595947 0.1072195 0.1609762 0.1073793 0.1607328 0.1081265 0.1599387 0.1059155 0.1613048 0.106344 0.1609762 0.1073793 0.1613048 0.106344 0.1624788 0.1067996 0.1621583 0.1075323 0.1609762 0.1073793 0.1621583 0.1075323 0.1620278 0.1080457 0.1602075 0.1201927 0.1579191 0.1214287 0.1571446 0.119227 0.1579191 0.1214287 0.1555345 0.1223906 0.1549416 0.1200302 0.1571446 0.119227 0.1549416 0.1200302 0.1544751 0.1178457 0.159278 0.1182041 0.1571446 0.119227 0.1565345 0.1171968 0.123261 0.1133581 0.1240284 0.1155995 0.1205323 0.1153632 0.1240284 0.1155995 0.1251849 0.1186986 0.1210646 0.1184452 0.1205323 0.1153632 0.1210646 0.1184452 0.1166434 0.1169734 0.120157 0.1132979 0.1205323 0.1153632 0.1168168 0.1148277 0.1485804 0.1142612 0.1486613 0.1163638 0.1467818 0.1163133 0.1502895 0.1141719 0.1504553 0.1162891 0.1486613 0.1163638 0.1504553 0.1162891 0.1506296 0.1185159 0.1487273 0.1185767 0.1486613 0.1163638 0.1487273 0.1185767 0.1467267 0.1184524 0.1446402 0.09743338 0.1468117 0.09688085 0.1471633 0.099195 0.1468117 0.09688085 0.148915 0.09659969 0.1490985 0.09894597 0.1471633 0.099195 0.1490985 0.09894597 0.149262 0.1010366 0.1451541 0.09966886 0.1471633 0.099195 0.1474354 0.1012594 0.175004 0.1185076 0.1799071 0.1181452 0.1796557 0.1231316 0.175788 0.114737 0.179817 0.1138458 0.1799071 0.1181452 0.179817 0.1138458 0.183953 0.111705 0.185546 0.1173406 0.1799071 0.1181452 0.185546 0.1173406 0.187139 0.1229764 0.1427743 0.09166014 0.1456023 0.09081453 0.1463401 0.094222 0.148431 0.09040731 0.1487039 0.09389901 0.1463401 0.094222 0.1463401 0.094222 0.1487039 0.09389901 0.148915 0.09659969 0.143929 0.09487438 0.1463401 0.094222 0.1468117 0.09688085 0.1653835 0.1226153 0.1680923 0.1246245 0.1657273 0.1275188 0.1671978 0.1202136 0.1699024 0.1215294 0.1680923 0.1246245 0.1699024 0.1215294 0.1739209 0.1225458 0.1722854 0.1266333 0.1680923 0.1246245 0.1722854 0.1266333 0.1698312 0.1306185 0.1427743 0.09166014 0.1409159 0.08747172 0.1444428 0.08625113 0.1409159 0.08747172 0.1382138 0.08228737 0.1427735 0.08042162 0.1444428 0.08625113 0.1427735 0.08042162 0.1475828 0.07955092 0.1456023 0.09081453 0.1444428 0.08625113 0.1480613 0.08567655 0.1502895 0.1141719 0.1519917 0.1139942 0.152239 0.1160837 0.1519917 0.1139942 0.1537508 0.1137353 0.1540878 0.1157414 0.152239 0.1160837 0.1540878 0.1157414 0.1544751 0.1178457 0.1504553 0.1162891 0.152239 0.1160837 0.1525183 0.1182798 0.1407107 0.1105856 0.1421632 0.1105192 0.1421459 0.1106157 0.1407256 0.1104806 0.1421757 0.1104187 0.1421632 0.1105192 0.1421757 0.1104187 0.1436602 0.1103452 0.1436524 0.1104428 0.1421632 0.1105192 0.1436524 0.1104428 0.1436408 0.1105375 0.1553987 0.08634006 0.1590059 0.08770763 0.1571981 0.09165865 0.1572628 0.08079934 0.1617674 0.08294165 0.1590059 0.08770763 0.1617674 0.08294165 0.1656691 0.08582049 0.1622977 0.08964508 0.1590059 0.08770763 0.1622977 0.08964508 0.1600399 0.09298056 0.1620056 0.1085706 0.1605945 0.1087451 0.1605889 0.1086241 0.1620056 0.1085706 0.162028 0.1087028 0.1606166 0.1088683 0.1605945 0.1087451 0.1606166 0.1088683 0.1591622 0.1090381 0.1605945 0.1087451 0.1591416 0.1089234 0.1591392 0.108809 0.1574288 0.1129683 0.1579542 0.1146356 0.1560359 0.1152579 0.1585433 0.1163709 0.1565345 0.1171968 0.1560359 0.1152579 0.1565345 0.1171968 0.1544751 0.1178457 0.1540878 0.1157414 0.1555979 0.1134014 0.1560359 0.1152579 0.1540878 0.1157414 0.1495633 0.1048892 0.1478554 0.1050716 0.1476495 0.1031368 0.1478554 0.1050716 0.1461057 0.1053677 0.1458323 0.1034922 0.1476495 0.1031368 0.1458323 0.1034922 0.1455398 0.1016669 0.1494103 0.1029334 0.1476495 0.1031368 0.1474354 0.1012594 0.1531109 0.1098438 0.1530956 0.1097523 0.1546974 0.1096077 0.1530956 0.1097523 0.1530823 0.1096591 0.1546796 0.1095138 0.1546974 0.1096077 0.1546796 0.1095138 0.1562423 0.109361 0.1547178 0.1096993 0.1546974 0.1096077 0.1562653 0.1094562 0.148431 0.09040731 0.1512886 0.09037005 0.1510893 0.09385073 0.1542136 0.09076601 0.1535723 0.0941205 0.1510893 0.09385073 0.1535723 0.0941205 0.1532675 0.09675878 0.1510365 0.09655052 0.1510893 0.09385073 0.1510365 0.09655052 0.148915 0.09659969 0.1453637 0.1291697 0.1484616 0.1296204 0.1480313 0.1340171 0.1484616 0.1296204 0.1514971 0.1295892 0.1518452 0.1340296 0.1480313 0.1340171 0.1518452 0.1340296 0.1523379 0.1403148 0.1442168 0.1333068 0.1480313 0.1340171 0.1472058 0.1401734 0.143314 0.1124729 0.1450595 0.1124878 0.1449259 0.1142367 0.1435236 0.1112615 0.1451615 0.1111997 0.1450595 0.1124878 0.1451615 0.1111997 0.1468229 0.1111117 0.1468145 0.1124443 0.1450595 0.1124878 0.1468145 0.1124443 0.1468024 0.1142792 0.1768909 0.1079761 0.1798743 0.1075757 0.1799126 0.1086225 0.1768909 0.1079761 0.1767356 0.1074908 0.1797733 0.1070944 0.1797733 0.1070944 0.1829593 0.1066079 0.1829515 0.107065 0.1798743 0.1075757 0.1829515 0.107065 0.1829438 0.1075221 0.1468124 0.1099429 0.1468232 0.1100457 0.1452248 0.1101483 0.1468285 0.1101483 0.1452279 0.110253 0.1452248 0.1101483 0.1452279 0.110253 0.1436602 0.1103452 0.1436597 0.1102375 0.1452131 0.1100435 0.1452248 0.1101483 0.1436597 0.1102375 0.1726543 0.1534878 0.1665166 0.1443861 0.1718664 0.1396636 0.1665166 0.1443861 0.1621405 0.1373545 0.1663827 0.1343179 0.1718664 0.1396636 0.1663827 0.1343179 0.1698312 0.1306185 0.1785959 0.1457467 0.1718664 0.1396636 0.1759838 0.1342024 0.1373624 0.09475326 0.1346135 0.09180855 0.1375647 0.08938312 0.1346135 0.09180855 0.1306884 0.08855348 0.1340962 0.08510333 0.1375647 0.08938312 0.1340962 0.08510333 0.1382138 0.08228737 0.1399645 0.09300571 0.1375647 0.08938312 0.1409159 0.08747172 0.1285175 0.1184947 0.1301639 0.1215409 0.126547 0.1223027 0.1310498 0.1179435 0.1326892 0.1204841 0.1301639 0.1215409 0.1326892 0.1204841 0.1345262 0.1227728 0.1320587 0.124494 0.1301639 0.1215409 0.1320587 0.124494 0.1282463 0.1261242 0.1345262 0.1227728 0.1366928 0.1248631 0.1343294 0.1272701 0.1366928 0.1248631 0.1392583 0.126693 0.1371169 0.1297611 0.1343294 0.1272701 0.1371169 0.1297611 0.1335451 0.133463 0.1320587 0.124494 0.1343294 0.1272701 0.1304992 0.1299081 0.1310498 0.1179435 0.1295526 0.1152207 0.131429 0.1147282 0.1295526 0.1152207 0.1285113 0.1129967 0.1303858 0.1127271 0.131429 0.1147282 0.1303858 0.1127271 0.1318553 0.1124463 0.1328957 0.117112 0.131429 0.1147282 0.132861 0.1141434 0.1467818 0.1163133 0.1447821 0.1161388 0.1449259 0.1142367 0.1467818 0.1163133 0.1467267 0.1184524 0.1445913 0.1181319 0.1447821 0.1161388 0.1445913 0.1181319 0.1424784 0.1176288 0.1447821 0.1161388 0.1427902 0.1158227 0.1430498 0.1140937 0.1458323 0.1034922 0.1439315 0.1040161 0.1435405 0.1022787 0.1461057 0.1053677 0.1442956 0.10579 0.1439315 0.1040161 0.1442956 0.10579 0.1425296 0.1063111 0.1420757 0.1046712 0.1439315 0.1040161 0.1420757 0.1046712 0.1415871 0.1030488 0.1698793 0.1149034 0.1679272 0.1143693 0.1690045 0.1117873 0.1679272 0.1143693 0.1664325 0.1136195 0.1674996 0.1114324 0.1690045 0.1117873 0.1674996 0.1114324 0.1682285 0.1096002 0.170934 0.111982 0.1690045 0.1117873 0.1697233 0.1096491 0.1618688 0.1143696 0.1631577 0.1132435 0.1640746 0.1143876 0.1631577 0.1132435 0.1642662 0.111976 0.1652287 0.1128113 0.1640746 0.1143876 0.1652287 0.1128113 0.1664325 0.1136195 0.1627473 0.1157597 0.1640746 0.1143876 0.1652442 0.115544 0.175788 0.114737 0.1724656 0.115054 0.1734302 0.111904 0.1724656 0.115054 0.1698793 0.1149034 0.170934 0.111982 0.1734302 0.111904 0.170934 0.111982 0.1716161 0.109624 0.1764478 0.1114969 0.1734302 0.111904 0.174032 0.1094771 0.1434119 0.1093506 0.143598 0.1099604 0.1421061 0.1100404 0.143598 0.1099604 0.1436467 0.1101305 0.1421623 0.1101982 0.1421061 0.1100404 0.1421623 0.1101982 0.1407126 0.1102507 0.1418982 0.1095163 0.1421061 0.1100404 0.140654 0.1101059 0.1681897 0.1079984 0.1682571 0.1081703 0.1671162 0.1082862 0.1682571 0.1081703 0.1683537 0.108354 0.1671864 0.1084548 0.1671162 0.1082862 0.1671864 0.1084548 0.1662024 0.1085334 0.1670557 0.1081295 0.1671162 0.1082862 0.1661661 0.1083787 0.1152512 0.09493219 0.1214379 0.09526234 0.1207885 0.09995019 0.1214379 0.09526234 0.1264218 0.09617435 0.1251568 0.1000314 0.1207885 0.09995019 0.1251568 0.1000314 0.1242355 0.1035897 0.1160407 0.1002041 0.1207885 0.09995019 0.1205168 0.103996 0.1498654 0.1087527 0.1514549 0.1086325 0.1514869 0.1094008 0.1514549 0.1086325 0.1530701 0.1085221 0.1530676 0.1092652 0.1514869 0.1094008 0.1530676 0.1092652 0.1530662 0.1094537 0.149926 0.1095273 0.1514869 0.1094008 0.1514941 0.1095916 0.1450204 0.1091827 0.1446932 0.1076767 0.1464105 0.107394 0.1434119 0.1093506 0.1430156 0.1080108 0.1446932 0.1076767 0.1430156 0.1080108 0.1425296 0.1063111 0.1442956 0.10579 0.1464105 0.107394 0.1446932 0.1076767 0.1442956 0.10579 0.1350035 0.1116113 0.1346668 0.1112015 0.1355816 0.1110935 0.1341191 0.1118906 0.1337541 0.1113224 0.1346668 0.1112015 0.1337541 0.1113224 0.133692 0.1110774 0.1345731 0.1110077 0.1346668 0.1112015 0.1345731 0.1110077 0.1354919 0.1109431 0.1620278 0.1080457 0.1621583 0.1075323 0.1629422 0.1076344 0.1624789 0.1067996 0.1633967 0.1072698 0.1629422 0.1076344 0.1631 0.1079322 0.1629422 0.1076344 0.1633967 0.1072698 0.1644146 0.1084265 0.1643896 0.1082794 0.1652621 0.1081694 0.1643896 0.1082794 0.1643381 0.1081264 0.1652057 0.1079967 0.1652621 0.1081694 0.1652057 0.1079967 0.1660263 0.1078693 0.1652976 0.108326 0.1652621 0.1081694 0.1660739 0.1080652 0.118619 0.08168554 0.1255081 0.08515816 0.1229571 0.0902301 0.1255081 0.08515816 0.1306884 0.08855348 0.1281863 0.09229809 0.1229571 0.0902301 0.1281863 0.09229809 0.1264218 0.09617435 0.1169351 0.08830887 0.1229571 0.0902301 0.1214379 0.09526234 0.1406899 0.1106852 0.1392309 0.1107546 0.1392495 0.1106509 0.1392309 0.1107546 0.1378331 0.1108217 0.1378381 0.1107137 0.1392495 0.1106509 0.1378381 0.1107137 0.1378431 0.110596 0.1407107 0.1105856 0.1392495 0.1106509 0.1392627 0.1105394 0.1170676 0.109408 0.1201339 0.1087865 0.1200959 0.1097868 0.1201339 0.1087865 0.1231757 0.1086495 0.1231165 0.109775 0.1231165 0.109775 0.1232038 0.1103205 0.1201163 0.1103213 0.1169592 0.1098834 0.1200959 0.1097868 0.1201163 0.1103213 0.1468124 0.1099429 0.1467818 0.1097568 0.1483644 0.1096451 0.1467818 0.1097568 0.1466637 0.1090232 0.1482766 0.1088811 0.1483644 0.1096451 0.1482766 0.1088811 0.1498654 0.1087527 0.148387 0.1098346 0.1483644 0.1096451 0.149926 0.1095273 0.1530367 0.1010805 0.1530316 0.102929 0.1511812 0.1028605 0.1530316 0.102929 0.1530531 0.1048242 0.1512786 0.1048038 0.1511812 0.1028605 0.1512786 0.1048038 0.1495632 0.1048892 0.1511009 0.1009727 0.1511812 0.1028605 0.1494103 0.1029334 0.1643381 0.1081264 0.1643896 0.1082794 0.1632953 0.1084132 0.1643896 0.1082794 0.1644146 0.1084265 0.1633172 0.1085529 0.1632953 0.1084132 0.1633172 0.1085529 0.162028 0.1087028 0.1632607 0.1082738 0.1632953 0.1084132 0.1620056 0.1085706 0.1436524 0.1104428 0.1452249 0.1103487 0.145219 0.1104422 0.1436602 0.1103452 0.1452279 0.110253 0.1452249 0.1103487 0.1452279 0.110253 0.1468285 0.1101483 0.1468298 0.1102424 0.1452249 0.1103487 0.1468298 0.1102424 0.1468289 0.1103352 0.1466637 0.1090232 0.1464105 0.107394 0.1480858 0.1071798 0.1461057 0.1053677 0.1478554 0.1050716 0.1480858 0.1071798 0.1478554 0.1050716 0.1495633 0.1048892 0.1497304 0.107026 0.1482766 0.1088811 0.1480858 0.1071798 0.1497304 0.107026 0.1455398 0.1016669 0.1435405 0.1022787 0.143033 0.1003906 0.1435405 0.1022787 0.1415871 0.1030488 0.1409642 0.1013067 0.143033 0.1003906 0.1409642 0.1013067 0.1401629 0.09939128 0.1451541 0.09966886 0.143033 0.1003906 0.1423667 0.09829002 0.1539715 0.1611462 0.1441466 0.1588212 0.1458554 0.1486871 0.1441466 0.1588212 0.1343217 0.1564962 0.1389659 0.1465474 0.1458554 0.1486871 0.1389659 0.1465474 0.142193 0.1389188 0.1530327 0.1491764 0.1458554 0.1486871 0.1472058 0.1401734 0.162028 0.1087028 0.1620514 0.1088183 0.160647 0.1089763 0.1620514 0.1088183 0.162073 0.1089242 0.1606816 0.1090759 0.160647 0.1089763 0.1606816 0.1090759 0.1592293 0.1092346 0.1606166 0.1088683 0.160647 0.1089763 0.1591932 0.1091395 0.161976 0.1000615 0.1630197 0.09836232 0.1647683 0.09995675 0.1646951 0.09652715 0.1665745 0.0986014 0.1647683 0.09995675 0.1665745 0.0986014 0.1682895 0.1009123 0.1664038 0.1018483 0.1635974 0.1013272 0.1647683 0.09995675 0.1664038 0.1018483 0.1283941 0.1109587 0.130226 0.1109064 0.1301845 0.1111068 0.130226 0.1109064 0.1316444 0.1108573 0.1316046 0.1110376 0.1301845 0.1111068 0.1316046 0.1110376 0.1315376 0.1112342 0.1283509 0.1111867 0.1301845 0.1111068 0.1301035 0.1113258 0.1341332 0.1095044 0.1349716 0.1097173 0.1346788 0.1101649 0.1349716 0.1097173 0.1356505 0.1099099 0.1354975 0.1102032 0.1346788 0.1101649 0.1354975 0.1102032 0.1354586 0.1103832 0.133824 0.1101156 0.1346788 0.1101649 0.1345934 0.1103917 0.1281863 0.09229815 0.132252 0.09454041 0.1303896 0.09746962 0.1306884 0.08855348 0.1346135 0.09180855 0.132252 0.09454041 0.1346135 0.09180855 0.1373624 0.09475326 0.135151 0.09677457 0.132252 0.09454041 0.135151 0.09677457 0.1333144 0.09898048 0.1530367 0.1010805 0.1531072 0.09904688 0.1553146 0.09943002 0.1531072 0.09904688 0.1532675 0.09675878 0.1556463 0.09725153 0.1553146 0.09943002 0.1556463 0.09725153 0.1579944 0.09799683 0.1551069 0.1013739 0.1553146 0.09943002 0.1575006 0.1000133 0.1365758 0.110883 0.136555 0.110771 0.1378381 0.1107137 0.1354919 0.1109431 0.1354559 0.1108224 0.136555 0.110771 0.1354559 0.1108224 0.1354429 0.1106948 0.1365467 0.1106489 0.1378381 0.1107137 0.136555 0.110771 0.1365467 0.1106489 0.1425296 0.1063111 0.1409182 0.1068955 0.1404032 0.1054112 0.1409182 0.1068955 0.1394731 0.107517 0.1389349 0.1062075 0.1404032 0.1054112 0.1389349 0.1062075 0.1383273 0.1048676 0.1420757 0.1046712 0.1404032 0.1054112 0.1398413 0.1039216 0.1714149 0.1075934 0.1714931 0.1078117 0.16967 0.1080179 0.1714931 0.1078117 0.1716201 0.1080434 0.1697839 0.1082215 0.16967 0.1080179 0.1697839 0.1082215 0.1683537 0.108354 0.1695978 0.1078265 0.16967 0.1080179 0.1682571 0.1081703 0.136527 0.1103581 0.1364714 0.1101977 0.13779 0.1101962 0.1354586 0.1103832 0.1354975 0.1102032 0.1364714 0.1101977 0.1361889 0.1100337 0.1364714 0.1101977 0.1354974 0.1102032 0.1364308 0.1100655 0.1367343 0.1100451 0.1364714 0.1101977 0.13779 0.1101962 0.1364714 0.1101977 0.1367343 0.1100451 0.1358772 0.1070509 0.1348605 0.108376 0.1338917 0.1078624 0.1341331 0.1095044 0.1331014 0.1093113 0.1338917 0.1078624 0.1331014 0.1093113 0.1318636 0.109131 0.1327006 0.1073753 0.1338917 0.1078624 0.1327006 0.1073753 0.1338817 0.1053173 0.1601174 0.09894824 0.1594796 0.1007598 0.1575006 0.1000133 0.161976 0.1000615 0.161217 0.1016383 0.1594796 0.1007598 0.161217 0.1016383 0.1606589 0.1031205 0.1590163 0.1024215 0.1594796 0.1007598 0.1590163 0.1024215 0.1571561 0.1018308 0.1317798 0.1013219 0.128881 0.1005095 0.1303896 0.09746962 0.1304444 0.1038715 0.127641 0.1035638 0.128881 0.1005095 0.127641 0.1035638 0.1242355 0.1035897 0.1251568 0.1000314 0.128881 0.1005095 0.1251568 0.1000314 0.1264218 0.09617435 0.1762093 0.1045016 0.1755042 0.1024863 0.1787902 0.1022997 0.1755042 0.1024863 0.174377 0.09966951 0.1781122 0.0994932 0.1787902 0.1022997 0.1781122 0.0994932 0.1819822 0.1003822 0.1792342 0.1041643 0.1787902 0.1022997 0.1821703 0.1023418 0.1356505 0.1099099 0.1349716 0.1097173 0.1356226 0.108917 0.1349716 0.1097173 0.1341331 0.1095044 0.1348605 0.108376 0.1348605 0.108376 0.1358772 0.1070509 0.136555 0.1079536 0.1356226 0.108917 0.136555 0.1079536 0.1370795 0.1087962 0.1590163 0.1024215 0.1586927 0.1039803 0.1569256 0.1035094 0.1606589 0.1031205 0.1602669 0.1045383 0.1586927 0.1039803 0.1602669 0.1045383 0.1599387 0.1059155 0.1584147 0.1055265 0.1586927 0.1039803 0.1584147 0.1055265 0.1567322 0.1051999 0.1621031 0.1039223 0.1627372 0.1026464 0.1641508 0.1038909 0.1606589 0.1031205 0.161217 0.1016383 0.1627372 0.1026464 0.161217 0.1016383 0.161976 0.1000615 0.1635974 0.1013272 0.1627372 0.1026464 0.1635974 0.1013272 0.1651197 0.1028742 0.1683537 0.108354 0.1684362 0.1086794 0.167218 0.1087445 0.1682285 0.1096002 0.1669738 0.1095169 0.167218 0.1087445 0.1669738 0.1095169 0.165907 0.1094027 0.1661792 0.1087848 0.167218 0.1087445 0.1661792 0.1087848 0.1662024 0.1085334 0.1375455 0.1034899 0.1391251 0.1023519 0.1398413 0.1039216 0.1365504 0.10205 0.1382135 0.1006613 0.1391251 0.1023519 0.1382135 0.1006613 0.1401629 0.09939128 0.1409642 0.1013067 0.1391251 0.1023519 0.1409642 0.1013067 0.1415871 0.1030488 0.1767356 0.1074908 0.1766052 0.1071875 0.1796824 0.1067713 0.1766052 0.1071875 0.1765191 0.1068992 0.17961 0.1064615 0.1796824 0.1067713 0.17961 0.1064615 0.1828724 0.1060262 0.1797733 0.1070944 0.1796824 0.1067713 0.1829159 0.1063171 0.1845375 0.1380056 0.1759838 0.1342024 0.1784124 0.1286004 0.1759838 0.1342024 0.1698312 0.1306185 0.1722854 0.1266333 0.1784124 0.1286004 0.1722854 0.1266333 0.1739209 0.1225458 0.1858382 0.130491 0.1784124 0.1286004 0.1796557 0.1231316 0.1394731 0.107517 0.1381875 0.1081543 0.1376597 0.1070459 0.1381875 0.1081543 0.1370795 0.1087962 0.136555 0.1079536 0.1376597 0.1070459 0.136555 0.1079536 0.1358772 0.1070509 0.1389349 0.1062075 0.1376597 0.1070459 0.1370252 0.1058843 0.148387 0.1098346 0.1483964 0.1099365 0.1468232 0.1100457 0.1499409 0.1097182 0.1499489 0.10982 0.1483964 0.1099365 0.1499489 0.10982 0.1499568 0.1099214 0.1484034 0.1100382 0.1468232 0.1100457 0.1483964 0.1099365 0.1484034 0.1100382 0.1365504 0.10205 0.1351454 0.1035525 0.1337753 0.1023803 0.1351454 0.1035525 0.1338817 0.1053173 0.1324533 0.1045033 0.1324533 0.1045033 0.1304444 0.1038715 0.1317798 0.1013219 0.1337753 0.1023803 0.1317798 0.1013219 0.1333144 0.09898048 0.1591622 0.1090381 0.1591932 0.1091395 0.157748 0.1093 0.1591932 0.1091395 0.1592293 0.1092346 0.1577802 0.1093927 0.157748 0.1093 0.1577802 0.1093927 0.1562914 0.1095479 0.1577201 0.1092027 0.157748 0.1093 0.1562653 0.1094562 0.1297203 0.06858009 0.1345808 0.07613599 0.1295191 0.08029681 0.1345808 0.07613599 0.1382138 0.08228737 0.1340962 0.08510333 0.1295191 0.08029681 0.1340962 0.08510333 0.1306884 0.08855348 0.1241697 0.07513284 0.1295191 0.08029681 0.1255081 0.08515816 0.1530531 0.1048242 0.153067 0.1068733 0.1513788 0.1069222 0.1530701 0.1085221 0.1514549 0.1086325 0.1513788 0.1069222 0.1514549 0.1086325 0.1498654 0.1087527 0.1497304 0.107026 0.1512786 0.1048038 0.1513788 0.1069222 0.1497304 0.107026 0.1682895 0.1009123 0.1698735 0.1034049 0.1679859 0.1040437 0.1698735 0.1034049 0.1709953 0.1054649 0.1691426 0.10592 0.1679859 0.1040437 0.1691426 0.10592 0.1677051 0.1063278 0.1664037 0.1018483 0.1679859 0.1040437 0.1666058 0.1047236 0.1619895 0.1084409 0.1605889 0.1086241 0.1606175 0.1084837 0.1605889 0.1086241 0.1591392 0.1088089 0.1591745 0.1086568 0.1606175 0.1084837 0.1591745 0.1086568 0.1593118 0.1082 0.1619895 0.1083088 0.1606175 0.1084837 0.1607328 0.1081265 0.1577202 0.1092027 0.1577015 0.1090932 0.1591416 0.1089234 0.1562424 0.109361 0.1562262 0.1092546 0.1577015 0.1090932 0.1577015 0.1090932 0.1562262 0.1092546 0.1562224 0.1091468 0.1591416 0.1089234 0.1577015 0.1090932 0.157699 0.1089828 0.1713676 0.1073369 0.1695526 0.1076018 0.1695572 0.1073287 0.1713676 0.1073369 0.1714149 0.1075934 0.1695978 0.1078265 0.1695526 0.1076018 0.1695978 0.1078265 0.1681897 0.1079984 0.1695526 0.1076018 0.1681433 0.1077964 0.1681364 0.1075517 0.1516215 0.1107647 0.151776 0.1121198 0.1501408 0.1122729 0.1532377 0.1106098 0.1534533 0.1119248 0.151776 0.1121198 0.1534533 0.1119248 0.1537508 0.1137353 0.1519917 0.1139942 0.151776 0.1121198 0.1519917 0.1139942 0.1502895 0.1141719 0.1621974 0.1093011 0.16244 0.1097533 0.161336 0.1101747 0.16244 0.1097533 0.1629153 0.1103634 0.1618828 0.111072 0.161336 0.1101747 0.1618828 0.111072 0.1606182 0.1117711 0.1609279 0.1095301 0.161336 0.1101747 0.1600088 0.1106248 0.1710665 0.09268534 0.1729146 0.09629839 0.1693111 0.0973488 0.1729146 0.09629839 0.174377 0.09966951 0.17101 0.1001728 0.1693111 0.0973488 0.17101 0.1001728 0.1682895 0.1009123 0.1673491 0.0945807 0.1693111 0.0973488 0.1665745 0.0986014 0.1656691 0.08582049 0.1687219 0.08913075 0.1650546 0.0919767 0.1687219 0.08913075 0.1710665 0.09268534 0.1673491 0.0945807 0.1650546 0.0919767 0.1673491 0.0945807 0.1646951 0.09652715 0.1622977 0.08964508 0.1650546 0.0919767 0.1625384 0.09463363 0.1231204 0.1116852 0.1200568 0.111766 0.1200963 0.1114326 0.1200568 0.111766 0.1168326 0.1117809 0.1168303 0.1114867 0.1200963 0.1114326 0.1168303 0.1114867 0.1168279 0.1111925 0.123202 0.1113651 0.1200963 0.1114326 0.1201196 0.1111151 0.1644216 0.1085546 0.165321 0.1084615 0.1653219 0.1086008 0.1644146 0.1084265 0.1652976 0.108326 0.165321 0.1084615 0.165321 0.1084615 0.1652976 0.108326 0.1661197 0.1082339 0.165321 0.1084615 0.1661661 0.1083787 0.1662024 0.1085334 0.1542136 0.09076601 0.1512886 0.09037005 0.1517252 0.08568209 0.1512886 0.09037005 0.148431 0.09040731 0.1480613 0.08567655 0.1517252 0.08568209 0.1480613 0.08567655 0.1475828 0.07955092 0.1553987 0.08634006 0.1517252 0.08568209 0.1524688 0.07966428 0.1463878 0.1231071 0.146606 0.120683 0.1487621 0.1208742 0.146606 0.120683 0.1467267 0.1184524 0.1487273 0.1185767 0.1487621 0.1208742 0.1487273 0.1185767 0.1506296 0.1185159 0.1487513 0.1233602 0.1487621 0.1208742 0.1508105 0.1208252 0.1515096 0.1097952 0.1515006 0.1096938 0.1530716 0.109557 0.1515096 0.1097952 0.1499568 0.1099214 0.1499489 0.10982 0.1515006 0.1096938 0.1499489 0.10982 0.1499409 0.1097182 0.1530716 0.109557 0.1515006 0.1096938 0.1514941 0.1095916 0.1681433 0.1077964 0.1670073 0.1079457 0.1669797 0.107726 0.1681433 0.1077964 0.1681897 0.1079984 0.1670557 0.1081295 0.1670073 0.1079457 0.1670557 0.1081295 0.1661197 0.1082339 0.1669797 0.107726 0.1670073 0.1079457 0.1660739 0.1080652 0.1406899 0.1106851 0.1421459 0.1106157 0.1421113 0.1107746 0.1421459 0.1106157 0.1436408 0.1105375 0.1436175 0.1107028 0.1421113 0.1107746 0.1436175 0.1107028 0.1435236 0.1112615 0.1406487 0.1108353 0.1421113 0.1107746 0.1419721 0.1112817 0.174377 0.09966951 0.1755042 0.1024863 0.1724454 0.1028712 0.1755042 0.1024863 0.1762092 0.1045017 0.1733986 0.1049693 0.1724454 0.1028712 0.1733986 0.1049693 0.1709953 0.1054649 0.17101 0.1001728 0.1724454 0.1028712 0.1698735 0.1034049 0.1337633 0.1103932 0.1345934 0.1103917 0.1345652 0.1105719 0.1345934 0.1103917 0.1354586 0.1103832 0.1354431 0.1105452 0.1345652 0.1105719 0.1354431 0.1105452 0.1354429 0.1106948 0.1337465 0.1105945 0.1345652 0.1105719 0.1345545 0.1107323 0.1571561 0.1018308 0.1569256 0.1035094 0.1549907 0.1031509 0.1569256 0.1035094 0.1567322 0.1051999 0.1549068 0.1049599 0.1549907 0.1031509 0.1549068 0.1049599 0.1530531 0.1048242 0.1551069 0.1013739 0.1549907 0.1031509 0.1530316 0.102929 0.1768569 0.1091645 0.1799126 0.1086225 0.179863 0.1107201 0.1799126 0.1086225 0.1829438 0.1075221 0.1834484 0.1096135 0.179863 0.1107201 0.1834484 0.1096135 0.183953 0.111705 0.1764478 0.1114969 0.179863 0.1107201 0.179817 0.1138458 0.1406487 0.1108353 0.1391944 0.1108945 0.1392309 0.1107546 0.1404883 0.1112698 0.1390583 0.1112417 0.1391944 0.1108945 0.1390583 0.1112417 0.1377691 0.1112134 0.1378234 0.1109521 0.1391944 0.1108945 0.1378234 0.1109521 0.1378331 0.1108217 0.1232423 0.1110669 0.1201196 0.1111151 0.1201289 0.1107439 0.1201196 0.1111151 0.1168279 0.1111925 0.1168394 0.1107757 0.1201289 0.1107439 0.1168394 0.1107757 0.1168507 0.1103587 0.1201289 0.1107439 0.1201163 0.1103213 0.1232038 0.1103205 0.1643394 0.108842 0.1652594 0.1088068 0.1649906 0.1092638 0.1644048 0.1086795 0.1653218 0.1086008 0.1652594 0.1088068 0.1653218 0.1086008 0.1662024 0.1085334 0.1661791 0.1087848 0.1652594 0.1088068 0.1661791 0.1087848 0.1659071 0.1094027 0.1765191 0.1068992 0.1766052 0.1071875 0.1738317 0.1075361 0.1766052 0.1071875 0.1767356 0.1074908 0.1739698 0.1078044 0.1738317 0.1075361 0.1739698 0.1078044 0.1716201 0.1080434 0.1737462 0.1072824 0.1738317 0.1075361 0.1714931 0.1078117 0.1619895 0.1084409 0.1619895 0.1083088 0.1632052 0.1081392 0.1620278 0.1080457 0.1631 0.1079322 0.1632052 0.1081392 0.1632052 0.1081392 0.1631 0.1079322 0.1639565 0.1077002 0.1632607 0.1082738 0.1632052 0.1081392 0.164229 0.1079648 0.1827204 0.1052065 0.1827964 0.1056164 0.1795433 0.1060964 0.1827964 0.1056164 0.1828724 0.1060262 0.1796101 0.1064615 0.1795433 0.1060964 0.1796101 0.1064615 0.1765191 0.1068992 0.1795433 0.1060964 0.1764578 0.1065605 0.1764411 0.1061562 0.1333144 0.09898048 0.135151 0.09677457 0.1370123 0.09881585 0.135151 0.09677457 0.1373624 0.09475326 0.1390855 0.09725016 0.1370123 0.09881585 0.1390855 0.09725016 0.1401629 0.09939128 0.135255 0.1005334 0.1370123 0.09881585 0.1382135 0.1006613 0.1283452 0.1103911 0.1282634 0.1099305 0.1301254 0.1099976 0.1284778 0.1087904 0.1303794 0.1089519 0.1301254 0.1099976 0.1303794 0.1089519 0.1318636 0.1091309 0.131592 0.1100422 0.1301887 0.1104081 0.1301254 0.1099976 0.131592 0.1100422 0.1345731 0.1110077 0.1345524 0.1108698 0.1354559 0.1108224 0.133692 0.1110774 0.1337038 0.1109189 0.1345524 0.1108698 0.1345524 0.1108698 0.1337038 0.1109189 0.1337273 0.1107684 0.1345524 0.1108698 0.1345545 0.1107323 0.1354429 0.1106948 0.1709953 0.1054649 0.1733986 0.1049693 0.1737126 0.1061 0.1733986 0.1049693 0.1762092 0.1045016 0.1764425 0.1056039 0.1737126 0.1061 0.1764425 0.1056039 0.1764411 0.1061562 0.1713841 0.1065577 0.1737126 0.1061 0.1736949 0.1066213 0.1606181 0.1117711 0.1618828 0.111072 0.1624634 0.1121196 0.1618828 0.111072 0.1629153 0.1103634 0.1635163 0.1111307 0.1624634 0.1121196 0.1635163 0.1111307 0.1642662 0.111976 0.1612045 0.1130362 0.1624634 0.1121196 0.1631577 0.1132435 0.142193 0.1389188 0.1375288 0.1365803 0.1404904 0.1318371 0.1375288 0.1365803 0.1335452 0.133463 0.1371169 0.1297611 0.1404904 0.1318371 0.1371169 0.1297611 0.1392583 0.126693 0.1442168 0.1333068 0.1404904 0.1318371 0.1422217 0.1281667 0.1618688 0.1143696 0.1603338 0.1154166 0.1596956 0.1138845 0.1603338 0.1154166 0.1585433 0.1163709 0.1579543 0.1146356 0.1596956 0.1138845 0.1579543 0.1146356 0.1574288 0.1129683 0.1612045 0.1130362 0.1596956 0.1138845 0.1591219 0.1124162 0.1601174 0.09894829 0.1610171 0.0969389 0.1630197 0.09836232 0.1579944 0.09799683 0.1587259 0.0957145 0.1610171 0.0969389 0.1587259 0.0957145 0.1600399 0.09298056 0.1625384 0.09463363 0.1610171 0.0969389 0.1625384 0.09463363 0.1646951 0.09652715 0.1691426 0.1059201 0.1695559 0.1069135 0.1681147 0.1071857 0.1709953 0.1054649 0.1713841 0.1065577 0.1695559 0.1069135 0.1695559 0.1069135 0.1713841 0.1065577 0.1713749 0.1070252 0.1681147 0.1071857 0.1695559 0.1069135 0.1695572 0.1073287 0.1555345 0.1223906 0.1579191 0.1214287 0.1589438 0.1239001 0.1579191 0.1214287 0.1602075 0.1201927 0.1614125 0.1223921 0.1589438 0.1239001 0.1614125 0.1223921 0.1631346 0.1248221 0.1563284 0.1250616 0.1589438 0.1239001 0.1604372 0.1267393 0.1638715 0.1172169 0.1652442 0.115544 0.166711 0.1166865 0.1652442 0.115544 0.1664325 0.1136195 0.1679272 0.1143693 0.1679272 0.1143693 0.1698793 0.1149034 0.1686558 0.1176674 0.1652871 0.1187345 0.166711 0.1166865 0.1686558 0.1176674 0.1370795 0.1087962 0.1374843 0.1094836 0.1365791 0.1097964 0.1374843 0.1094836 0.1377249 0.1099555 0.1367343 0.1100451 0.1365791 0.1097964 0.1367343 0.1100451 0.1364308 0.1100655 0.1361929 0.1094151 0.1365791 0.1097964 0.1361889 0.1100337 0.1427735 0.08042162 0.1405618 0.07334595 0.1469886 0.07194405 0.1382138 0.08228737 0.1345808 0.07613599 0.1405618 0.07334595 0.1345808 0.07613599 0.1297203 0.06858009 0.1379736 0.06538504 0.1405618 0.07334595 0.1379736 0.06538504 0.1462268 0.06218999 0.1767356 0.1074908 0.176891 0.1079761 0.1741299 0.108259 0.1768569 0.1091645 0.174032 0.1094771 0.1741299 0.108259 0.174032 0.1094771 0.1716161 0.109624 0.1717598 0.108453 0.1739698 0.1078044 0.1741299 0.108259 0.1717598 0.108453 0.134256 0.1161386 0.1353198 0.1151528 0.1367054 0.1165306 0.1353198 0.1151528 0.136141 0.1141778 0.1374334 0.1152576 0.1367054 0.1165306 0.1374334 0.1152576 0.1388818 0.1161694 0.1357297 0.1178551 0.1367054 0.1165306 0.1382303 0.1176795 0.1539715 0.1611462 0.1530327 0.1491764 0.1600456 0.1475738 0.1530327 0.1491764 0.1523379 0.1403148 0.157385 0.1393751 0.1600456 0.1475738 0.157385 0.1393751 0.1621405 0.1373545 0.1633129 0.1573171 0.1600456 0.1475738 0.1665166 0.1443861 0.1345262 0.1227728 0.1361838 0.1210139 0.1382128 0.1226288 0.1361838 0.1210139 0.1373462 0.1192942 0.1392369 0.1205689 0.1382128 0.1226288 0.1392369 0.1205689 0.1414293 0.1216635 0.1366929 0.1248631 0.1382128 0.1226288 0.1405813 0.124024 0.1378261 0.1103286 0.137843 0.1104616 0.1365425 0.1105067 0.1378431 0.110596 0.1365467 0.1106489 0.1365425 0.1105067 0.1365467 0.1106489 0.1354429 0.1106948 0.1354432 0.1105452 0.1365425 0.1105067 0.1354432 0.1105452 0.1354586 0.1103832 0.1500334 0.1109001 0.1499848 0.1102787 0.1515511 0.1101511 0.1499848 0.1102787 0.1499712 0.1101052 0.1515306 0.1099791 0.1515511 0.1101511 0.1515306 0.1099791 0.1531109 0.1098438 0.1516215 0.1107646 0.1515511 0.1101511 0.1531394 0.1100129 0.1548925 0.1104385 0.1547558 0.1098645 0.1563401 0.1097076 0.1532377 0.1106098 0.1531394 0.1100128 0.1547558 0.1098645 0.1531394 0.1100128 0.1531109 0.1098438 0.1547178 0.1096993 0.1547558 0.1098645 0.1547178 0.1096993 0.1562914 0.1095479 0.1523379 0.1403148 0.1518452 0.1340297 0.1556103 0.1334229 0.1518452 0.1340297 0.1514971 0.1295892 0.1545005 0.1291472 0.1556103 0.1334229 0.1545005 0.1291472 0.1574901 0.1282193 0.157385 0.139375 0.1556103 0.1334229 0.1592674 0.1321269 0.1392369 0.1205689 0.1400004 0.1186909 0.1420379 0.1195543 0.1373462 0.1192942 0.1382303 0.1176795 0.1400004 0.1186909 0.1382303 0.1176795 0.1388818 0.1161694 0.1405611 0.1169648 0.1400004 0.1186909 0.1405611 0.1169648 0.1424784 0.1176288 0.1438825 0.1225282 0.1443047 0.1202325 0.146606 0.120683 0.1414293 0.1216635 0.1420379 0.1195543 0.1443047 0.1202325 0.1420379 0.1195543 0.1424784 0.1176288 0.1445913 0.1181319 0.1443047 0.1202325 0.1445913 0.1181319 0.1467267 0.1184524 0.1469886 0.07194405 0.1535549 0.07233124 0.1524688 0.07966428 0.1462268 0.06218999 0.1548758 0.06406533 0.1535549 0.07233124 0.1548758 0.06406533 0.1635247 0.06594067 0.1598963 0.0741589 0.1535549 0.07233124 0.1598963 0.0741589 0.1572628 0.08079934 0.1430498 0.1140937 0.1412914 0.1138118 0.1416642 0.1123663 0.1412914 0.1138118 0.139713 0.1134074 0.1401364 0.1121801 0.1416642 0.1123663 0.1401364 0.1121801 0.1404883 0.1112699 0.143314 0.1124729 0.1416642 0.1123663 0.1419721 0.1112817 0.1358276 0.1113708 0.136351 0.1118369 0.1357272 0.112348 0.136351 0.1118369 0.137225 0.1123747 0.1367506 0.1132262 0.1367506 0.1132262 0.136141 0.1141778 0.1349704 0.1129432 0.1350035 0.1116113 0.1357272 0.112348 0.1349704 0.1129432 0.1330824 0.1121691 0.1340243 0.113545 0.132861 0.1141434 0.134119 0.1118906 0.1349704 0.1129432 0.1340243 0.113545 0.1340243 0.113545 0.1349704 0.1129432 0.136141 0.1141778 0.1340243 0.113545 0.1353198 0.1151528 0.134256 0.1161386 0.1642662 0.111976 0.16523 0.1105746 0.1662578 0.1110221 0.1659071 0.1094027 0.1669738 0.1095169 0.1662578 0.1110221 0.1669738 0.1095169 0.1682285 0.1096002 0.1674995 0.1114324 0.1662578 0.1110221 0.1674995 0.1114324 0.1664325 0.1136195 0.163695 0.109696 0.1643904 0.110104 0.1635163 0.1111307 0.1641395 0.1091542 0.1649906 0.1092638 0.1643904 0.110104 0.1649906 0.1092638 0.1659071 0.1094027 0.16523 0.1105746 0.1635163 0.1111307 0.1643904 0.110104 0.16523 0.1105746 0.1285175 0.1184947 0.1270738 0.1155322 0.1295526 0.1152207 0.1251849 0.1186986 0.1240284 0.1155994 0.1270738 0.1155322 0.1240284 0.1155994 0.123261 0.1133581 0.1261013 0.1132274 0.1270738 0.1155322 0.1261013 0.1132274 0.1285113 0.1129967 0.1392583 0.126693 0.1405813 0.124024 0.1432549 0.1251293 0.1405813 0.124024 0.1414293 0.1216635 0.1438825 0.1225282 0.1432549 0.1251293 0.1438825 0.1225282 0.1463878 0.1231071 0.1422218 0.1281667 0.1432549 0.1251293 0.1460195 0.1258693 0.1602075 0.1201927 0.1622025 0.1187703 0.1635347 0.1206453 0.1622025 0.1187703 0.1638715 0.1172169 0.1652871 0.1187345 0.1635347 0.1206453 0.1652871 0.1187345 0.1671978 0.1202136 0.1614125 0.1223921 0.1635347 0.1206453 0.1653835 0.1226153 0.1651197 0.1028742 0.1666058 0.1047236 0.1655056 0.1053897 0.1666058 0.1047236 0.1677051 0.1063278 0.1665113 0.1066984 0.1655056 0.1053897 0.1665113 0.1066984 0.165524 0.1070495 0.1655056 0.1053897 0.1646298 0.1060476 0.1634188 0.1048963 0.1315376 0.1112342 0.1327069 0.1111524 0.1327207 0.1114437 0.133692 0.1110774 0.133754 0.1113224 0.1327207 0.1114437 0.133754 0.1113224 0.134119 0.1118906 0.1330824 0.1121691 0.1327207 0.1114437 0.1330824 0.1121691 0.1318553 0.1124463 0.1421623 0.1101982 0.142177 0.1103076 0.1407281 0.1103641 0.1436467 0.1101305 0.1436597 0.1102375 0.142177 0.1103076 0.142177 0.1103076 0.1436597 0.1102375 0.1436602 0.1103452 0.1407281 0.1103641 0.142177 0.1103076 0.1421757 0.1104187 0.1562224 0.1091468 0.1546617 0.1093046 0.1546729 0.1091209 0.1546617 0.1093046 0.1530662 0.1094537 0.1530676 0.1092652 0.1546729 0.1091209 0.1530676 0.1092652 0.1530701 0.1085221 0.156244 0.1089712 0.1546729 0.1091209 0.1547182 0.1084241 0.1231757 0.1086494 0.1201339 0.1087865 0.1202828 0.1068748 0.1201339 0.1087865 0.1170676 0.109408 0.116949 0.107442 0.1202828 0.1068748 0.116949 0.107442 0.1168302 0.1054759 0.1235592 0.1065483 0.1202828 0.1068748 0.1205168 0.103996 0.1328957 0.117112 0.1344581 0.1192123 0.1326892 0.1204841 0.1328957 0.117112 0.134256 0.1161386 0.1357297 0.1178551 0.1344581 0.1192123 0.1357297 0.1178551 0.1373462 0.1192942 0.1326892 0.1204841 0.1344581 0.1192123 0.1361838 0.1210139 0.1394731 0.107517 0.1400156 0.1087516 0.1386699 0.1091277 0.1400156 0.1087516 0.1404474 0.1096761 0.1390306 0.109826 0.1386699 0.1091277 0.1390306 0.109826 0.1377249 0.1099555 0.1381875 0.1081544 0.1386699 0.1091277 0.1374843 0.1094836 0.1327006 0.1073753 0.131231 0.1069183 0.1324533 0.1045033 0.1318636 0.109131 0.1303794 0.1089519 0.131231 0.1069183 0.1303794 0.1089519 0.1284778 0.1087904 0.1292664 0.1065805 0.131231 0.1069183 0.1292664 0.1065805 0.1304444 0.1038715 0.1781122 0.0994932 0.1772159 0.0955398 0.1819439 0.09505349 0.174377 0.09966951 0.1729146 0.09629833 0.1772159 0.0955398 0.1729146 0.09629833 0.1710665 0.09268534 0.1758469 0.09101086 0.1772159 0.0955398 0.1758469 0.09101086 0.1819056 0.08972477 0.1716201 0.1080434 0.1717598 0.108453 0.1698998 0.1085869 0.1716161 0.109624 0.1697233 0.1096491 0.1698998 0.1085869 0.1697233 0.1096491 0.1682285 0.1096002 0.1684362 0.1086794 0.1697839 0.1082215 0.1698998 0.1085869 0.1684362 0.1086794 0.1282613 0.1114354 0.1301035 0.1113258 0.1300459 0.1117048 0.1301035 0.1113258 0.1315376 0.1112342 0.1315067 0.1115688 0.1315067 0.1115688 0.1318553 0.1124463 0.1303858 0.1127271 0.1300459 0.1117048 0.1303858 0.1127271 0.1285113 0.1129967 0.1453637 0.1291697 0.1460195 0.1258693 0.1486712 0.126193 0.1460195 0.1258693 0.1463878 0.1231071 0.1487513 0.1233602 0.1486712 0.126193 0.1487513 0.1233602 0.1510058 0.1233176 0.1484616 0.1296205 0.1486712 0.126193 0.1512278 0.1261515 0.1235592 0.1065483 0.1266419 0.1064532 0.1260259 0.1086745 0.1242355 0.1035897 0.127641 0.1035638 0.1266419 0.1064532 0.127641 0.1035638 0.1304444 0.1038715 0.1292664 0.1065806 0.1266419 0.1064532 0.1292664 0.1065806 0.1284778 0.1087904 0.1792342 0.1041643 0.179427 0.1051461 0.1764425 0.1056039 0.1823585 0.1043015 0.1825394 0.104754 0.179427 0.1051461 0.1825394 0.104754 0.1827204 0.1052065 0.17949 0.1056771 0.1764425 0.1056039 0.179427 0.1051461 0.17949 0.1056771 0.1232502 0.1107226 0.1260486 0.1107103 0.1260421 0.1110141 0.1232502 0.1107226 0.1232038 0.1103205 0.1259899 0.1103528 0.1260486 0.1107103 0.1259899 0.1103528 0.1283452 0.1103911 0.1260486 0.1107103 0.1284009 0.1106979 0.1283941 0.1109587 0.1316276 0.1104074 0.131592 0.1100422 0.1328093 0.110077 0.1318636 0.1091309 0.1331014 0.1093113 0.1328093 0.110077 0.1331014 0.1093113 0.1341332 0.1095044 0.133824 0.1101157 0.1328093 0.110077 0.133824 0.1101157 0.1337633 0.1103932 0.1231204 0.1116852 0.1259024 0.1115648 0.1258149 0.112039 0.1259024 0.1115648 0.1282613 0.1114354 0.1281871 0.1118619 0.1281871 0.1118619 0.1285113 0.1129967 0.1261013 0.1132274 0.1258149 0.112039 0.1261013 0.1132274 0.123261 0.1133581 0.1634188 0.1048963 0.1628872 0.1058921 0.1616567 0.1051679 0.1628872 0.1058921 0.1624788 0.1067996 0.1613048 0.106344 0.1616567 0.1051679 0.1613048 0.106344 0.1599387 0.1059155 0.1621031 0.1039223 0.1616567 0.1051679 0.1602669 0.1045383 0.132798 0.1103997 0.132805 0.1106213 0.1316589 0.1106504 0.132798 0.1103997 0.1337633 0.1103932 0.1337465 0.1105945 0.132805 0.1106213 0.1337465 0.1105945 0.1337273 0.1107684 0.1316589 0.1106504 0.132805 0.1106213 0.1327857 0.1108105 0.1301887 0.1104081 0.1302357 0.1106774 0.1284009 0.1106979 0.1316276 0.1104074 0.1316589 0.1106504 0.1302357 0.1106774 0.1302357 0.1106774 0.1316589 0.1106504 0.1316444 0.1108573 0.1284009 0.1106979 0.1302357 0.1106774 0.130226 0.1109064 0.1713749 0.1070252 0.1736949 0.1066213 0.1736925 0.1069834 0.1736949 0.1066213 0.1764411 0.1061562 0.1764578 0.1065605 0.1764578 0.1065605 0.1765191 0.1068992 0.1737462 0.1072824 0.1736925 0.1069834 0.1737462 0.1072824 0.1714149 0.1075934 0.120157 0.1132979 0.120032 0.1122573 0.1230424 0.1121889 0.1169901 0.112682 0.1169114 0.1122314 0.120032 0.1122573 0.1169114 0.1122314 0.1168326 0.1117809 0.1200568 0.111766 0.1230424 0.1121889 0.120032 0.1122573 0.1200568 0.111766 0.1397129 0.1134074 0.138355 0.1129137 0.1387556 0.1119421 0.138355 0.1129137 0.137225 0.1123747 0.1375998 0.1116979 0.1387556 0.1119421 0.1375998 0.1116979 0.1377691 0.1112134 0.1401364 0.1121801 0.1387556 0.1119421 0.1390583 0.1112417 0.1468145 0.1124443 0.1485018 0.112376 0.1485804 0.1142612 0.1468229 0.1111117 0.1484435 0.1110132 0.1485018 0.112376 0.1484435 0.1110132 0.1500334 0.1109001 0.1501408 0.1122729 0.1485018 0.112376 0.1501408 0.1122729 0.1502895 0.1141719 0.1316444 0.1108573 0.1327857 0.1108105 0.1327502 0.1109749 0.1327857 0.1108105 0.1337273 0.1107684 0.1337038 0.1109189 0.1327502 0.1109749 0.1337038 0.1109189 0.133692 0.1110774 0.1316046 0.1110376 0.1327502 0.1109749 0.1327069 0.1111524 0.1404474 0.1096761 0.140654 0.1101059 0.1391982 0.1101593 0.140654 0.1101059 0.1407126 0.1102507 0.1392503 0.1102936 0.1391982 0.1101593 0.1392503 0.1102936 0.1378261 0.1103286 0.1390306 0.109826 0.1391982 0.1101593 0.13779 0.1101962 0.1152512 0.1286094 0.1159473 0.1227914 0.1216452 0.1227082 0.1159473 0.1227914 0.1166434 0.1169734 0.1210646 0.1184452 0.1216452 0.1227082 0.1210646 0.1184452 0.1251849 0.1186986 0.1226705 0.1275964 0.1216452 0.1227082 0.126547 0.1223027</float_array>
          <technique_common>
            <accessor source="#bug_headlight_R_lid_animated-mesh-map-0-array" count="4788" stride="2">
              <param name="S" type="float"/>
              <param name="T" type="float"/>
            </accessor>
          </technique_common>
        </source>
        <vertices id="bug_headlight_R_lid_animated-mesh-vertices">
          <input semantic="POSITION" source="#bug_headlight_R_lid_animated-mesh-positions"/>
        </vertices>
        <triangles material="bug_aluminum-material" count="1596">
          <input semantic="VERTEX" source="#bug_headlight_R_lid_animated-mesh-vertices" offset="0"/>
          <input semantic="NORMAL" source="#bug_headlight_R_lid_animated-mesh-normals" offset="1"/>
          <input semantic="TEXCOORD" source="#bug_headlight_R_lid_animated-mesh-map-0" offset="2" set="0"/>
          <p>217 0 0 392 1 1 8 2 2 40 3 3 627 4 4 217 0 5 277 5 6 435 6 7 627 4 8 627 4 9 6 7 10 392 1 11 130 8 12 628 9 13 321 10 14 399 11 15 344 12 16 628 9 17 628 9 18 132 13 19 253 14 20 321 10 21 253 14 22 152 15 23 177 16 24 629 17 25 243 18 26 274 19 27 241 20 28 629 17 29 629 17 30 19 21 31 319 22 32 243 18 33 319 22 34 146 23 35 12 24 36 630 25 37 424 26 38 553 27 39 494 28 40 630 25 41 630 25 42 24 29 43 275 30 44 424 26 45 275 30 46 13 31 47 474 32 48 315 33 49 183 34 50 474 32 51 237 35 52 631 36 53 631 36 54 181 37 55 261 38 56 315 33 57 261 38 58 178 39 59 118 40 60 632 41 61 584 42 62 585 43 63 457 44 64 632 41 65 632 41 66 132 13 67 344 12 68 584 42 69 344 12 70 119 45 71 369 46 72 331 47 73 93 48 74 82 49 75 633 50 76 369 46 77 442 51 78 383 52 79 633 50 80 633 50 81 92 53 82 331 47 83 119 45 84 634 54 85 546 55 86 256 56 87 399 11 88 130 8 89 127 57 90 634 54 91 256 56 92 607 58 93 300 59 94 173 60 95 164 61 96 635 62 97 607 58 98 549 63 99 301 64 100 635 62 101 635 62 102 171 65 103 300 59 104 146 23 105 636 66 106 243 18 107 426 67 108 255 68 109 636 66 110 636 66 111 5 69 112 489 70 113 243 18 114 489 70 115 177 16 116 469 71 117 236 72 118 206 73 119 469 71 120 235 74 121 637 75 122 637 75 123 152 15 124 253 14 125 236 72 126 253 14 127 132 13 128 83 76 129 638 77 130 355 78 131 293 79 132 430 80 133 638 77 134 638 77 135 31 81 136 499 82 137 355 78 138 499 82 139 46 83 140 195 84 141 639 85 142 278 86 143 504 87 144 284 88 145 639 85 146 639 85 147 97 89 148 446 90 149 278 86 150 446 90 151 129 91 152 555 92 153 564 93 154 27 94 155 26 95 156 640 96 157 555 92 158 293 79 159 371 97 160 640 96 161 640 96 162 76 98 163 564 93 164 517 99 165 398 100 166 125 101 167 124 102 168 641 103 169 517 99 170 254 104 171 583 105 172 641 103 173 641 103 174 118 40 175 398 100 176 466 106 177 364 107 178 162 108 179 197 109 180 642 110 181 466 106 182 642 110 183 194 111 184 317 112 185 642 110 186 163 113 187 364 107 188 117 114 189 643 115 190 583 105 191 400 116 192 518 117 193 643 115 194 643 115 195 128 118 196 585 43 197 583 105 198 585 43 199 118 40 200 115 119 201 644 120 202 617 121 203 385 122 204 386 123 205 644 120 206 644 120 207 112 124 208 511 125 209 617 121 210 511 125 211 44 126 212 109 127 213 645 128 214 576 129 215 248 130 216 287 131 217 645 128 218 645 128 219 99 132 220 567 133 221 576 129 222 567 133 223 101 134 224 370 135 225 312 136 226 107 137 227 21 138 228 646 139 229 370 135 230 426 67 231 273 140 232 646 139 233 646 139 234 148 141 235 312 136 236 4 142 237 647 143 238 272 144 239 14 145 240 647 143 241 266 146 242 272 144 243 215 147 244 18 148 245 38 149 246 648 150 247 435 6 248 436 151 249 414 152 250 648 150 251 648 150 252 116 153 253 362 154 254 435 6 255 362 154 256 6 7 257 159 155 258 649 156 259 594 157 260 595 158 261 405 159 262 649 156 263 649 156 264 175 160 265 523 161 266 594 157 267 523 161 268 176 162 269 465 163 270 397 164 271 7 165 272 91 166 273 650 167 274 465 163 275 527 168 276 599 169 277 650 167 278 650 167 279 34 170 280 397 164 281 173 60 282 651 171 283 607 58 284 609 172 285 288 173 286 651 171 287 651 171 288 94 174 289 592 175 290 607 58 291 592 175 292 164 61 293 158 176 294 652 177 295 596 178 296 595 158 297 297 179 298 652 177 299 652 177 300 156 180 301 480 181 302 596 178 303 480 181 304 154 182 305 13 31 306 653 183 307 413 184 308 275 30 309 542 185 310 653 183 311 653 183 312 22 186 313 366 187 314 413 184 315 366 187 316 14 145 317 45 188 318 654 189 319 410 190 320 500 191 321 558 192 322 654 189 323 654 189 324 199 193 325 276 194 326 410 190 327 276 194 328 204 195 329 294 196 330 374 197 331 76 98 332 144 198 333 655 199 334 294 196 335 404 200 336 460 201 337 655 199 338 655 199 339 17 202 340 374 197 341 139 203 342 656 204 343 347 205 344 587 206 345 258 207 346 656 204 347 656 204 348 141 208 349 345 209 350 347 205 351 345 209 352 134 210 353 21 138 354 657 211 355 581 212 356 370 135 357 610 213 358 657 211 359 657 211 360 100 214 361 314 215 362 581 212 363 314 215 364 52 216 365 18 148 366 658 217 367 272 144 368 280 218 369 267 219 370 658 217 371 658 217 372 20 220 373 216 221 374 272 144 375 216 221 376 4 142 377 420 222 378 364 107 379 163 113 380 180 223 381 659 224 382 420 222 383 296 225 384 237 35 385 659 224 386 659 224 387 162 108 388 364 107 389 328 226 390 259 227 391 151 228 392 150 229 393 660 230 394 328 226 395 591 231 396 348 232 397 660 230 398 660 230 399 137 233 400 259 227 401 96 234 402 661 235 403 406 236 404 624 237 405 536 238 406 661 235 407 536 238 408 626 239 409 661 235 410 661 235 411 100 214 412 406 236 413 47 240 414 662 241 415 368 242 416 106 243 417 662 241 418 251 244 419 448 245 420 389 246 421 662 241 422 368 242 423 389 246 424 49 247 425 378 248 426 440 249 427 73 250 428 72 251 429 663 252 430 378 248 431 279 253 432 329 254 433 663 252 434 663 252 435 51 255 436 440 249 437 60 256 438 664 257 439 548 258 440 382 259 441 458 260 442 664 257 443 664 257 444 117 114 445 254 104 446 548 258 447 254 104 448 124 102 449 490 261 450 531 262 451 184 263 452 34 170 453 665 264 454 490 261 455 313 265 456 530 266 457 665 264 458 665 264 459 196 267 460 531 262 461 405 159 462 491 268 463 175 160 464 158 176 465 666 269 466 405 159 467 525 270 468 257 271 469 666 269 470 491 268 471 257 271 472 37 272 473 594 157 474 352 273 475 159 155 476 176 162 477 667 274 478 594 157 479 479 275 480 270 276 481 667 274 482 667 274 483 160 277 484 352 273 485 134 210 486 668 278 487 347 205 488 572 279 489 355 78 490 668 278 491 668 278 492 46 83 493 346 280 494 347 205 495 346 280 496 139 203 497 39 281 498 669 282 499 433 283 500 395 284 501 326 285 502 669 282 503 669 282 504 10 286 505 327 287 506 433 283 507 327 287 508 11 288 509 486 289 510 283 290 511 179 291 512 15 292 513 670 293 514 486 289 515 324 294 516 552 295 517 670 293 518 670 293 519 142 296 520 283 290 521 195 84 522 671 297 523 249 298 524 563 299 525 527 168 526 671 297 527 671 297 528 91 166 529 441 300 530 249 298 531 441 300 532 165 301 533 328 226 534 350 302 535 150 229 536 151 228 537 672 303 538 328 226 539 478 304 540 472 305 541 672 303 542 672 303 543 121 306 544 350 302 545 129 91 546 673 307 547 278 86 548 86 308 549 673 307 550 444 309 551 673 307 552 84 310 553 563 299 554 278 86 555 563 299 556 195 84 557 402 311 558 404 200 559 144 198 560 138 312 561 674 313 562 402 311 563 591 231 564 522 314 565 674 313 566 674 313 567 147 315 568 404 200 569 129 91 570 675 316 571 444 309 572 285 317 573 598 318 574 675 316 575 675 316 576 70 319 577 384 320 578 444 309 579 384 320 580 86 308 581 15 292 582 676 321 583 324 294 584 396 322 585 214 323 586 676 321 587 676 321 588 46 83 589 499 82 590 324 294 591 499 82 592 31 81 593 290 324 594 487 325 595 16 326 596 106 243 597 677 327 598 290 324 599 620 328 600 578 329 601 677 327 602 677 327 603 19 21 604 487 325 605 403 330 606 530 266 607 3 331 608 0 332 609 678 333 610 403 330 611 609 172 612 625 334 613 678 333 614 678 333 615 196 267 616 530 266 617 359 335 618 372 336 619 157 337 620 359 335 621 360 338 622 679 339 623 679 339 624 205 340 625 271 341 626 679 339 627 156 180 628 372 336 629 124 102 630 680 342 631 548 258 632 139 203 633 680 342 634 292 343 635 346 280 636 214 323 637 680 342 638 548 258 639 214 323 640 60 256 641 75 344 642 681 345 643 298 346 644 557 347 645 498 348 646 681 345 647 681 345 648 165 301 649 441 300 650 298 346 651 441 300 652 91 166 653 52 216 654 682 349 655 343 350 656 314 215 657 626 239 658 682 349 659 682 349 660 203 351 661 363 352 662 343 350 663 363 352 664 131 353 665 86 308 666 683 354 667 532 355 668 3 331 669 683 354 670 529 356 671 313 265 672 599 169 673 683 354 674 683 354 675 84 310 676 532 355 677 136 357 678 684 358 679 320 359 680 431 360 681 242 361 682 684 358 683 684 358 684 42 362 685 232 363 686 320 359 687 232 363 688 170 364 689 322 365 690 351 366 691 12 24 692 1 367 693 685 368 694 322 365 695 274 19 696 218 369 697 685 368 698 685 368 699 179 291 700 351 366 701 589 370 702 590 371 703 149 372 704 589 370 705 295 373 706 686 374 707 295 373 708 611 375 709 686 374 710 686 374 711 123 376 712 590 371 713 204 195 714 687 377 715 410 190 716 148 141 717 687 377 718 252 378 719 545 379 720 512 380 721 687 377 722 410 190 723 512 380 724 45 188 725 66 381 726 688 382 727 556 383 728 367 384 729 460 201 730 688 382 731 688 382 732 147 315 733 521 385 734 556 383 735 521 385 736 120 386 737 97 89 738 689 387 739 446 90 740 509 388 741 570 389 742 689 387 743 689 387 744 193 390 745 285 317 746 446 90 747 285 317 748 129 91 749 342 391 750 377 392 751 41 393 752 28 394 753 690 395 754 342 391 755 496 396 756 219 397 757 690 395 758 690 395 759 40 3 760 377 392 761 29 398 762 691 399 763 219 397 764 554 400 765 476 401 766 691 399 767 691 399 768 38 149 769 277 5 770 219 397 771 277 5 772 40 3 773 28 394 774 692 402 775 580 403 776 340 404 777 268 405 778 692 402 779 692 402 780 85 406 781 394 407 782 580 403 783 394 407 784 32 408 785 283 290 786 351 366 787 179 291 788 283 290 789 415 409 790 693 410 791 693 410 792 30 411 793 553 27 794 693 410 795 12 24 796 351 366 797 498 348 798 565 412 799 165 301 800 126 413 801 694 414 802 498 348 803 438 415 804 508 416 805 694 414 806 694 414 807 89 417 808 565 412 809 137 233 810 695 418 811 239 419 812 586 420 813 238 421 814 695 418 815 695 418 816 186 422 817 354 423 818 239 419 819 354 423 820 212 424 821 135 425 822 696 426 823 258 207 824 588 427 825 519 428 826 696 426 827 696 426 828 140 429 829 401 430 830 258 207 831 401 430 832 141 208 833 151 228 834 697 431 835 615 432 836 259 227 837 239 419 838 697 431 839 697 431 840 212 424 841 608 433 842 615 432 843 608 433 844 149 372 845 50 434 846 698 435 847 329 254 848 500 191 849 449 436 850 698 435 851 698 435 852 47 240 853 330 437 854 329 254 855 330 437 856 51 255 857 201 438 858 699 439 859 467 440 860 306 441 861 535 442 862 699 439 863 699 439 864 174 443 865 550 444 866 467 440 867 550 444 868 161 445 869 61 446 870 700 447 871 477 448 872 332 449 873 447 450 874 700 447 875 700 447 876 68 451 877 543 452 878 477 448 879 543 452 880 63 453 881 54 454 882 701 455 883 310 456 884 227 457 885 260 458 886 701 455 887 701 455 888 96 234 889 622 459 890 310 456 891 622 459 892 48 460 893 558 192 894 318 461 895 199 193 896 50 434 897 702 462 898 558 192 899 279 253 900 438 415 901 702 462 902 318 461 903 438 415 904 126 413 905 339 463 906 280 218 907 18 148 908 79 464 909 703 465 910 339 463 911 246 466 912 579 467 913 703 465 914 703 465 915 43 468 916 280 218 917 160 277 918 704 469 919 593 470 920 178 39 921 704 469 922 270 276 923 593 470 924 261 38 925 181 37 926 211 471 927 705 472 928 485 473 929 233 474 930 420 222 931 705 472 932 705 472 933 163 113 934 484 475 935 485 473 936 484 475 937 161 445 938 59 476 939 706 477 940 618 478 941 568 479 942 387 480 943 706 477 944 706 477 945 67 481 946 332 449 947 618 478 948 332 449 949 61 446 950 16 326 951 707 482 952 290 324 953 425 483 954 450 484 955 707 482 956 707 482 957 108 485 958 448 245 959 290 324 960 448 245 961 106 243 962 65 486 963 708 487 964 619 488 965 223 489 966 567 133 967 708 487 968 567 133 969 569 490 970 708 487 971 619 488 972 569 490 973 64 491 974 204 195 975 709 492 976 616 493 977 276 194 978 439 494 979 709 492 980 709 492 981 54 454 982 310 456 983 616 493 984 310 456 985 48 460 986 7 165 987 710 495 988 465 163 989 230 496 990 462 497 991 710 495 992 710 495 993 75 344 994 298 346 995 465 163 996 298 346 997 91 166 998 180 223 999 711 498 1000 481 499 1001 233 474 1002 469 71 1003 711 498 1004 711 498 1005 206 73 1006 359 335 1007 481 499 1008 359 335 1009 157 337 1010 578 329 1011 319 22 1012 19 21 1013 104 500 1014 712 501 1015 578 329 1016 545 379 1017 273 140 1018 712 501 1019 712 501 1020 146 23 1021 319 22 1022 199 193 1023 713 502 1024 439 494 1025 126 413 1026 713 502 1027 318 461 1028 557 347 1029 501 503 1030 713 502 1031 439 494 1032 501 503 1033 54 454 1034 165 301 1035 714 504 1036 249 298 1037 565 412 1038 562 505 1039 714 504 1040 714 504 1041 81 506 1042 504 87 1043 249 298 1044 504 87 1045 195 84 1046 9 507 1047 715 508 1048 437 509 1049 577 510 1050 414 152 1051 715 508 1052 715 508 1053 170 364 1054 232 363 1055 437 509 1056 232 363 1057 42 362 1058 206 73 1059 716 511 1060 360 338 1061 236 72 1062 457 44 1063 716 511 1064 716 511 1065 128 118 1066 540 512 1067 360 338 1068 540 512 1069 205 340 1070 192 513 1071 717 514 1072 526 515 1073 188 516 1074 717 514 1075 263 517 1076 605 518 1077 308 519 1078 717 514 1079 526 515 1080 308 519 1081 191 520 1082 103 521 1083 718 522 1084 386 123 1085 282 523 1086 224 524 1087 718 522 1088 718 522 1089 90 525 1090 281 526 1091 386 123 1092 281 526 1093 112 124 1094 57 527 1095 719 528 1096 269 529 1097 291 530 1098 502 531 1099 719 528 1100 719 528 1101 77 532 1102 451 533 1103 269 529 1104 451 533 1105 58 534 1106 387 480 1107 571 535 1108 67 481 1109 69 536 1110 720 537 1111 387 480 1112 509 388 1113 566 538 1114 720 537 1115 720 537 1116 88 539 1117 571 535 1118 7 165 1119 721 540 1120 482 541 1121 397 164 1122 490 261 1123 721 540 1124 721 540 1125 184 263 1126 603 542 1127 482 541 1128 603 542 1129 189 543 1130 267 219 1131 450 484 1132 20 220 1133 43 468 1134 722 544 1135 267 219 1136 225 545 1137 513 546 1138 722 544 1139 450 484 1140 513 546 1141 108 485 1142 72 251 1143 723 547 1144 508 416 1145 378 248 1146 561 548 1147 723 547 1148 723 547 1149 82 49 1150 507 549 1151 508 416 1152 507 549 1153 89 417 1154 202 550 1155 724 551 1156 234 552 1157 411 553 1158 361 554 1159 724 551 1160 724 551 1161 190 555 1162 306 441 1163 234 552 1164 306 441 1165 201 438 1166 503 556 1167 560 557 1168 49 247 1169 77 532 1170 725 558 1171 503 556 1172 244 559 1173 502 531 1174 78 560 1175 55 561 1176 725 558 1177 244 559 1178 560 557 1179 559 562 1180 53 563 1181 80 564 1182 726 565 1183 383 52 1184 57 527 1185 726 565 1186 452 566 1187 445 567 1188 453 568 1189 726 565 1190 726 565 1191 92 53 1192 383 52 1193 262 569 1194 603 542 1195 184 263 1196 192 513 1197 727 570 1198 262 569 1199 597 571 1200 602 572 1201 727 570 1202 727 570 1203 189 543 1204 603 542 1205 510 573 1206 571 535 1207 88 539 1208 87 574 1209 728 575 1210 510 573 1211 454 576 1212 447 450 1213 728 575 1214 728 575 1215 67 481 1216 571 535 1217 200 577 1218 729 578 1219 533 579 1220 365 580 1221 408 581 1222 729 578 1223 729 578 1224 167 582 1225 409 583 1226 533 579 1227 409 583 1228 169 584 1229 78 560 1230 730 585 1231 380 586 1232 291 530 1233 452 566 1234 730 585 1235 452 566 1236 381 587 1237 730 585 1238 730 585 1239 74 588 1240 380 586 1241 602 572 1242 464 589 1243 189 543 1244 185 590 1245 731 591 1246 602 572 1247 601 592 1248 523 161 1249 731 591 1250 731 591 1251 175 160 1252 464 589 1253 623 593 1254 541 594 1255 183 34 1256 185 590 1257 732 595 1258 623 593 1259 597 571 1260 526 515 1261 732 595 1262 732 595 1263 191 520 1264 541 594 1265 190 555 1266 733 596 1267 535 442 1268 186 422 1269 733 596 1270 353 597 1271 600 598 1272 547 599 1273 733 596 1274 733 596 1275 174 443 1276 535 442 1277 369 46 1278 507 549 1279 82 49 1280 93 48 1281 734 600 1282 369 46 1283 505 601 1284 562 505 1285 734 600 1286 734 600 1287 89 417 1288 507 549 1289 153 602 1290 735 603 1291 295 373 1292 299 604 1293 305 605 1294 735 603 1295 735 603 1296 209 606 1297 539 607 1298 295 373 1299 539 607 1300 145 608 1301 120 386 1302 736 609 1303 612 610 1304 521 385 1305 522 314 1306 736 609 1307 736 609 1308 150 229 1309 350 302 1310 612 610 1311 350 302 1312 121 306 1313 73 250 1314 737 611 1315 561 548 1316 220 612 1317 381 587 1318 737 611 1319 737 611 1320 80 564 1321 442 51 1322 561 548 1323 442 51 1324 82 49 1325 616 493 1326 252 378 1327 204 195 1328 48 460 1329 738 613 1330 616 493 1331 303 614 1332 312 136 1333 738 613 1334 252 378 1335 312 136 1336 148 141 1337 93 48 1338 739 615 1339 443 616 1340 331 47 1341 506 617 1342 739 615 1343 506 617 1344 510 573 1345 739 615 1346 739 615 1347 88 539 1348 443 616 1349 205 340 1350 740 618 1351 468 619 1352 540 512 1353 518 117 1354 740 618 1355 740 618 1356 131 353 1357 363 352 1358 468 619 1359 363 352 1360 203 351 1361 155 620 1362 741 621 1363 544 622 1364 573 623 1365 570 389 1366 741 621 1367 741 621 1368 69 536 1369 568 479 1370 544 622 1371 568 479 1372 59 476 1373 37 272 1374 742 624 1375 462 497 1376 105 625 1377 742 624 1378 257 271 1379 227 457 1380 501 503 1381 742 624 1382 462 497 1383 501 503 1384 75 344 1385 187 626 1386 743 627 1387 308 519 1388 412 628 1389 228 629 1390 743 627 1391 743 627 1392 197 109 1393 475 630 1394 308 519 1395 475 630 1396 191 520 1397 157 337 1398 744 631 1399 524 632 1400 372 336 1401 297 179 1402 744 631 1403 744 631 1404 159 155 1405 352 273 1406 524 632 1407 352 273 1408 160 277 1409 468 619 1410 271 341 1411 205 340 1412 203 351 1413 745 633 1414 468 619 1415 745 633 1416 154 182 1417 480 181 1418 271 341 1419 480 181 1420 156 180 1421 304 634 1422 373 635 1423 208 636 1424 304 634 1425 234 552 1426 746 637 1427 746 637 1428 201 438 1429 357 638 1430 746 637 1431 194 111 1432 373 635 1433 463 639 1434 582 640 1435 5 69 1436 25 641 1437 747 642 1438 463 639 1439 382 259 1440 396 322 1441 747 642 1442 747 642 1443 15 292 1444 582 640 1445 119 45 1446 748 643 1447 584 42 1448 546 55 1449 456 644 1450 748 643 1451 748 643 1452 125 101 1453 398 100 1454 584 42 1455 398 100 1456 118 40 1457 171 65 1458 749 645 1459 302 646 1460 356 647 1461 421 648 1462 749 645 1463 749 645 1464 187 626 1465 605 518 1466 302 646 1467 605 518 1468 188 516 1469 173 60 1470 750 649 1471 625 334 1472 300 59 1473 302 646 1474 750 649 1475 750 649 1476 188 516 1477 604 650 1478 625 334 1479 604 650 1480 196 267 1481 44 126 1482 751 651 1483 617 121 1484 497 652 1485 391 653 1486 751 651 1487 751 651 1488 111 654 1489 514 655 1490 617 121 1491 514 655 1492 115 119 1493 235 74 1494 613 656 1495 152 15 1496 211 471 1497 752 657 1498 235 74 1499 752 657 1500 161 445 1501 550 444 1502 752 657 1503 174 443 1504 613 656 1505 3 331 1506 753 658 1507 403 330 1508 529 356 1509 384 320 1510 753 658 1511 753 658 1512 70 319 1513 606 659 1514 403 330 1515 606 659 1516 0 332 1517 143 660 1518 754 661 1519 492 662 1520 250 663 1521 552 295 1522 754 661 1523 754 661 1524 31 81 1525 430 80 1526 492 662 1527 430 80 1528 26 95 1529 610 213 1530 406 236 1531 100 214 1532 610 213 1533 303 614 1534 755 664 1535 755 664 1536 48 460 1537 622 459 1538 406 236 1539 622 459 1540 96 234 1541 357 638 1542 317 112 1543 194 111 1544 357 638 1545 467 440 1546 756 665 1547 756 665 1548 161 445 1549 484 475 1550 317 112 1551 484 475 1552 163 113 1553 16 326 1554 757 666 1555 376 667 1556 487 325 1557 241 20 1558 757 666 1559 757 666 1560 1 367 1561 375 668 1562 376 667 1563 375 668 1564 2 669 1565 172 670 1566 758 671 1567 421 648 1568 365 580 1569 537 672 1570 758 671 1571 758 671 1572 207 673 1573 412 628 1574 421 648 1575 412 628 1576 187 626 1577 58 534 1578 759 674 1579 333 675 1580 451 533 1581 390 676 1582 759 674 1583 759 674 1584 113 677 1585 574 678 1586 333 675 1587 574 678 1588 56 679 1589 189 543 1590 760 680 1591 482 541 1592 464 589 1593 491 268 1594 760 680 1595 760 680 1596 37 272 1597 230 496 1598 482 541 1599 230 496 1600 7 165 1601 149 372 1602 761 681 1603 615 432 1604 590 371 1605 471 682 1606 761 681 1607 761 681 1608 122 683 1609 478 304 1610 615 432 1611 478 304 1612 151 228 1613 376 667 1614 425 483 1615 16 326 1616 2 669 1617 762 684 1618 376 667 1619 427 685 1620 216 221 1621 762 684 1622 762 684 1623 20 220 1624 425 483 1625 115 119 1626 763 686 1627 286 687 1628 514 655 1629 575 688 1630 763 686 1631 763 686 1632 64 491 1633 569 490 1634 763 686 1635 99 132 1636 286 687 1637 321 10 1638 473 689 1639 130 8 1640 152 15 1641 764 690 1642 321 10 1643 613 656 1644 547 599 1645 764 690 1646 764 690 1647 182 691 1648 473 689 1649 213 692 1650 765 693 1651 316 694 1652 299 604 1653 229 695 1654 765 693 1655 765 693 1656 210 696 1657 411 553 1658 316 694 1659 411 553 1660 202 550 1661 157 337 1662 766 697 1663 481 499 1664 160 277 1665 766 697 1666 524 632 1667 766 697 1668 181 37 1669 296 225 1670 481 499 1671 296 225 1672 180 223 1673 168 698 1674 767 699 1675 483 700 1676 470 701 1677 305 605 1678 767 699 1679 767 699 1680 213 692 1681 265 702 1682 767 699 1683 198 703 1684 483 700 1685 88 539 1686 768 704 1687 443 616 1688 566 538 1689 284 88 1690 768 704 1691 768 704 1692 81 506 1693 505 601 1694 443 616 1695 505 601 1696 93 48 1697 110 705 1698 769 706 1699 335 707 1700 109 127 1701 769 706 1702 248 130 1703 221 708 1704 334 709 1705 769 706 1706 335 707 1707 334 709 1708 95 710 1709 579 467 1710 225 545 1711 43 468 1712 71 711 1713 770 712 1714 579 467 1715 770 712 1716 56 679 1717 574 678 1718 770 712 1719 113 677 1720 225 545 1721 207 673 1722 771 713 1723 528 714 1724 537 672 1725 538 715 1726 771 713 1727 771 713 1728 198 703 1729 264 716 1730 528 714 1731 264 716 1732 208 636 1733 125 101 1734 772 717 1735 459 718 1736 456 644 1737 621 719 1738 772 717 1739 772 717 1740 133 720 1741 588 427 1742 459 718 1743 588 427 1744 135 425 1745 170 364 1746 773 721 1747 320 359 1748 436 151 1749 476 401 1750 773 721 1751 773 721 1752 35 722 1753 432 723 1754 320 359 1755 432 723 1756 136 357 1757 135 425 1758 774 724 1759 459 718 1760 587 206 1761 292 343 1762 774 724 1763 774 724 1764 124 102 1765 517 99 1766 459 718 1767 517 99 1768 125 101 1769 262 569 1770 263 517 1771 192 513 1772 184 263 1773 775 725 1774 262 569 1775 531 262 1776 604 650 1777 775 725 1778 775 725 1779 188 516 1780 263 517 1781 228 629 1782 358 726 1783 197 109 1784 207 673 1785 776 727 1786 228 629 1787 776 727 1788 208 636 1789 373 635 1790 358 726 1791 373 635 1792 194 111 1793 83 76 1794 777 728 1795 371 97 1796 572 279 1797 349 729 1798 777 728 1799 777 728 1800 144 198 1801 294 196 1802 371 97 1803 294 196 1804 76 98 1805 141 208 1806 778 730 1807 520 731 1808 401 430 1809 586 420 1810 778 730 1811 586 420 1812 348 232 1813 778 730 1814 520 731 1815 348 232 1816 138 312 1817 74 588 1818 779 732 1819 380 586 1820 240 733 1821 559 562 1822 779 732 1823 779 732 1824 55 561 1825 244 559 1826 380 586 1827 244 559 1828 78 560 1829 598 318 1830 388 734 1831 70 319 1832 193 390 1833 780 735 1834 598 318 1835 573 623 1836 311 736 1837 780 735 1838 780 735 1839 62 737 1840 388 734 1841 153 602 1842 781 738 1843 229 695 1844 149 372 1845 781 738 1846 589 370 1847 608 433 1848 407 739 1849 781 738 1850 229 695 1851 407 739 1852 210 696 1853 32 408 1854 782 740 1855 429 741 1856 393 742 1857 542 185 1858 782 740 1859 782 740 1860 24 29 1861 428 743 1862 429 741 1863 428 743 1864 33 744 1865 9 507 1866 783 745 1867 307 746 1868 437 509 1869 461 747 1870 783 745 1871 783 745 1872 17 202 1873 367 384 1874 307 746 1875 367 384 1876 66 381 1877 29 398 1878 784 748 1879 554 400 1880 495 749 1881 551 750 1882 784 748 1883 784 748 1884 23 751 1885 325 752 1886 554 400 1887 325 752 1888 35 722 1889 49 247 1890 785 753 1891 503 556 1892 108 485 1893 785 753 1894 389 246 1895 513 546 1896 390 676 1897 785 753 1898 785 753 1899 77 532 1900 503 556 1901 5 69 1902 786 754 1903 463 639 1904 255 68 1905 581 212 1906 786 754 1907 786 754 1908 52 216 1909 231 755 1910 463 639 1911 231 755 1912 25 641 1913 458 260 1914 400 116 1915 117 114 1916 25 641 1917 787 756 1918 458 260 1919 231 755 1920 343 350 1921 787 756 1922 787 756 1923 131 353 1924 400 116 1925 42 362 1926 788 757 1927 461 747 1928 242 361 1929 564 93 1930 788 757 1931 788 757 1932 76 98 1933 374 197 1934 461 747 1935 374 197 1936 17 202 1937 551 750 1938 493 758 1939 23 751 1940 33 744 1941 789 759 1942 551 750 1943 428 743 1944 494 28 1945 789 759 1946 789 759 1947 30 411 1948 493 758 1949 323 760 1950 250 663 1951 143 660 1952 23 751 1953 790 761 1954 323 760 1955 493 758 1956 415 409 1957 790 761 1958 790 761 1959 142 296 1960 250 663 1961 388 734 1962 606 659 1963 70 319 1964 62 737 1965 791 762 1966 388 734 1967 422 763 1968 288 173 1969 791 762 1970 791 762 1971 0 332 1972 606 659 1973 12 24 1974 792 764 1975 322 365 1976 424 26 1977 488 765 1978 792 764 1979 792 764 1980 2 669 1981 375 668 1982 322 365 1983 375 668 1984 1 367 1985 18 148 1986 793 766 1987 339 463 1988 215 147 1989 366 187 1990 793 766 1991 366 187 1992 226 767 1993 793 766 1994 339 463 1995 226 767 1996 79 464 1997 417 768 1998 394 407 1999 85 406 2000 79 464 2001 794 769 2002 417 768 2003 794 769 2004 22 186 2005 393 742 2006 794 769 2007 32 408 2008 394 407 2009 133 720 2010 795 770 2011 519 428 2012 182 691 2013 795 770 2014 614 771 2015 600 598 2016 238 421 2017 795 770 2018 795 770 2019 140 429 2020 519 428 2021 256 56 2022 621 719 2023 127 57 2024 130 8 2025 796 772 2026 256 56 2027 473 689 2028 614 771 2029 796 772 2030 621 719 2031 614 771 2032 133 720 2033 342 391 2034 340 404 2035 28 394 2036 41 393 2037 797 773 2038 342 391 2039 395 284 2040 419 774 2041 797 773 2042 797 773 2043 114 775 2044 340 404 2045 35 722 2046 798 776 2047 432 723 2048 325 752 2049 323 760 2050 798 776 2051 798 776 2052 143 660 2053 516 777 2054 432 723 2055 516 777 2056 136 357 2057 134 210 2058 799 778 2059 349 729 2060 345 209 2061 520 731 2062 799 778 2063 799 778 2064 138 312 2065 402 311 2066 349 729 2067 402 311 2068 144 198 2069 191 520 2070 800 779 2071 541 594 2072 475 630 2073 466 106 2074 800 779 2075 800 779 2076 162 108 2077 474 32 2078 800 779 2079 183 34 2080 541 594 2081 90 525 2082 801 780 2083 247 781 2084 71 711 2085 801 780 2086 245 782 2087 246 466 2088 417 768 2089 801 780 2090 801 780 2091 85 406 2092 247 781 2093 449 436 2094 251 244 2095 47 240 2096 45 188 2097 802 783 2098 449 436 2099 802 783 2100 104 500 2101 620 328 2102 251 244 2103 620 328 2104 106 243 2105 154 182 2106 803 784 2107 596 178 2108 624 237 2109 260 458 2110 803 784 2111 803 784 2112 105 625 2113 525 270 2114 596 178 2115 525 270 2116 158 176 2117 101 134 2118 804 785 2119 455 786 2120 223 489 2121 515 787 2122 804 785 2123 804 785 2124 63 453 2125 543 452 2126 455 786 2127 543 452 2128 68 451 2129 580 403 2130 496 396 2131 28 394 2132 580 403 2133 429 741 2134 805 788 2135 805 788 2136 33 744 2137 495 749 2138 496 396 2139 495 749 2140 29 398 2141 73 250 2142 806 789 2143 220 612 2144 440 249 2145 379 790 2146 806 789 2147 806 789 2148 53 563 2149 240 733 2150 220 612 2151 240 733 2152 74 588 2153 453 568 2154 506 617 2155 92 53 2156 98 791 2157 807 792 2158 453 568 2159 221 708 2160 341 793 2161 807 792 2162 807 792 2163 87 574 2164 506 617 2165 408 581 2166 423 794 2167 167 582 2168 172 670 2169 808 795 2170 408 581 2171 356 647 2172 301 64 2173 808 795 2174 808 795 2175 166 796 2176 423 794 2177 210 696 2178 809 797 2179 361 554 2180 212 424 2181 809 797 2182 407 739 2183 354 423 2184 353 597 2185 809 797 2186 361 554 2187 353 597 2188 190 555 2189 112 124 2190 810 798 2191 222 799 2192 281 526 2193 247 781 2194 810 798 2195 247 781 2196 268 405 2197 810 798 2198 810 798 2199 114 775 2200 222 799 2201 136 357 2202 811 800 2203 431 360 2204 516 777 2205 492 662 2206 811 800 2207 811 800 2208 26 95 2209 555 92 2210 431 360 2211 555 92 2212 27 94 2213 455 786 2214 576 129 2215 101 134 2216 68 451 2217 812 801 2218 455 786 2219 454 576 2220 341 793 2221 812 801 2222 812 801 2223 109 127 2224 576 129 2225 533 579 2226 538 715 2227 200 577 2228 169 584 2229 813 802 2230 533 579 2231 534 803 2232 483 700 2233 813 802 2234 538 715 2235 483 700 2236 198 703 2237 286 687 2238 385 122 2239 115 119 2240 286 687 2241 287 131 2242 814 804 2243 814 804 2244 110 705 2245 418 805 2246 814 804 2247 103 521 2248 385 122 2249 95 710 2250 815 806 2251 289 807 2252 98 791 2253 815 806 2254 334 709 2255 445 567 2256 269 529 2257 815 806 2258 815 806 2259 58 534 2260 289 807 2261 44 126 2262 816 808 2263 416 809 2264 511 125 2265 222 799 2266 816 808 2267 222 799 2268 419 774 2269 816 808 2270 816 808 2271 39 281 2272 416 809 2273 183 34 2274 817 810 2275 623 593 2276 315 33 2277 479 275 2278 817 810 2279 817 810 2280 176 162 2281 601 592 2282 623 593 2283 601 592 2284 185 590 2285 289 807 2286 336 811 2287 95 710 2288 289 807 2289 333 675 2290 818 812 2291 818 812 2292 56 679 2293 337 813 2294 336 811 2295 337 813 2296 102 814 2297 335 707 2298 418 805 2299 110 705 2300 95 710 2301 819 815 2302 335 707 2303 819 815 2304 102 814 2305 282 523 2306 418 805 2307 282 523 2308 103 521 2309 208 636 2310 820 816 2311 304 634 2312 264 716 2313 265 702 2314 820 816 2315 265 702 2316 316 694 2317 820 816 2318 820 816 2319 202 550 2320 304 634 2321 433 283 2322 416 809 2323 39 281 2324 11 288 2325 821 817 2326 433 283 2327 434 818 2328 497 652 2329 821 817 2330 416 809 2331 497 652 2332 44 126 2333 13 31 2334 822 819 2335 488 765 2336 413 184 2337 266 146 2338 822 819 2339 822 819 2340 4 142 2341 427 685 2342 488 765 2343 427 685 2344 2 669 2345 218 369 2346 486 289 2347 179 291 2348 177 16 2349 823 820 2350 218 369 2351 489 70 2352 582 640 2353 823 820 2354 823 820 2355 15 292 2356 486 289 2357 102 814 2358 824 821 2359 224 524 2360 337 813 2361 338 822 2362 824 821 2363 824 821 2364 71 711 2365 245 782 2366 224 524 2367 245 782 2368 90 525 2369 51 255 2370 825 823 2371 379 790 2372 330 437 2373 368 242 2374 825 823 2375 825 823 2376 49 247 2377 560 557 2378 379 790 2379 560 557 2380 53 563 2381 8 2 2382 826 824 2383 217 0 2384 309 825 2385 326 285 2386 826 824 2387 826 824 2388 41 393 2389 377 392 2390 217 0 2391 377 392 2392 40 3 2393 217 0 2394 627 4 2395 392 1 2396 40 3 2397 277 5 2398 627 4 2399 277 5 2400 38 149 2401 435 6 2402 627 4 2403 435 6 2404 6 7 2405 130 8 2406 399 11 2407 628 9 2408 399 11 2409 119 45 2410 344 12 2411 628 9 2412 344 12 2413 132 13 2414 321 10 2415 628 9 2416 253 14 2417 177 16 2418 274 19 2419 629 17 2420 274 19 2421 1 367 2422 241 20 2423 629 17 2424 241 20 2425 19 21 2426 243 18 2427 629 17 2428 319 22 2429 12 24 2430 553 27 2431 630 25 2432 553 27 2433 30 411 2434 494 28 2435 630 25 2436 494 28 2437 24 29 2438 424 26 2439 630 25 2440 275 30 2441 474 32 2442 631 36 2443 315 33 2444 474 32 2445 162 108 2446 237 35 2447 631 36 2448 237 35 2449 181 37 2450 315 33 2451 631 36 2452 261 38 2453 118 40 2454 585 43 2455 632 41 2456 585 43 2457 128 118 2458 457 44 2459 632 41 2460 457 44 2461 132 13 2462 584 42 2463 632 41 2464 344 12 2465 369 46 2466 633 50 2467 331 47 2468 82 49 2469 442 51 2470 633 50 2471 442 51 2472 80 564 2473 383 52 2474 633 50 2475 383 52 2476 92 53 2477 119 45 2478 399 11 2479 634 54 2480 256 56 2481 634 54 2482 399 11 2483 127 57 2484 546 55 2485 634 54 2486 607 58 2487 635 62 2488 300 59 2489 164 61 2490 549 63 2491 635 62 2492 549 63 2493 166 796 2494 301 64 2495 635 62 2496 301 64 2497 171 65 2498 146 23 2499 426 67 2500 636 66 2501 426 67 2502 21 138 2503 255 68 2504 636 66 2505 255 68 2506 5 69 2507 243 18 2508 636 66 2509 489 70 2510 469 71 2511 637 75 2512 236 72 2513 469 71 2514 211 471 2515 235 74 2516 637 75 2517 235 74 2518 152 15 2519 236 72 2520 637 75 2521 253 14 2522 83 76 2523 293 79 2524 638 77 2525 293 79 2526 26 95 2527 430 80 2528 638 77 2529 430 80 2530 31 81 2531 355 78 2532 638 77 2533 499 82 2534 195 84 2535 504 87 2536 639 85 2537 504 87 2538 81 506 2539 284 88 2540 639 85 2541 284 88 2542 97 89 2543 278 86 2544 639 85 2545 446 90 2546 555 92 2547 640 96 2548 564 93 2549 26 95 2550 293 79 2551 640 96 2552 293 79 2553 83 76 2554 371 97 2555 640 96 2556 371 97 2557 76 98 2558 517 99 2559 641 103 2560 398 100 2561 124 102 2562 254 104 2563 641 103 2564 254 104 2565 117 114 2566 583 105 2567 641 103 2568 583 105 2569 118 40 2570 466 106 2571 642 110 2572 364 107 2573 197 109 2574 358 726 2575 642 110 2576 642 110 2577 358 726 2578 194 111 2579 642 110 2580 317 112 2581 163 113 2582 117 114 2583 400 116 2584 643 115 2585 400 116 2586 131 353 2587 518 117 2588 643 115 2589 518 117 2590 128 118 2591 583 105 2592 643 115 2593 585 43 2594 115 119 2595 385 122 2596 644 120 2597 385 122 2598 103 521 2599 386 123 2600 644 120 2601 386 123 2602 112 124 2603 617 121 2604 644 120 2605 511 125 2606 109 127 2607 248 130 2608 645 128 2609 248 130 2610 110 705 2611 287 131 2612 645 128 2613 287 131 2614 99 132 2615 576 129 2616 645 128 2617 567 133 2618 370 135 2619 646 139 2620 312 136 2621 21 138 2622 426 67 2623 646 139 2624 426 67 2625 146 23 2626 273 140 2627 646 139 2628 273 140 2629 148 141 2630 4 142 2631 266 146 2632 647 143 2633 14 145 2634 215 147 2635 647 143 2636 272 144 2637 647 143 2638 215 147 2639 38 149 2640 436 151 2641 648 150 2642 436 151 2643 170 364 2644 414 152 2645 648 150 2646 414 152 2647 116 153 2648 435 6 2649 648 150 2650 362 154 2651 159 155 2652 595 158 2653 649 156 2654 595 158 2655 158 176 2656 405 159 2657 649 156 2658 405 159 2659 175 160 2660 594 157 2661 649 156 2662 523 161 2663 465 163 2664 650 167 2665 397 164 2666 91 166 2667 527 168 2668 650 167 2669 527 168 2670 84 310 2671 599 169 2672 650 167 2673 599 169 2674 34 170 2675 173 60 2676 609 172 2677 651 171 2678 609 172 2679 0 332 2680 288 173 2681 651 171 2682 288 173 2683 94 174 2684 607 58 2685 651 171 2686 592 175 2687 158 176 2688 595 158 2689 652 177 2690 595 158 2691 159 155 2692 297 179 2693 652 177 2694 297 179 2695 156 180 2696 596 178 2697 652 177 2698 480 181 2699 13 31 2700 275 30 2701 653 183 2702 275 30 2703 24 29 2704 542 185 2705 653 183 2706 542 185 2707 22 186 2708 413 184 2709 653 183 2710 366 187 2711 45 188 2712 500 191 2713 654 189 2714 500 191 2715 50 434 2716 558 192 2717 654 189 2718 558 192 2719 199 193 2720 410 190 2721 654 189 2722 276 194 2723 294 196 2724 655 199 2725 374 197 2726 144 198 2727 404 200 2728 655 199 2729 404 200 2730 147 315 2731 460 201 2732 655 199 2733 460 201 2734 17 202 2735 139 203 2736 587 206 2737 656 204 2738 587 206 2739 135 425 2740 258 207 2741 656 204 2742 258 207 2743 141 208 2744 347 205 2745 656 204 2746 345 209 2747 21 138 2748 370 135 2749 657 211 2750 370 135 2751 107 137 2752 610 213 2753 657 211 2754 610 213 2755 100 214 2756 581 212 2757 657 211 2758 314 215 2759 18 148 2760 280 218 2761 658 217 2762 280 218 2763 43 468 2764 267 219 2765 658 217 2766 267 219 2767 20 220 2768 272 144 2769 658 217 2770 216 221 2771 420 222 2772 659 224 2773 364 107 2774 180 223 2775 296 225 2776 659 224 2777 296 225 2778 181 37 2779 237 35 2780 659 224 2781 237 35 2782 162 108 2783 328 226 2784 660 230 2785 259 227 2786 150 229 2787 591 231 2788 660 230 2789 591 231 2790 138 312 2791 348 232 2792 660 230 2793 348 232 2794 137 233 2795 96 234 2796 624 237 2797 661 235 2798 624 237 2799 154 182 2800 536 238 2801 536 238 2802 203 351 2803 626 239 2804 661 235 2805 626 239 2806 100 214 2807 47 240 2808 251 244 2809 662 241 2810 106 243 2811 448 245 2812 662 241 2813 448 245 2814 108 485 2815 389 246 2816 368 242 2817 662 241 2818 389 246 2819 378 248 2820 663 252 2821 440 249 2822 72 251 2823 279 253 2824 663 252 2825 279 253 2826 50 434 2827 329 254 2828 663 252 2829 329 254 2830 51 255 2831 60 256 2832 382 259 2833 664 257 2834 382 259 2835 25 641 2836 458 260 2837 664 257 2838 458 260 2839 117 114 2840 548 258 2841 664 257 2842 254 104 2843 490 261 2844 665 264 2845 531 262 2846 34 170 2847 313 265 2848 665 264 2849 313 265 2850 3 331 2851 530 266 2852 665 264 2853 530 266 2854 196 267 2855 405 159 2856 666 269 2857 491 268 2858 158 176 2859 525 270 2860 666 269 2861 525 270 2862 105 625 2863 257 271 2864 491 268 2865 666 269 2866 257 271 2867 594 157 2868 667 274 2869 352 273 2870 176 162 2871 479 275 2872 667 274 2873 479 275 2874 178 39 2875 270 276 2876 667 274 2877 270 276 2878 160 277 2879 134 210 2880 572 279 2881 668 278 2882 572 279 2883 83 76 2884 355 78 2885 668 278 2886 355 78 2887 46 83 2888 347 205 2889 668 278 2890 346 280 2891 39 281 2892 395 284 2893 669 282 2894 395 284 2895 41 393 2896 326 285 2897 669 282 2898 326 285 2899 10 286 2900 433 283 2901 669 282 2902 327 287 2903 486 289 2904 670 293 2905 283 290 2906 15 292 2907 324 294 2908 670 293 2909 324 294 2910 31 81 2911 552 295 2912 670 293 2913 552 295 2914 142 296 2915 195 84 2916 563 299 2917 671 297 2918 563 299 2919 84 310 2920 527 168 2921 671 297 2922 527 168 2923 91 166 2924 249 298 2925 671 297 2926 441 300 2927 328 226 2928 672 303 2929 350 302 2930 151 228 2931 478 304 2932 672 303 2933 478 304 2934 122 683 2935 472 305 2936 672 303 2937 472 305 2938 121 306 2939 129 91 2940 444 309 2941 673 307 2942 86 308 2943 532 355 2944 673 307 2945 673 307 2946 532 355 2947 84 310 2948 278 86 2949 673 307 2950 563 299 2951 402 311 2952 674 313 2953 404 200 2954 138 312 2955 591 231 2956 674 313 2957 591 231 2958 150 229 2959 522 314 2960 674 313 2961 522 314 2962 147 315 2963 129 91 2964 285 317 2965 675 316 2966 285 317 2967 193 390 2968 598 318 2969 675 316 2970 598 318 2971 70 319 2972 444 309 2973 675 316 2974 384 320 2975 15 292 2976 396 322 2977 676 321 2978 396 322 2979 60 256 2980 214 323 2981 676 321 2982 214 323 2983 46 83 2984 324 294 2985 676 321 2986 499 82 2987 290 324 2988 677 327 2989 487 325 2990 106 243 2991 620 328 2992 677 327 2993 620 328 2994 104 500 2995 578 329 2996 677 327 2997 578 329 2998 19 21 2999 403 330 3000 678 333 3001 530 266 3002 0 332 3003 609 172 3004 678 333 3005 609 172 3006 173 60 3007 625 334 3008 678 333 3009 625 334 3010 196 267 3011 359 335 3012 679 339 3013 372 336 3014 359 335 3015 206 73 3016 360 338 3017 679 339 3018 360 338 3019 205 340 3020 679 339 3021 271 341 3022 156 180 3023 124 102 3024 292 343 3025 680 342 3026 139 203 3027 346 280 3028 680 342 3029 346 280 3030 46 83 3031 214 323 3032 548 258 3033 680 342 3034 214 323 3035 75 344 3036 557 347 3037 681 345 3038 557 347 3039 126 413 3040 498 348 3041 681 345 3042 498 348 3043 165 301 3044 298 346 3045 681 345 3046 441 300 3047 52 216 3048 314 215 3049 682 349 3050 314 215 3051 100 214 3052 626 239 3053 682 349 3054 626 239 3055 203 351 3056 343 350 3057 682 349 3058 363 352 3059 86 308 3060 529 356 3061 683 354 3062 3 331 3063 313 265 3064 683 354 3065 313 265 3066 34 170 3067 599 169 3068 683 354 3069 599 169 3070 84 310 3071 136 357 3072 431 360 3073 684 358 3074 431 360 3075 27 94 3076 242 361 3077 684 358 3078 242 361 3079 42 362 3080 320 359 3081 684 358 3082 232 363 3083 322 365 3084 685 368 3085 351 366 3086 1 367 3087 274 19 3088 685 368 3089 274 19 3090 177 16 3091 218 369 3092 685 368 3093 218 369 3094 179 291 3095 589 370 3096 686 374 3097 590 371 3098 589 370 3099 153 602 3100 295 373 3101 295 373 3102 145 608 3103 611 375 3104 686 374 3105 611 375 3106 123 376 3107 204 195 3108 252 378 3109 687 377 3110 148 141 3111 545 379 3112 687 377 3113 545 379 3114 104 500 3115 512 380 3116 410 190 3117 687 377 3118 512 380 3119 66 381 3120 367 384 3121 688 382 3122 367 384 3123 17 202 3124 460 201 3125 688 382 3126 460 201 3127 147 315 3128 556 383 3129 688 382 3130 521 385 3131 97 89 3132 509 388 3133 689 387 3134 509 388 3135 69 536 3136 570 389 3137 689 387 3138 570 389 3139 193 390 3140 446 90 3141 689 387 3142 285 317 3143 342 391 3144 690 395 3145 377 392 3146 28 394 3147 496 396 3148 690 395 3149 496 396 3150 29 398 3151 219 397 3152 690 395 3153 219 397 3154 40 3 3155 29 398 3156 554 400 3157 691 399 3158 554 400 3159 35 722 3160 476 401 3161 691 399 3162 476 401 3163 38 149 3164 219 397 3165 691 399 3166 277 5 3167 28 394 3168 340 404 3169 692 402 3170 340 404 3171 114 775 3172 268 405 3173 692 402 3174 268 405 3175 85 406 3176 580 403 3177 692 402 3178 394 407 3179 283 290 3180 693 410 3181 351 366 3182 283 290 3183 142 296 3184 415 409 3185 693 410 3186 415 409 3187 30 411 3188 693 410 3189 553 27 3190 12 24 3191 498 348 3192 694 414 3193 565 412 3194 126 413 3195 438 415 3196 694 414 3197 438 415 3198 72 251 3199 508 416 3200 694 414 3201 508 416 3202 89 417 3203 137 233 3204 586 420 3205 695 418 3206 586 420 3207 140 429 3208 238 421 3209 695 418 3210 238 421 3211 186 422 3212 239 419 3213 695 418 3214 354 423 3215 135 425 3216 588 427 3217 696 426 3218 588 427 3219 133 720 3220 519 428 3221 696 426 3222 519 428 3223 140 429 3224 258 207 3225 696 426 3226 401 430 3227 151 228 3228 259 227 3229 697 431 3230 259 227 3231 137 233 3232 239 419 3233 697 431 3234 239 419 3235 212 424 3236 615 432 3237 697 431 3238 608 433 3239 50 434 3240 500 191 3241 698 435 3242 500 191 3243 45 188 3244 449 436 3245 698 435 3246 449 436 3247 47 240 3248 329 254 3249 698 435 3250 330 437 3251 201 438 3252 306 441 3253 699 439 3254 306 441 3255 190 555 3256 535 442 3257 699 439 3258 535 442 3259 174 443 3260 467 440 3261 699 439 3262 550 444 3263 61 446 3264 332 449 3265 700 447 3266 332 449 3267 67 481 3268 447 450 3269 700 447 3270 447 450 3271 68 451 3272 477 448 3273 700 447 3274 543 452 3275 54 454 3276 227 457 3277 701 455 3278 227 457 3279 105 625 3280 260 458 3281 701 455 3282 260 458 3283 96 234 3284 310 456 3285 701 455 3286 622 459 3287 558 192 3288 702 462 3289 318 461 3290 50 434 3291 279 253 3292 702 462 3293 279 253 3294 72 251 3295 438 415 3296 318 461 3297 702 462 3298 438 415 3299 339 463 3300 703 465 3301 280 218 3302 79 464 3303 246 466 3304 703 465 3305 246 466 3306 71 711 3307 579 467 3308 703 465 3309 579 467 3310 43 468 3311 160 277 3312 270 276 3313 704 469 3314 178 39 3315 261 38 3316 704 469 3317 593 470 3318 704 469 3319 261 38 3320 211 471 3321 233 474 3322 705 472 3323 233 474 3324 180 223 3325 420 222 3326 705 472 3327 420 222 3328 163 113 3329 485 473 3330 705 472 3331 484 475 3332 59 476 3333 568 479 3334 706 477 3335 568 479 3336 69 536 3337 387 480 3338 706 477 3339 387 480 3340 67 481 3341 618 478 3342 706 477 3343 332 449 3344 16 326 3345 425 483 3346 707 482 3347 425 483 3348 20 220 3349 450 484 3350 707 482 3351 450 484 3352 108 485 3353 290 324 3354 707 482 3355 448 245 3356 65 486 3357 223 489 3358 708 487 3359 223 489 3360 101 134 3361 567 133 3362 567 133 3363 99 132 3364 569 490 3365 619 488 3366 708 487 3367 569 490 3368 204 195 3369 276 194 3370 709 492 3371 276 194 3372 199 193 3373 439 494 3374 709 492 3375 439 494 3376 54 454 3377 616 493 3378 709 492 3379 310 456 3380 7 165 3381 230 496 3382 710 495 3383 230 496 3384 37 272 3385 462 497 3386 710 495 3387 462 497 3388 75 344 3389 465 163 3390 710 495 3391 298 346 3392 180 223 3393 233 474 3394 711 498 3395 233 474 3396 211 471 3397 469 71 3398 711 498 3399 469 71 3400 206 73 3401 481 499 3402 711 498 3403 359 335 3404 578 329 3405 712 501 3406 319 22 3407 104 500 3408 545 379 3409 712 501 3410 545 379 3411 148 141 3412 273 140 3413 712 501 3414 273 140 3415 146 23 3416 199 193 3417 318 461 3418 713 502 3419 126 413 3420 557 347 3421 713 502 3422 557 347 3423 75 344 3424 501 503 3425 439 494 3426 713 502 3427 501 503 3428 165 301 3429 565 412 3430 714 504 3431 565 412 3432 89 417 3433 562 505 3434 714 504 3435 562 505 3436 81 506 3437 249 298 3438 714 504 3439 504 87 3440 9 507 3441 577 510 3442 715 508 3443 577 510 3444 116 153 3445 414 152 3446 715 508 3447 414 152 3448 170 364 3449 437 509 3450 715 508 3451 232 363 3452 206 73 3453 236 72 3454 716 511 3455 236 72 3456 132 13 3457 457 44 3458 716 511 3459 457 44 3460 128 118 3461 360 338 3462 716 511 3463 540 512 3464 192 513 3465 263 517 3466 717 514 3467 188 516 3468 605 518 3469 717 514 3470 605 518 3471 187 626 3472 308 519 3473 526 515 3474 717 514 3475 308 519 3476 103 521 3477 282 523 3478 718 522 3479 282 523 3480 102 814 3481 224 524 3482 718 522 3483 224 524 3484 90 525 3485 386 123 3486 718 522 3487 281 526 3488 57 527 3489 291 530 3490 719 528 3491 291 530 3492 78 560 3493 502 531 3494 719 528 3495 502 531 3496 77 532 3497 269 529 3498 719 528 3499 451 533 3500 387 480 3501 720 537 3502 571 535 3503 69 536 3504 509 388 3505 720 537 3506 509 388 3507 97 89 3508 566 538 3509 720 537 3510 566 538 3511 88 539 3512 7 165 3513 397 164 3514 721 540 3515 397 164 3516 34 170 3517 490 261 3518 721 540 3519 490 261 3520 184 263 3521 482 541 3522 721 540 3523 603 542 3524 267 219 3525 722 544 3526 450 484 3527 43 468 3528 225 545 3529 722 544 3530 225 545 3531 113 677 3532 513 546 3533 450 484 3534 722 544 3535 513 546 3536 72 251 3537 378 248 3538 723 547 3539 378 248 3540 73 250 3541 561 548 3542 723 547 3543 561 548 3544 82 49 3545 508 416 3546 723 547 3547 507 549 3548 202 550 3549 411 553 3550 724 551 3551 411 553 3552 210 696 3553 361 554 3554 724 551 3555 361 554 3556 190 555 3557 234 552 3558 724 551 3559 306 441 3560 503 556 3561 725 558 3562 560 557 3563 77 532 3564 502 531 3565 725 558 3566 244 559 3567 725 558 3568 502 531 3569 55 561 3570 559 562 3571 725 558 3572 560 557 3573 725 558 3574 559 562 3575 80 564 3576 452 566 3577 726 565 3578 57 527 3579 445 567 3580 726 565 3581 445 567 3582 98 791 3583 453 568 3584 726 565 3585 453 568 3586 92 53 3587 262 569 3588 727 570 3589 603 542 3590 192 513 3591 597 571 3592 727 570 3593 597 571 3594 185 590 3595 602 572 3596 727 570 3597 602 572 3598 189 543 3599 510 573 3600 728 575 3601 571 535 3602 87 574 3603 454 576 3604 728 575 3605 454 576 3606 68 451 3607 447 450 3608 728 575 3609 447 450 3610 67 481 3611 200 577 3612 365 580 3613 729 578 3614 365 580 3615 172 670 3616 408 581 3617 729 578 3618 408 581 3619 167 582 3620 533 579 3621 729 578 3622 409 583 3623 78 560 3624 291 530 3625 730 585 3626 291 530 3627 57 527 3628 452 566 3629 452 566 3630 80 564 3631 381 587 3632 730 585 3633 381 587 3634 74 588 3635 602 572 3636 731 591 3637 464 589 3638 185 590 3639 601 592 3640 731 591 3641 601 592 3642 176 162 3643 523 161 3644 731 591 3645 523 161 3646 175 160 3647 623 593 3648 732 595 3649 541 594 3650 185 590 3651 597 571 3652 732 595 3653 597 571 3654 192 513 3655 526 515 3656 732 595 3657 526 515 3658 191 520 3659 190 555 3660 353 597 3661 733 596 3662 186 422 3663 600 598 3664 733 596 3665 600 598 3666 182 691 3667 547 599 3668 733 596 3669 547 599 3670 174 443 3671 369 46 3672 734 600 3673 507 549 3674 93 48 3675 505 601 3676 734 600 3677 505 601 3678 81 506 3679 562 505 3680 734 600 3681 562 505 3682 89 417 3683 153 602 3684 299 604 3685 735 603 3686 299 604 3687 213 692 3688 305 605 3689 735 603 3690 305 605 3691 209 606 3692 295 373 3693 735 603 3694 539 607 3695 120 386 3696 521 385 3697 736 609 3698 521 385 3699 147 315 3700 522 314 3701 736 609 3702 522 314 3703 150 229 3704 612 610 3705 736 609 3706 350 302 3707 73 250 3708 220 612 3709 737 611 3710 220 612 3711 74 588 3712 381 587 3713 737 611 3714 381 587 3715 80 564 3716 561 548 3717 737 611 3718 442 51 3719 616 493 3720 738 613 3721 252 378 3722 48 460 3723 303 614 3724 738 613 3725 303 614 3726 107 137 3727 312 136 3728 252 378 3729 738 613 3730 312 136 3731 93 48 3732 331 47 3733 739 615 3734 331 47 3735 92 53 3736 506 617 3737 506 617 3738 87 574 3739 510 573 3740 739 615 3741 510 573 3742 88 539 3743 205 340 3744 540 512 3745 740 618 3746 540 512 3747 128 118 3748 518 117 3749 740 618 3750 518 117 3751 131 353 3752 468 619 3753 740 618 3754 363 352 3755 155 620 3756 573 623 3757 741 621 3758 573 623 3759 193 390 3760 570 389 3761 741 621 3762 570 389 3763 69 536 3764 544 622 3765 741 621 3766 568 479 3767 37 272 3768 257 271 3769 742 624 3770 105 625 3771 227 457 3772 742 624 3773 227 457 3774 54 454 3775 501 503 3776 462 497 3777 742 624 3778 501 503 3779 187 626 3780 412 628 3781 743 627 3782 412 628 3783 207 673 3784 228 629 3785 743 627 3786 228 629 3787 197 109 3788 308 519 3789 743 627 3790 475 630 3791 157 337 3792 372 336 3793 744 631 3794 372 336 3795 156 180 3796 297 179 3797 744 631 3798 297 179 3799 159 155 3800 524 632 3801 744 631 3802 352 273 3803 468 619 3804 745 633 3805 271 341 3806 203 351 3807 536 238 3808 745 633 3809 745 633 3810 536 238 3811 154 182 3812 271 341 3813 745 633 3814 480 181 3815 304 634 3816 746 637 3817 373 635 3818 304 634 3819 202 550 3820 234 552 3821 746 637 3822 234 552 3823 201 438 3824 746 637 3825 357 638 3826 194 111 3827 463 639 3828 747 642 3829 582 640 3830 25 641 3831 382 259 3832 747 642 3833 382 259 3834 60 256 3835 396 322 3836 747 642 3837 396 322 3838 15 292 3839 119 45 3840 546 55 3841 748 643 3842 546 55 3843 127 57 3844 456 644 3845 748 643 3846 456 644 3847 125 101 3848 584 42 3849 748 643 3850 398 100 3851 171 65 3852 356 647 3853 749 645 3854 356 647 3855 172 670 3856 421 648 3857 749 645 3858 421 648 3859 187 626 3860 302 646 3861 749 645 3862 605 518 3863 173 60 3864 300 59 3865 750 649 3866 300 59 3867 171 65 3868 302 646 3869 750 649 3870 302 646 3871 188 516 3872 625 334 3873 750 649 3874 604 650 3875 44 126 3876 497 652 3877 751 651 3878 497 652 3879 36 826 3880 391 653 3881 751 651 3882 391 653 3883 111 654 3884 617 121 3885 751 651 3886 514 655 3887 235 74 3888 752 657 3889 613 656 3890 211 471 3891 485 473 3892 752 657 3893 752 657 3894 485 473 3895 161 445 3896 752 657 3897 550 444 3898 174 443 3899 3 331 3900 529 356 3901 753 658 3902 529 356 3903 86 308 3904 384 320 3905 753 658 3906 384 320 3907 70 319 3908 403 330 3909 753 658 3910 606 659 3911 143 660 3912 250 663 3913 754 661 3914 250 663 3915 142 296 3916 552 295 3917 754 661 3918 552 295 3919 31 81 3920 492 662 3921 754 661 3922 430 80 3923 610 213 3924 755 664 3925 406 236 3926 610 213 3927 107 137 3928 303 614 3929 755 664 3930 303 614 3931 48 460 3932 406 236 3933 755 664 3934 622 459 3935 357 638 3936 756 665 3937 317 112 3938 357 638 3939 201 438 3940 467 440 3941 756 665 3942 467 440 3943 161 445 3944 317 112 3945 756 665 3946 484 475 3947 16 326 3948 487 325 3949 757 666 3950 487 325 3951 19 21 3952 241 20 3953 757 666 3954 241 20 3955 1 367 3956 376 667 3957 757 666 3958 375 668 3959 172 670 3960 365 580 3961 758 671 3962 365 580 3963 200 577 3964 537 672 3965 758 671 3966 537 672 3967 207 673 3968 421 648 3969 758 671 3970 412 628 3971 58 534 3972 451 533 3973 759 674 3974 451 533 3975 77 532 3976 390 676 3977 759 674 3978 390 676 3979 113 677 3980 333 675 3981 759 674 3982 574 678 3983 189 543 3984 464 589 3985 760 680 3986 464 589 3987 175 160 3988 491 268 3989 760 680 3990 491 268 3991 37 272 3992 482 541 3993 760 680 3994 230 496 3995 149 372 3996 590 371 3997 761 681 3998 590 371 3999 123 376 4000 471 682 4001 761 681 4002 471 682 4003 122 683 4004 615 432 4005 761 681 4006 478 304 4007 376 667 4008 762 684 4009 425 483 4010 2 669 4011 427 685 4012 762 684 4013 427 685 4014 4 142 4015 216 221 4016 762 684 4017 216 221 4018 20 220 4019 115 119 4020 514 655 4021 763 686 4022 514 655 4023 111 654 4024 575 688 4025 763 686 4026 575 688 4027 64 491 4028 763 686 4029 569 490 4030 99 132 4031 321 10 4032 764 690 4033 473 689 4034 152 15 4035 613 656 4036 764 690 4037 613 656 4038 174 443 4039 547 599 4040 764 690 4041 547 599 4042 182 691 4043 213 692 4044 299 604 4045 765 693 4046 299 604 4047 153 602 4048 229 695 4049 765 693 4050 229 695 4051 210 696 4052 316 694 4053 765 693 4054 411 553 4055 157 337 4056 524 632 4057 766 697 4058 160 277 4059 593 470 4060 766 697 4061 766 697 4062 593 470 4063 181 37 4064 481 499 4065 766 697 4066 296 225 4067 168 698 4068 470 701 4069 767 699 4070 470 701 4071 209 606 4072 305 605 4073 767 699 4074 305 605 4075 213 692 4076 767 699 4077 265 702 4078 198 703 4079 88 539 4080 566 538 4081 768 704 4082 566 538 4083 97 89 4084 284 88 4085 768 704 4086 284 88 4087 81 506 4088 443 616 4089 768 704 4090 505 601 4091 110 705 4092 248 130 4093 769 706 4094 109 127 4095 221 708 4096 769 706 4097 221 708 4098 98 791 4099 334 709 4100 335 707 4101 769 706 4102 334 709 4103 579 467 4104 770 712 4105 225 545 4106 71 711 4107 338 822 4108 770 712 4109 770 712 4110 338 822 4111 56 679 4112 770 712 4113 574 678 4114 113 677 4115 207 673 4116 537 672 4117 771 713 4118 537 672 4119 200 577 4120 538 715 4121 771 713 4122 538 715 4123 198 703 4124 528 714 4125 771 713 4126 264 716 4127 125 101 4128 456 644 4129 772 717 4130 456 644 4131 127 57 4132 621 719 4133 772 717 4134 621 719 4135 133 720 4136 459 718 4137 772 717 4138 588 427 4139 170 364 4140 436 151 4141 773 721 4142 436 151 4143 38 149 4144 476 401 4145 773 721 4146 476 401 4147 35 722 4148 320 359 4149 773 721 4150 432 723 4151 135 425 4152 587 206 4153 774 724 4154 587 206 4155 139 203 4156 292 343 4157 774 724 4158 292 343 4159 124 102 4160 459 718 4161 774 724 4162 517 99 4163 262 569 4164 775 725 4165 263 517 4166 184 263 4167 531 262 4168 775 725 4169 531 262 4170 196 267 4171 604 650 4172 775 725 4173 604 650 4174 188 516 4175 228 629 4176 776 727 4177 358 726 4178 207 673 4179 528 714 4180 776 727 4181 776 727 4182 528 714 4183 208 636 4184 358 726 4185 776 727 4186 373 635 4187 83 76 4188 572 279 4189 777 728 4190 572 279 4191 134 210 4192 349 729 4193 777 728 4194 349 729 4195 144 198 4196 371 97 4197 777 728 4198 294 196 4199 141 208 4200 401 430 4201 778 730 4202 401 430 4203 140 429 4204 586 420 4205 586 420 4206 137 233 4207 348 232 4208 520 731 4209 778 730 4210 348 232 4211 74 588 4212 240 733 4213 779 732 4214 240 733 4215 53 563 4216 559 562 4217 779 732 4218 559 562 4219 55 561 4220 380 586 4221 779 732 4222 244 559 4223 598 318 4224 780 735 4225 388 734 4226 193 390 4227 573 623 4228 780 735 4229 573 623 4230 155 620 4231 311 736 4232 780 735 4233 311 736 4234 62 737 4235 153 602 4236 589 370 4237 781 738 4238 149 372 4239 608 433 4240 781 738 4241 608 433 4242 212 424 4243 407 739 4244 229 695 4245 781 738 4246 407 739 4247 32 408 4248 393 742 4249 782 740 4250 393 742 4251 22 186 4252 542 185 4253 782 740 4254 542 185 4255 24 29 4256 429 741 4257 782 740 4258 428 743 4259 9 507 4260 437 509 4261 783 745 4262 437 509 4263 42 362 4264 461 747 4265 783 745 4266 461 747 4267 17 202 4268 307 746 4269 783 745 4270 367 384 4271 29 398 4272 495 749 4273 784 748 4274 495 749 4275 33 744 4276 551 750 4277 784 748 4278 551 750 4279 23 751 4280 554 400 4281 784 748 4282 325 752 4283 49 247 4284 389 246 4285 785 753 4286 108 485 4287 513 546 4288 785 753 4289 513 546 4290 113 677 4291 390 676 4292 785 753 4293 390 676 4294 77 532 4295 5 69 4296 255 68 4297 786 754 4298 255 68 4299 21 138 4300 581 212 4301 786 754 4302 581 212 4303 52 216 4304 463 639 4305 786 754 4306 231 755 4307 458 260 4308 787 756 4309 400 116 4310 25 641 4311 231 755 4312 787 756 4313 231 755 4314 52 216 4315 343 350 4316 787 756 4317 343 350 4318 131 353 4319 42 362 4320 242 361 4321 788 757 4322 242 361 4323 27 94 4324 564 93 4325 788 757 4326 564 93 4327 76 98 4328 461 747 4329 788 757 4330 374 197 4331 551 750 4332 789 759 4333 493 758 4334 33 744 4335 428 743 4336 789 759 4337 428 743 4338 24 29 4339 494 28 4340 789 759 4341 494 28 4342 30 411 4343 323 760 4344 790 761 4345 250 663 4346 23 751 4347 493 758 4348 790 761 4349 493 758 4350 30 411 4351 415 409 4352 790 761 4353 415 409 4354 142 296 4355 388 734 4356 791 762 4357 606 659 4358 62 737 4359 422 763 4360 791 762 4361 422 763 4362 94 174 4363 288 173 4364 791 762 4365 288 173 4366 0 332 4367 12 24 4368 424 26 4369 792 764 4370 424 26 4371 13 31 4372 488 765 4373 792 764 4374 488 765 4375 2 669 4376 322 365 4377 792 764 4378 375 668 4379 18 148 4380 215 147 4381 793 766 4382 215 147 4383 14 145 4384 366 187 4385 366 187 4386 22 186 4387 226 767 4388 339 463 4389 793 766 4390 226 767 4391 417 768 4392 794 769 4393 394 407 4394 79 464 4395 226 767 4396 794 769 4397 794 769 4398 226 767 4399 22 186 4400 794 769 4401 393 742 4402 32 408 4403 133 720 4404 614 771 4405 795 770 4406 182 691 4407 600 598 4408 795 770 4409 600 598 4410 186 422 4411 238 421 4412 795 770 4413 238 421 4414 140 429 4415 256 56 4416 796 772 4417 621 719 4418 130 8 4419 473 689 4420 796 772 4421 473 689 4422 182 691 4423 614 771 4424 621 719 4425 796 772 4426 614 771 4427 342 391 4428 797 773 4429 340 404 4430 41 393 4431 395 284 4432 797 773 4433 395 284 4434 39 281 4435 419 774 4436 797 773 4437 419 774 4438 114 775 4439 35 722 4440 325 752 4441 798 776 4442 325 752 4443 23 751 4444 323 760 4445 798 776 4446 323 760 4447 143 660 4448 432 723 4449 798 776 4450 516 777 4451 134 210 4452 345 209 4453 799 778 4454 345 209 4455 141 208 4456 520 731 4457 799 778 4458 520 731 4459 138 312 4460 349 729 4461 799 778 4462 402 311 4463 191 520 4464 475 630 4465 800 779 4466 475 630 4467 197 109 4468 466 106 4469 800 779 4470 466 106 4471 162 108 4472 800 779 4473 474 32 4474 183 34 4475 90 525 4476 245 782 4477 801 780 4478 71 711 4479 246 466 4480 801 780 4481 246 466 4482 79 464 4483 417 768 4484 801 780 4485 417 768 4486 85 406 4487 449 436 4488 802 783 4489 251 244 4490 45 188 4491 512 380 4492 802 783 4493 802 783 4494 512 380 4495 104 500 4496 251 244 4497 802 783 4498 620 328 4499 154 182 4500 624 237 4501 803 784 4502 624 237 4503 96 234 4504 260 458 4505 803 784 4506 260 458 4507 105 625 4508 596 178 4509 803 784 4510 525 270 4511 101 134 4512 223 489 4513 804 785 4514 223 489 4515 65 486 4516 515 787 4517 804 785 4518 515 787 4519 63 453 4520 455 786 4521 804 785 4522 543 452 4523 580 403 4524 805 788 4525 496 396 4526 580 403 4527 32 408 4528 429 741 4529 805 788 4530 429 741 4531 33 744 4532 496 396 4533 805 788 4534 495 749 4535 73 250 4536 440 249 4537 806 789 4538 440 249 4539 51 255 4540 379 790 4541 806 789 4542 379 790 4543 53 563 4544 220 612 4545 806 789 4546 240 733 4547 453 568 4548 807 792 4549 506 617 4550 98 791 4551 221 708 4552 807 792 4553 221 708 4554 109 127 4555 341 793 4556 807 792 4557 341 793 4558 87 574 4559 408 581 4560 808 795 4561 423 794 4562 172 670 4563 356 647 4564 808 795 4565 356 647 4566 171 65 4567 301 64 4568 808 795 4569 301 64 4570 166 796 4571 210 696 4572 407 739 4573 809 797 4574 212 424 4575 354 423 4576 809 797 4577 354 423 4578 186 422 4579 353 597 4580 361 554 4581 809 797 4582 353 597 4583 112 124 4584 281 526 4585 810 798 4586 281 526 4587 90 525 4588 247 781 4589 247 781 4590 85 406 4591 268 405 4592 810 798 4593 268 405 4594 114 775 4595 136 357 4596 516 777 4597 811 800 4598 516 777 4599 143 660 4600 492 662 4601 811 800 4602 492 662 4603 26 95 4604 431 360 4605 811 800 4606 555 92 4607 455 786 4608 812 801 4609 576 129 4610 68 451 4611 454 576 4612 812 801 4613 454 576 4614 87 574 4615 341 793 4616 812 801 4617 341 793 4618 109 127 4619 533 579 4620 813 802 4621 538 715 4622 169 584 4623 534 803 4624 813 802 4625 534 803 4626 168 698 4627 483 700 4628 538 715 4629 813 802 4630 483 700 4631 286 687 4632 814 804 4633 385 122 4634 286 687 4635 99 132 4636 287 131 4637 814 804 4638 287 131 4639 110 705 4640 814 804 4641 418 805 4642 103 521 4643 95 710 4644 334 709 4645 815 806 4646 98 791 4647 445 567 4648 815 806 4649 445 567 4650 57 527 4651 269 529 4652 815 806 4653 269 529 4654 58 534 4655 44 126 4656 511 125 4657 816 808 4658 511 125 4659 112 124 4660 222 799 4661 222 799 4662 114 775 4663 419 774 4664 816 808 4665 419 774 4666 39 281 4667 183 34 4668 315 33 4669 817 810 4670 315 33 4671 178 39 4672 479 275 4673 817 810 4674 479 275 4675 176 162 4676 623 593 4677 817 810 4678 601 592 4679 289 807 4680 818 812 4681 336 811 4682 289 807 4683 58 534 4684 333 675 4685 818 812 4686 333 675 4687 56 679 4688 336 811 4689 818 812 4690 337 813 4691 335 707 4692 819 815 4693 418 805 4694 95 710 4695 336 811 4696 819 815 4697 819 815 4698 336 811 4699 102 814 4700 418 805 4701 819 815 4702 282 523 4703 208 636 4704 264 716 4705 820 816 4706 264 716 4707 198 703 4708 265 702 4709 265 702 4710 213 692 4711 316 694 4712 820 816 4713 316 694 4714 202 550 4715 433 283 4716 821 817 4717 416 809 4718 11 288 4719 434 818 4720 821 817 4721 434 818 4722 36 826 4723 497 652 4724 416 809 4725 821 817 4726 497 652 4727 13 31 4728 413 184 4729 822 819 4730 413 184 4731 14 145 4732 266 146 4733 822 819 4734 266 146 4735 4 142 4736 488 765 4737 822 819 4738 427 685 4739 218 369 4740 823 820 4741 486 289 4742 177 16 4743 489 70 4744 823 820 4745 489 70 4746 5 69 4747 582 640 4748 823 820 4749 582 640 4750 15 292 4751 102 814 4752 337 813 4753 824 821 4754 337 813 4755 56 679 4756 338 822 4757 824 821 4758 338 822 4759 71 711 4760 224 524 4761 824 821 4762 245 782 4763 51 255 4764 330 437 4765 825 823 4766 330 437 4767 47 240 4768 368 242 4769 825 823 4770 368 242 4771 49 247 4772 379 790 4773 825 823 4774 560 557 4775 8 2 4776 309 825 4777 826 824 4778 309 825 4779 10 286 4780 326 285 4781 826 824 4782 326 285 4783 41 393 4784 217 0 4785 826 824 4786 377 392 4787</p>
        </triangles>
      </mesh>
    </geometry>
    <geometry id="bug_headlight_L_lid_animated-mesh" name="bug_headlight_L_lid_animated">
      <mesh>
        <source id="bug_headlight_L_lid_animated-mesh-positions">
          <float_array id="bug_headlight_L_lid_animated-mesh-positions-array" count="2481">-0.0296176 0.0761488 0.002411484 0.06252306 -0.05458247 0.07254368 0.08127295 -0.04733771 0.05345112 -0.0301249 0.06609523 0.04347795 0.09179443 -0.03958916 0.03524625 0.001749694 -0.06269907 0.09357446 0.06212514 0.06106245 -0.03665918 -0.03084403 0.01106184 0.08711224 0.08079957 0.03906327 -0.03597986 0.001749634 0.08553248 -0.03719985 0.09214824 0.02008843 -0.03651559 0.09629684 0.01061713 -0.03918373 0.06516557 -0.02759474 0.07518744 0.08475017 -0.02798599 0.0538426 0.09309887 -0.0296325 0.03487056 0.001749694 -0.0290395 0.09839713 0.08016902 -0.05249077 0.05300658 -0.03087848 0.07935792 0.007296442 0.09573811 -0.0324555 0.02311843 0.06174701 -0.06136804 0.07143688 0.09134471 -0.04243648 0.03448897 0.001749634 -0.07072418 0.09181332 0.09545886 -0.01471585 0.03233414 0.06743311 0.03220474 0.06096905 0.08702427 -0.005262196 0.05256187 -0.03078776 -0.06048756 0.08780711 0.001749694 0.04867607 0.07996749 0.001749694 0.07439768 0.0492658 0.0969364 0.01272177 0.009725451 0.08593356 0.03341567 0.02473407 0.06718945 0.003597497 0.07352125 0.001749694 0.01257985 0.09644246 0.09731113 5.3691e-4 0.0242803 0.08799415 0.01670765 0.04309427 -0.03089213 0.04267019 0.07271474 0.0650981 0.05321693 0.03685867 0.09688961 0.007729172 -0.04085624 -0.03006649 -0.02284353 0.0877608 0.06321907 0.06214851 0.003451943 0.09734749 0.003744125 -0.02263885 0.08323764 0.04035621 -0.002224147 0.09482288 0.0186448 -0.01184952 0.001749694 0.08569508 0.008912086 0.09603875 -0.03402549 0.01977747 0.09751379 -0.001097023 -0.02527284 0.0596556 -0.0608536 0.06936067 -0.03206485 0.01033467 0.09041911 0.07750004 -0.05200821 0.05171269 0.001749694 -0.07003641 0.08888697 0.08846765 -0.04192793 0.03367221 0.06002229 -0.05351495 0.06967937 0.07791817 -0.04681855 0.05159103 -0.0305733 -0.06815117 0.08619862 0.08841532 -0.03921872 0.03407347 0.001749634 -0.06052136 0.08987039 0.09153795 -0.03543221 0.02576291 0.09630864 -0.02823388 0.009558916 0.09387052 -0.02439355 0.0146197 0.0945239 -0.02787089 0.009951531 0.05980056 0.05854785 -0.03635036 -0.0313825 -0.02868807 0.0921604 0.07788163 0.03724461 -0.03560584 0.001749694 0.08212953 -0.03699594 0.08895242 0.01885163 -0.03631603 0.09396195 0.007057726 -0.04099339 0.09291642 0.009773552 -0.03916424 -0.03068983 0.07888901 -0.03723776 0.08017849 0.03829312 -0.005823969 0.09136337 0.01724117 -0.0141924 0.06090795 0.05947858 -8.96354e-4 0.001749694 0.0822708 0.003823757 0.0974763 -0.02732533 0.009994029 0.06208807 -0.02483457 0.07139128 0.08028471 -0.02721619 0.05157572 0.08950352 -0.02925223 0.03360992 0.001749694 -0.02230393 0.09386628 -0.03137433 0.06884443 0.04600346 0.09313023 -0.03383326 0.01910448 0.0925492 -0.03181099 0.02157711 0.09729981 -0.02397584 0.01472026 0.09208267 -0.01462322 0.03150349 0.06516903 0.03067702 0.05903989 0.08373236 -0.005233526 0.0507515 -0.03210955 0.04452115 0.07514351 0.001749634 0.04669797 0.07735389 0.09838706 -0.01493948 0.004971027 0.001749634 0.07146489 0.04656809 0.0936048 0.01170921 0.008755564 0.08302301 0.03170454 0.023135 0.06478101 0.003786981 0.07073825 0.09823 -0.02024382 4.88001e-4 0.001749634 0.01343911 0.09295606 0.09400689 3.73721e-5 0.02371853 0.08506876 0.01568645 0.04181653 -0.0294038 0.07574021 -0.03701043 0.09530717 -0.02094674 5.89504e-4 -0.02944314 -0.06752586 0.08349823 0.06281906 0.05092781 0.03475356 0.09499722 -0.01560813 0.005043447 0.09452748 -0.001794695 -0.02521109 -0.03003948 -0.06860363 0.08481967 0.09384375 0.002888023 -0.022942 0.09704685 -0.02142232 3.50185e-4 0.09706681 -0.0126996 -0.01116847 0.06075435 -0.06185132 0.07038772 -0.02952861 -0.05857342 0.08431053 0.07888567 -0.05295377 0.05233573 0.001749694 -0.07115453 0.09031271 0.09001487 -0.04280984 0.03392422 0.09500253 -0.006326436 -0.007231593 0.09532165 -0.0121895 -0.0109753 0.09574645 0.006790459 -0.0413714 0.09825336 -0.01148658 -0.0110768 0.09484761 -0.03440135 0.01894897 0.09841108 -0.005558788 -0.007214784 0.09634876 -0.00226432 -0.02543503 0.03418922 0.07888901 -0.03723776 -0.05902361 -0.05458247 0.07254368 -0.07777357 -0.04733771 0.05345112 -0.08829504 -0.03958916 0.03524625 -0.05862575 0.06106245 -0.03665918 -0.07730019 0.03906327 -0.03597986 -0.08864885 0.02008843 -0.03651559 -0.09279745 0.01061713 -0.03918373 -0.06166613 -0.02759474 0.07518738 -0.08125078 -0.02798599 0.0538426 0.03356587 -0.02284353 0.0877608 -0.08959943 -0.0296325 0.03487056 -0.07666963 -0.05249071 0.05300658 0.03362429 0.06609523 0.04347795 -0.09223872 -0.0324555 0.02311843 -0.05824762 -0.06136804 0.07143688 -0.08784532 -0.04243648 0.03448897 -0.09195941 -0.01471585 0.03233414 -0.06393373 0.03220474 0.06096905 -0.08352488 -0.005262196 0.05256187 0.03487372 0.06884443 0.04600346 -0.09343701 0.01272177 0.009725451 -0.08243417 0.03341567 0.02473407 -0.06369006 0.003597497 0.07352125 -0.09381175 5.3691e-4 0.0242803 -0.08449476 0.01670765 0.04309427 0.03556424 0.01033467 0.09041911 0.03560894 0.04452115 0.07514351 -0.06159871 0.05321693 0.03685873 -0.09339022 0.007729172 -0.04085624 0.03407269 -0.06815117 0.08619862 -0.05971968 0.06214851 0.003451943 0.03353887 -0.06860363 0.08481967 -0.0938481 0.003744125 -0.02263885 -0.07973825 0.04035621 -0.002224147 -0.09132349 0.0186448 -0.01184952 -0.09253942 -0.03402549 0.01977747 -0.0940144 -0.001097023 -0.02527284 -0.05615621 -0.0608536 0.06936067 0.03290319 0.07574021 -0.03701043 -0.07400065 -0.05200821 0.05171269 -0.08494216 -0.04199647 0.033755 -0.0565229 -0.05351495 0.06967937 -0.07441878 -0.04681855 0.05159103 -0.08487766 -0.03922742 0.034213 -0.09280925 -0.02823388 0.009558916 -0.09037113 -0.02439355 0.0146197 -0.09102445 -0.02787089 0.009951531 -0.05630117 0.05854785 -0.03635036 0.03434342 0.01106184 0.08711224 -0.07438224 0.03724461 -0.03560584 -0.08545303 0.01885163 -0.03631603 -0.09046256 0.007057726 -0.04099339 -0.08941704 0.009773552 -0.03916424 0.03437787 0.07935792 0.007296442 -0.07667917 0.03829312 -0.005823969 -0.08786398 0.01724117 -0.0141924 -0.05740851 0.05947858 -8.96354e-4 -0.09397685 -0.02732533 0.009994029 -0.05858868 -0.02483457 0.07139128 -0.07678532 -0.02721619 0.05157572 0.03428715 -0.06048756 0.08780711 -0.08596098 -0.02926397 0.03378796 0.03488188 -0.02868807 0.0921604 -0.08960467 -0.03390187 0.01918727 -0.08882302 -0.03224557 0.0224483 -0.09380042 -0.02397584 0.01472026 -0.08858329 -0.01462322 0.03150349 -0.06166964 0.03067702 0.05903989 -0.08023297 -0.005233526 0.0507515 -0.09488767 -0.01493948 0.004971027 -0.09010535 0.01170921 0.008755564 -0.07952356 0.03170454 0.023135 -0.06128162 0.003786981 0.07073825 -0.09473061 -0.02024382 4.88001e-4 -0.0905075 3.7372e-5 0.02371853 -0.08156937 0.01568645 0.04181653 0.03311699 0.0761488 0.002411484 -0.09180778 -0.02094674 5.89504e-4 0.03439146 0.04267019 0.07271474 -0.05931967 0.05092781 0.03475356 -0.09149783 -0.01560813 0.005043447 -0.09102803 -0.001794695 -0.02521109 0.033028 -0.05857342 0.08431053 -0.09034436 0.002888023 -0.022942 -0.09354746 -0.02142232 3.50185e-4 -0.09356743 -0.0126996 -0.01116847 -0.05725497 -0.06185132 0.07038772 0.03294253 -0.06752586 0.08349823 -0.07538622 -0.05295377 0.05233573 -0.08651548 -0.04280984 0.03392422 -0.09150314 -0.006326436 -0.007231593 -0.09182226 -0.0121895 -0.0109753 -0.09224706 0.006790459 -0.0413714 -0.09475398 -0.01148658 -0.0110768 -0.09134823 -0.03440135 0.01894897 -0.09491163 -0.005558788 -0.007214784 -0.09284937 -0.00226432 -0.02543503 -0.03175932 -0.009039044 0.09265339 0.09488517 -0.03087586 0.02773261 0.09160196 -0.04163235 0.034841 0.0819959 0.04031068 -0.01860129 0.03453308 -0.04699105 0.09003502 0.08455705 0.03817081 0.01230186 0.08582979 -0.02822709 0.04215818 0.09518158 -0.01103061 -6.67872e-4 0.09836488 -0.009798228 -0.01050341 0.0933333 0.006560921 -0.03107917 0.09779727 -0.02103471 3.69654e-4 0.09560269 -0.03431892 0.01923978 0.09683209 -0.0197888 0.02241283 -0.01411741 -0.06001627 0.08844566 -0.09168213 -0.01103061 -6.67872e-4 -0.09442257 -0.006276488 -0.01790028 -0.03048151 -0.005151391 0.08864945 -0.03067529 -0.06660401 0.08669054 0.01825112 0.08409494 0.008474051 -0.09040468 -0.03425049 0.01888918 -0.09367114 -0.01735138 -0.005064845 -0.0921033 -0.03431892 0.01923978 -0.08730536 -0.04278492 0.03417575 -0.08968728 -0.02843028 0.01847344 -0.09490591 -0.007987022 0.01357054 -0.09488224 0.002497971 3.99584e-4 0.08876454 -0.03517341 0.03401046 0.06198883 -0.05995148 0.07181477 0.001749694 0.08186441 0.03005665 0.03417468 -0.06660401 0.08669054 0.09188371 -0.03440362 0.0243805 0.09790843 -0.02393049 0.005417466 0.0975148 -0.02628767 0.01105535 0.09834158 -0.01868522 0.001208305 0.09497624 -0.01057636 -0.01037108 0.03449732 0.0272895 0.0818212 0.03570163 0.02838534 0.08463639 0.07807236 -0.05261301 0.05197358 0.03319048 -0.0682044 0.08403265 -0.09084451 -0.03794574 0.02646398 -0.06022089 -0.04292261 0.07391089 0.001749694 -0.06912583 0.09234416 -0.09138572 -0.03087586 0.02773261 -0.02974635 -0.042544 0.08596915 -0.08429932 0.006033837 0.04900014 -0.09251749 0.01645487 -3.77547e-4 -0.02940487 -0.06580448 0.08350521 -0.0879786 -0.03058439 0.02694398 -0.07314735 0.02328562 0.0505405 -0.08083981 0.0246616 0.03387534 -0.09145772 -0.00697875 -0.01780378 -0.09187662 -0.002293825 -0.02537488 0.09221667 -0.03555303 0.03548759 0.0943439 -0.03794574 0.02646398 0.09856468 -0.01031225 -7.33739e-4 0.09409552 -0.02686274 0.01103442 -0.08517247 -0.03519052 0.03439104 -0.07457298 -0.05261301 0.05197358 0.09436881 -0.03618371 0.02829623 0.03385543 -0.06859081 0.08559191 0.04934358 -0.05784034 0.08102798 0.08607625 -0.0166229 0.05383384 0.03290426 -0.06580454 0.08350521 0.07433766 0.05152815 9.72583e-4 0.03404146 0.05587941 0.05997312 0.06086844 -0.04074645 0.07045978 0.09608876 -0.03349572 0.02077823 0.09835827 -0.01614266 -0.004967451 0.09717053 -0.01735138 -0.005064845 0.03525871 -0.009039044 0.09265339 0.06414198 0.04205846 0.04857563 0.03331494 0.07279473 0.0235306 0.09537601 -0.002293825 -0.02537488 0.09495717 -0.00697875 -0.01780378 -0.02949255 0.07669472 -0.01770031 0.09496808 -0.02461379 0.005500972 0.07963544 -0.05291122 0.05269545 0.09321504 -0.02837598 0.01836454 -0.06285226 -0.01183885 0.07538831 -0.01514691 0.04768204 0.07880431 -0.04729843 0.06195956 0.04199254 -0.09367507 0.003506362 -0.03298264 -0.08918774 -0.03333461 0.02012324 -0.07394546 -0.05081617 0.05162411 0.001749694 -0.003592669 0.09476304 -0.0936048 -0.001881241 -0.02539879 -0.06811374 0.04915755 -0.003027796 -0.07547414 0.0383163 -0.02085387 -0.07806575 0.03622043 0.009380996 0.001749694 -0.07073259 0.08945977 -0.09262013 -0.01272469 -0.01110649 -0.09252154 0.00243622 -0.03329485 -0.09429782 -0.02103471 3.69654e-4 -0.01471382 0.08384376 -0.03724449 -0.09061169 0.006502449 0.01733851 0.08738595 0.02867192 -0.03596866 0.001749694 -0.06824058 0.08891665 0.01755517 0.08050692 -0.03703528 0.01789927 -0.07050025 0.08890283 -0.03054207 0.05587941 0.05997312 -0.03035604 -0.06859087 0.08559191 -0.08720248 -0.02219045 0.03301811 -0.09324496 -0.00748378 -0.01800078 -0.09146869 -0.02461379 0.005500972 0.03324574 -0.042544 0.08596915 0.04887503 -0.06513959 0.07962536 0.03457063 0.075841 0.02761918 -0.09258937 -0.03349572 0.02077823 0.06372034 -0.04292261 0.07391089 0.05238336 0.0391227 0.06893688 0.001749694 -0.008074462 0.0989151 0.06641834 0.04401803 0.05022722 0.09350997 0.01966935 -0.0240243 0.09493392 0.01418977 -0.03776383 -0.08670669 0.02909791 -0.006502389 0.07007026 -0.05034697 0.06079554 0.07744485 -0.05081617 0.05162411 0.09079319 0.00807923 0.03312623 0.07897353 0.0383163 -0.02085387 0.09535139 -0.02824586 0.009619772 0.09496521 -0.01945096 0.001351773 0.09544104 -0.01684564 -0.004865944 0.09610223 -0.02145171 4.17902e-4 0.09673255 -0.02502346 0.005173206 0.09706085 -0.02792 0.009655892 0.09661495 -0.02833688 0.01885658 0.09838163 0.002497971 3.99584e-4 0.0949915 0.001672923 -5.56067e-5 0.09601688 0.01645487 -3.77547e-4 -0.0453757 -0.06513959 0.07962536 -0.08810257 -0.04163235 0.034841 -0.07578492 0.02458715 0.0521546 -0.0487802 0.007411718 0.08297193 -0.06413882 0.01848876 0.06876248 -0.08925652 0.02314084 0.01783037 -0.06291896 0.04401803 0.05022722 -0.07849651 0.04031068 -0.01860129 0.05088335 -0.02809619 0.08468466 -0.08052623 -0.04296898 0.04249507 -0.09484219 -0.01868522 0.001208305 -0.09506529 -0.01031225 -7.33739e-4 -0.03220224 0.02838534 0.08463639 -0.08339571 0.02735829 -0.009606122 -0.09260278 -0.02145171 4.17902e-4 -0.09146583 -0.01945096 0.001351773 -0.08561795 -0.04250931 0.03376919 -0.08176857 -0.04786431 0.04296171 -0.09485888 -0.01614266 -0.004967451 0.04911482 0.07098686 -0.03702259 -0.05784147 -0.06180995 0.07097089 -0.09059613 -0.02686274 0.01103442 -0.08983385 0.00886619 -0.01907467 0.0942403 -0.02247512 0.03399872 -0.03076416 0.07991629 -0.01456528 0.08378881 -0.0469526 0.04255288 0.08483064 0.005514681 0.04746913 0.001749694 -0.0711587 0.09115403 -0.03177767 0.05822783 0.06206411 -0.08028614 -0.04696118 0.04256325 -0.09194165 -0.01684564 -0.004865944 -0.03107124 0.075841 0.02761918 0.07308959 -0.05107849 0.06317734 0.08051466 -0.05131334 0.05324929 0.09020608 0.02909791 -0.006502389 0.0725339 -0.02605801 0.06151664 0.08403038 -0.04296791 0.0424776 0.09161782 -0.03046083 0.02638047 0.0907073 -0.02218902 0.03299587 -0.03103363 -0.04699105 0.09003496 0.0932694 -0.007110178 0.02843111 0.001749694 0.07861644 0.02576822 0.09674435 -0.00748378 -0.01800078 0.09781944 -0.0123077 -0.01115477 0.07161313 0.04915755 -0.003027796 0.001749694 0.08298569 -0.01701742 0.08912062 -0.04250073 0.03375881 0.09390735 -0.03424191 0.01887881 0.09648752 0.00712949 -0.04122257 0.07254999 0.05014371 -0.03626626 0.09657877 -0.006917834 0.02911096 0.0984053 -0.007987022 0.01357054 0.09683281 0.009944796 -0.01782315 -0.0148859 -0.0289812 0.09681737 -0.03099793 0.0272895 0.0818212 -0.07940679 -0.03895962 0.05364561 -0.09086942 -0.03618371 0.02829623 -0.05848944 -0.05995148 0.07181477 -0.09044826 0.008783996 0.03405481 -0.07328528 0.04354101 0.03105562 -0.02981555 0.07279473 0.0235306 -0.06051743 0.05924475 0.021205 -0.05736905 -0.04074645 0.07045978 -0.0296911 -0.0682044 0.08403265 -0.0948655 -0.009798228 -0.01050341 -0.08664089 0.01829534 -0.0255106 -0.08814209 0.01318949 -0.03765487 0.04722708 -0.06457382 0.07719904 -0.09432005 -0.0123077 -0.01115477 -0.09149211 0.001672923 -5.56068e-5 0.09000116 -0.02868723 0.04375982 0.03426355 0.07991629 -0.01456528 0.05227959 0.007411718 0.08297199 0.09754639 3.98638e-4 -0.02479618 0.0979222 -0.01949608 0.01011937 0.09611958 -0.01272469 -0.01110649 0.09794443 -7.1648e-4 -0.01462507 -0.09050476 -0.03081142 0.01419407 -0.08910107 0.01519894 -0.00225836 -0.01405578 0.08050692 -0.03703528 -0.08080577 0.02716058 -0.03566414 0.07653021 -0.02757531 0.06459891 0.08660769 -0.04743659 0.04351431 0.01817053 -0.07006341 0.09037268 0.08747172 -0.04337584 0.04387938 0.08779871 0.006033837 0.04900014 0.09394764 0.008783996 0.03405481 0.001749694 0.03167754 0.0901485 0.01840353 0.07302385 0.04845285 0.05079782 0.06195956 0.04199254 0.09679883 0.007420778 -0.03087174 0.09686911 0.008696556 -0.04021614 0.06262123 0.06233704 -0.01611548 0.04965645 0.0717411 0.005572736 0.001749694 0.08644026 -0.01374667 0.04874008 -0.02369862 0.0804767 0.0176168 -0.06001627 0.08844566 0.07887184 -0.03827041 0.05151706 0.01801848 0.01288372 0.0915113 0.08900517 -0.009766101 0.04108673 0.08433926 0.0246616 0.03387534 0.01776665 0.07013863 0.04580098 0.09451049 -0.02009135 0.01015704 0.04898774 0.0594201 0.0396564 0.0868951 0.02735829 -0.009606122 0.08526796 -0.04786431 0.04296171 0.06962072 -0.05665826 0.06074506 0.09080475 -0.04278492 0.03417575 0.09400743 -0.03080284 0.0141837 0.09344917 -0.01992058 0.02201771 0.09504389 -0.008512914 0.01337838 0.09260046 0.01519894 -0.00225836 0.0933333 0.00886619 -0.01907467 -0.08650177 -0.02868723 0.04375982 -0.0831083 -0.04743659 0.04351431 -0.04584413 -0.0578404 0.08102798 -0.08257687 -0.0166229 0.05383384 -0.04615706 0.0717411 0.005572736 -0.01475173 0.08409494 0.008474051 -0.01426577 -0.022412 0.09231907 -0.01474392 -0.062141 0.09209758 -0.06003654 -0.01005119 0.07194703 -0.01451909 0.01288372 0.0915113 -0.09101116 -0.02009135 0.01015704 -0.09323316 -0.02502346 0.005173206 -0.06738674 -0.0576291 0.0615797 -0.0895819 -0.03826552 0.02573806 -0.0912925 0.006738781 -0.04132038 -0.09143453 0.01418977 -0.03776383 -0.08388656 0.02867192 -0.03596866 -0.09311556 -0.02833688 0.01885658 -0.08994978 -0.01992058 0.02201771 -0.0915445 -0.008512914 0.01337838 0.06401681 0.05924475 0.021205 0.08430516 0.02716058 -0.03566414 -0.09001058 0.01966935 -0.0240243 -0.08232498 -0.02822858 0.04218041 -0.06612133 -0.05665826 0.06074506 -0.08791488 -0.03760498 0.02578991 -0.04695552 0.007877826 0.07987105 -0.09070587 0.002819776 -0.03300541 -0.091852 -0.02824586 0.009619772 -0.0922864 -0.0312041 0.01383328 0.01838529 -0.0289812 0.09681731 0.0720508 -0.0571478 0.06243026 0.08290618 -0.03895962 0.05364561 0.01824331 -0.062141 0.09209758 -0.04710382 0.03741192 0.06672817 -0.0452407 -0.02369862 0.0804767 0.01864629 0.04768204 0.07880431 0.06763821 0.01848876 0.06876248 0.07876551 -7.19112e-4 0.06311678 0.0872423 0.02607166 0.03499919 0.09275591 0.02314084 0.01783037 0.09717452 0.003506362 -0.03298264 0.0339809 -0.005151391 0.08864945 -0.01513034 0.0120418 0.09494948 0.05961227 -0.0593512 0.0693044 0.001749634 -0.04334104 0.09182339 0.09279072 -0.03309029 0.01976221 0.09147304 -0.03745073 0.02560371 0.05060321 0.03741192 0.06672817 0.0766468 0.02328562 0.0505405 0.09411114 0.006502449 0.01733851 0.0758298 -6.78954e-4 0.06078803 0.06353592 -0.01005119 0.07194703 0.06172347 0.05670368 0.01761955 0.0895968 0.02179956 0.01649481 0.09792196 -0.006276488 -0.01790028 0.06011164 -0.06149399 0.06978523 0.09308129 -0.03826552 0.02573806 0.09602093 0.00243622 -0.03329485 0.09164148 0.01318949 -0.03765487 0.03527706 0.05822783 0.06206411 -0.07303076 -0.02757531 0.06459891 -0.06855142 -0.0571478 0.06243026 -0.09307938 -0.006917834 0.02911096 -0.08374291 0.02607166 0.03499919 -0.05912184 0.06233704 -0.01611548 -0.07083827 0.05152815 9.72583e-4 -0.06903451 -0.02605801 0.06151664 -0.08475393 -0.04120403 0.03391301 -0.04394835 -0.0563271 0.07779061 -0.08729374 0.00807923 0.03312623 0.001749694 0.03049749 0.08714163 -0.09147685 -0.01057636 -0.01037108 -0.01426726 0.07013863 0.04580098 -0.04548835 0.0594201 0.0396564 -0.0606426 0.04205846 0.04857563 0.001749694 0.060642 0.06386584 -0.08983385 0.006560921 -0.03107917 -0.08998292 0.007916748 -0.04029726 -0.09440904 -0.02393049 0.005417466 -0.05661231 -0.06149399 0.06978523 -0.09097748 -0.00153619 -0.01481682 -0.09058111 -3.89229e-4 -0.02473598 -0.09298813 0.00712949 -0.04122257 -0.07613605 -0.05291122 0.05269545 -0.08977001 -0.007110178 0.02843111 0.09240061 -0.009869098 0.04239416 0.09014028 0.01829534 -0.0255106 0.04726165 0.06812703 -0.03676223 0.04809677 -0.06561058 0.07839244 -0.08871722 -0.03555303 0.03548759 -0.09401541 -0.02628767 0.01105535 -0.0473839 -0.02809619 0.08468466 -0.06637597 0.04798489 -0.03590339 -0.09356147 -0.02792 0.009655892 0.07928436 0.02458715 0.0521546 0.01862972 0.0120418 0.09494948 0.06635165 -0.01183885 0.07538831 0.07678467 0.04354101 0.03105562 0.001749694 0.06314486 0.06612747 -0.04561543 0.07098686 -0.03702259 0.01776516 -0.022412 0.09231907 0.04744774 -0.0563271 0.07779061 0.09091466 -0.03634417 0.02769738 0.08830976 -0.04106622 0.03373491 0.08205497 -0.0161072 0.05172014 0.06538546 0.01758462 0.06646442 0.01802933 0.04573798 0.07623767 -0.01490414 0.07302385 0.04845285 0.05045491 0.007877826 0.07987105 0.07415372 0.0415185 0.02920186 0.0940805 -3.89229e-4 -0.02473598 0.06030046 0.05969822 -0.01887816 0.09420526 0.002819776 -0.03300541 0.04783588 0.06877887 9.23886e-4 0.08156514 0.03622043 0.009380996 -0.04888391 0.0391227 0.06893688 0.03299194 0.07669472 -0.01770031 0.09578579 -0.0312041 0.01383328 0.09479188 0.006738781 -0.04132038 0.09447687 -0.00153619 -0.01481682 0.01821321 0.08384376 -0.03724449 0.06134086 -0.06180995 0.07097095 0.09695011 -0.03058558 0.01452094 0.09741282 0.00726819 0.01789844 -0.01467114 -0.07006335 0.09037268 0.001749694 -0.04845404 0.09604775 -0.06959021 -0.05107849 0.06317734 -0.08397233 -0.04337584 0.04387944 -0.07701528 -0.05131334 0.05324929 -0.09391343 0.00726819 0.01789844 -0.07526612 -7.19112e-4 0.06311678 -0.08890122 -0.009869098 0.04239416 -0.094047 3.98638e-4 -0.02479618 -0.09329944 0.007420778 -0.03087174 -0.08105766 0.03817081 0.01230186 -0.04376226 0.06812703 -0.03676223 -0.08746385 -0.03584986 0.02745479 -0.07537245 -0.03827041 0.05151706 -0.06657087 -0.05034697 0.06079554 -0.05611288 -0.05935126 0.0693044 -0.08133119 0.005514681 0.04746913 0.0176059 0.0807262 0.003438353 -0.01452994 0.04573798 0.07623767 -0.09442275 -0.01949608 0.01011937 -0.07855558 -0.0161072 0.05172014 -0.07233041 -6.78954e-4 0.06078803 -0.06188607 0.01758462 0.06646442 -0.07065439 0.0415185 0.02920186 -0.08609741 0.02179956 0.01649481 -0.01410651 0.08072614 0.003438353 -0.05680108 0.05969822 -0.01887816 -0.09444504 -7.16479e-4 -0.01462507 -0.04433649 0.06877887 9.23886e-4 -0.01439988 -0.07050025 0.08890283 -0.09336972 0.008696556 -0.04021614 -0.06905061 0.05014371 -0.03626626 -0.09345066 -0.03058558 0.01452094 -0.09333264 -0.0197888 0.02241283 -0.09333342 0.009944796 -0.01782315 0.01759672 -0.06939303 0.08750319 0.09710419 -0.001881241 -0.02539879 0.06987535 0.04798489 -0.03590339 0.09348231 0.007916748 -0.04029726 0.07088613 -0.0576291 0.0615797 -0.09074085 -0.02247512 0.03399872 -0.01409733 -0.06939303 0.08750319 -0.08550578 -0.009766101 0.04108673 -0.04372769 -0.06457382 0.07719904 -0.05822408 0.05670368 0.01761955 -0.04459738 -0.06561058 0.07839244 0.07339841 0.05152565 -0.01711332 -0.09099346 -0.037364 0.02712488 0.04904377 -0.06364655 0.0800684 0.07786703 -0.01403576 0.06467938 -0.08894127 -0.02554279 0.02470523 -0.08343595 -0.04642397 0.0437445 0.09023594 -5.88157e-4 0.03812539 -0.09057134 -0.03446865 0.02998477 -0.06718182 0.04921174 -0.0196315 0.01821786 -0.06847923 0.09089392 -0.09035575 -0.03823482 0.02602064 -0.01518005 0.0308969 0.08880436 0.04987573 0.04981017 0.05499219 -0.01503598 0.06194847 0.06514018 -0.07119607 -0.04087269 0.06390905 -0.09108573 -0.02332955 0.006429195 -0.0688607 -0.05583631 0.06273442 0.09749978 -0.007093012 -0.01798427 0.09456169 -0.005425691 -0.01728725 0.01806008 -0.07049959 0.08972674 0.09407079 -0.03446865 0.02998477 0.04934728 0.07212769 -0.0152871 -0.06757867 -0.03961682 0.06108069 -0.01456892 0.02974176 0.08584767 -0.04401344 0.06917226 -0.01826006 -0.06608003 -0.05530041 0.06066018 0.09126776 -0.01943618 0.04357987 0.04718255 -0.06294727 0.07717686 -0.04661798 0.06851011 0.02478504 -0.07585906 0.01235789 0.05897241 -0.01456069 -0.07049959 0.08972674 0.09449285 -0.037364 0.02712488 -0.09005355 -0.03007745 0.01530897 -0.08805584 0.02717763 0.006564736 -0.04408955 -0.06523352 0.07768607 0.08440595 -0.04753255 0.04271513 0.071078 -0.03961682 0.06108069 -0.04651838 -0.04511237 0.08290809 -0.04637634 0.04981017 0.05499219 -0.04447615 -0.04173117 0.07906013 -0.08120596 -0.0366919 0.0423454 -0.04906505 0.02405554 0.0776596 0.09588813 0.01231646 -0.02773237 0.01851403 -0.008324682 0.09734338 0.01806831 0.02974176 0.08584761 -0.08530569 0.02933007 -0.02089411 0.01790809 0.05948626 0.06292271 -0.07195079 0.04897975 0.01709693 0.01766556 0.07715976 0.02519148 -0.01501464 -0.008324682 0.09734338 0.0715698 -0.05758297 0.06204742 -0.04480373 0.06569552 0.02092045 -0.08090615 -0.04753357 0.04271638 -0.04818236 -0.01018762 0.08504766 0.01789742 -0.003950119 0.09323018 -0.04505878 -0.06558209 0.07908129 -0.0144087 0.05948626 0.06292271 0.01830744 0.0803557 0.02942717 0.05001777 -0.04511237 0.08290809 -0.09367704 0.00476545 -0.03245079 0.04758894 -0.06523352 0.07768607 -0.04584789 0.07212769 -0.0152871 0.04830312 0.06569546 0.02092045 0.09155523 0.02717763 0.006564736 0.07545018 0.04897975 0.01709693 0.09862411 -0.00246632 0.00761938 0.05168175 -0.01018762 0.08504766 0.04966557 -0.007288992 0.08123475 -0.09512466 -0.00246632 0.00761938 -0.08991855 -3.01117e-4 0.03923648 -0.09422481 0.006674587 -0.008250951 0.06957942 -0.05530041 0.06066018 -0.09398508 -0.02465152 0.005210995 0.08556669 0.02764618 -0.02284485 -0.01407533 -0.06761538 0.08752745 0.04797554 -0.04173117 0.07906013 0.09696853 -0.02986413 0.01564961 -0.08716791 -0.03412812 0.02909702 -0.09133172 -0.03114676 0.01383841 0.07068121 0.04921174 -0.0196315 0.08605217 -0.04783117 0.04324072 0.09373313 0.003979861 -0.03245586 0.01757472 -0.06761538 0.08752745 -0.01439803 -0.003950119 0.09323012 -0.08865761 -0.03802782 0.02563428 0.04855817 -0.06558209 0.07908129 0.01767569 -0.0431199 0.0903294 0.05080419 0.02303802 0.07506561 0.01822447 0.08478587 -0.01398897 -0.08255279 -0.04783117 0.04324072 -0.08701765 0.01577782 0.02610319 0.09792107 -0.01696002 -0.00505048 0.09356588 -0.03004693 0.01526379 0.0727716 0.0467208 0.0138269 -0.0473048 0.02303802 0.07506561 0.09385508 -0.03823482 0.02602064 0.07427668 -0.01306384 0.06185626 -0.09442168 -0.01696002 -0.00505048 0.09135931 -0.03641968 0.02561873 0.09438025 -0.0141685 0.01825195 -0.07320111 0.01162075 0.05703735 0.08830446 0.02557748 0.004057347 -0.08895909 0.01124447 -0.02853184 0.09245818 -0.02552729 0.02463483 -0.07077729 -0.01306384 0.06185626 -0.08673655 -5.88157e-4 0.03812539 -0.09448617 -0.0225929 0.006307899 0.0767005 0.01162075 0.05703735 -0.09327149 0.002800583 -0.03321075 -0.06989902 0.05152565 -0.01711332 0.08738768 -0.01907843 0.0420891 0.01772242 -0.07008451 0.08806633 0.0905171 0.01577782 0.02610319 -0.06807041 -0.05758303 0.06204742 0.04751282 0.06917226 -0.01826006 -0.0141763 -0.0431199 0.0903294 -0.09176504 -0.003143548 0.007411837 -0.08018428 -0.04595845 0.04252904 -0.06664389 -0.05728244 0.06109482 -0.09272944 -0.01737701 -0.0050022 -0.01479446 -0.04810631 0.0945146 -0.08509588 -0.03712618 0.04387086 -0.08480507 0.02557748 0.004057347 -0.06927222 0.0467208 0.0138269 0.09677088 0.002800583 -0.03321075 -0.09303647 -0.03100699 0.01404041 -0.01416617 0.07715976 0.02519148 0.01867944 0.0308969 0.08880436 -0.01422303 -0.07008451 0.08806633 -0.0922811 -0.02505713 0.005248725 0.07236009 -0.05583637 0.06273442 -0.09076225 0.005695879 -0.009228527 0.09483152 -0.03114569 0.01383709 -0.04616624 -0.007288992 0.08123475 -0.09238874 0.01231646 -0.02773237 0.08693534 -0.04642397 0.0437445 0.09505242 0.002397239 -0.03323858 -0.09346914 -0.02986413 0.01564961 -0.09400033 -0.007093012 -0.01798427 -0.08760559 -0.03700602 0.02632498 -0.09155303 0.002397239 -0.03323858 0.07562744 0.03350752 0.04140377 0.09511423 -0.0152449 -0.004196286 0.09653586 -0.03100699 0.01404041 -0.09106224 -0.005425691 -0.01728725 -0.08776837 -0.01943618 0.04357987 0.05011737 0.06851011 0.02478504 -0.07436764 -0.01403576 0.06467938 -0.07212805 0.03350752 0.04140377 -0.09161484 -0.0152449 -0.004196286 -0.04817706 0.05198502 0.05688637 -0.09015691 0.01682776 0.02696382 0.09109377 -0.03418511 0.02750998 0.01757365 0.08139157 -0.01722514 -0.09449738 -0.004641234 -0.01739311 0.09341794 -3.01118e-4 0.03923648 -0.01472508 0.08478587 -0.01398897 0.0782569 0.0352205 0.04279279 0.09216433 -0.03800857 0.02561104 -0.01471847 -0.06847923 0.09089392 -0.04554438 -0.06364655 0.0800684 -0.01480805 0.0803557 0.02942717 0.07935845 0.01235789 0.05897247 0.05256444 0.02405554 0.0776596 -0.01407426 0.08139157 -0.01722514 0.07469546 -0.04087269 0.06390905 0.09584158 -0.0256536 0.02530431 0.09775 -0.01382076 0.01851129 -0.09425061 -0.01382076 0.01851129 -0.09234219 -0.0256536 0.02530431 0.09772419 0.006674587 -0.008250951 0.05167651 0.05198502 0.05688637 -0.07475751 0.0352205 0.04279279 -0.09088087 -0.0141685 0.01825195 0.09798562 -0.0225929 0.006307899 0.07014328 -0.05728244 0.06109482 -0.04368317 -0.06294727 0.07717686 0.09245848 0.01124447 -0.02853184 0.0936563 0.01682776 0.02696382 0.08471691 -0.03668975 0.04229784 0.09526443 -0.003143548 0.007411837 -0.08206731 0.02764618 -0.02284485 -0.09498345 -0.01447296 -0.00433892 0.09848284 -0.01447296 -0.00433892 0.01853537 0.06194847 0.06514018 0.09426164 0.005695879 -0.009228527 -0.09023368 0.003979861 -0.03245586 0.09578257 -0.00750941 -0.01793903 0.09458512 -0.02332955 0.006429195 0.09799677 -0.004641234 -0.01739311 -0.08388757 -0.01907861 0.04209184 0.09578049 -0.02505713 0.005248725 0.09622883 -0.01737701 -0.0050022 -0.09228312 -0.00750941 -0.01793903 0.09717643 0.00476545 -0.03245079 0.08859533 -0.03712618 0.04387086 0.01829385 -0.04810631 0.0945146 0.09748446 -0.02465158 0.005210995 0.0836907 -0.04594123 0.04250675 0.08880501 0.02933007 -0.02089411</float_array>
          <technique_common>
            <accessor source="#bug_headlight_L_lid_animated-mesh-positions-array" count="827" stride="3">
              <param name="X" type="float"/>
              <param name="Y" type="float"/>
              <param name="Z" type="float"/>
            </accessor>
          </technique_common>
        </source>
        <source id="bug_headlight_L_lid_animated-mesh-normals">
          <float_array id="bug_headlight_L_lid_animated-mesh-normals-array" count="2481">0.7376118 0.6751451 0.01038962 0.6496076 0.7593091 -0.03820592 0.6382973 0.7686296 0.04225355 0.812387 0.5827576 -0.02052158 0.7470052 0.6622605 -0.05825996 0.8135175 0.5765299 -0.07617586 0.7542672 0.6517376 -0.07949364 0.6576164 0.7506662 -0.06356894 -0.9809346 -0.07338929 0.1799483 -0.9587858 -0.2284053 0.1689996 -0.9636414 -0.1107121 0.2431834 -0.9816623 -0.1522687 0.114688 -0.8342686 -0.5484666 -0.05639481 -0.7996064 -0.5998899 0.02759933 -0.9245911 -0.2699337 0.2688257 -0.9308091 -0.1487515 0.3338676 0.3511552 -0.1668912 0.9213237 0.5030272 -0.2342359 0.8319238 0.4964396 -0.16035 0.8531329 0.3554144 -0.2411028 0.9030781 0.4892668 -0.5835166 0.6481716 0.605625 -0.580699 0.5440654 0.6318926 -0.2349111 0.7385991 0.6244025 -0.1603916 0.7644581 0.6168346 -0.0888884 0.7820575 0.7372583 -0.0229429 0.6752215 0.6164621 0.003434717 0.7873772 0.7344334 -0.1047844 0.670543 0.838028 -0.05307549 0.5430396 0.8444613 0.04791218 0.5334695 0.7445951 0.09955352 0.660051 0.6231948 0.1413542 0.7691862 0.9423848 0.1156413 -0.3139075 0.984388 0.08557844 -0.1538071 0.9593596 0.07770246 -0.2712778 0.966382 0.08335381 -0.2432243 0.9753032 0.09383714 -0.1999459 0.979405 0.07451575 -0.1876524 0.9876107 0.06356608 -0.1434735 0.9926045 0.06455051 -0.1028087 -0.8235898 -0.1739919 0.5398395 -0.8823615 -0.2722111 0.383848 -0.8250445 -0.2605612 0.5014075 -0.8859916 -0.1677678 0.4322878 -0.781494 -0.6071891 0.1434881 -0.7530261 -0.5985003 0.2734029 -0.9337559 -0.2018532 -0.2955592 -0.8493841 -0.1608331 -0.5026724 -0.8530355 -0.3148438 -0.416178 -0.9839828 -0.07579314 -0.1613485 -0.9267262 -0.07555079 -0.3680635 -0.9756542 0.007192671 -0.219197 -0.9067313 0.04418784 -0.4193877 -0.8323566 -0.004916191 -0.5542187 -0.9594816 -0.09394776 0.2656483 -0.9476385 -0.1086224 0.3003039 -0.9364023 -0.1221115 0.3289981 -0.9713703 -0.0829901 0.2226038 0.8138824 -0.5804719 0.02545338 0.7491596 -0.6595371 0.06140756 0.7397449 -0.6728666 -0.005301356 0.8149452 -0.5741809 0.07861822 0.7553465 -0.6497843 0.0850417 0.6588852 -0.7490607 0.06912654 0.6514051 -0.7576196 0.0410369 0.6401774 -0.7673367 -0.03697711 0.3484961 -0.592249 0.7264928 0.1851284 -0.2493177 0.9505621 0.1823794 -0.6012535 0.7779667 0.1832217 -0.1754422 0.96729 1.71605e-7 -0.1795102 0.9837561 3.21611e-7 -0.2524461 0.967611 2.76213e-7 -0.6052049 0.7960698 -0.412642 -0.862244 -0.2937041 -0.03203296 -0.8750081 -0.4830474 -0.008083224 -0.8754311 -0.4832755 -0.4488463 -0.8293332 -0.3327816 -0.8900703 -0.4470499 -0.08900129 -0.5274142 -0.7705308 -0.3579338 -0.0891357 -0.8626511 -0.4978834 -0.3576897 0.5662935 0.7425428 -0.1821771 0.4066397 0.8952406 -0.1828498 0.5961034 0.7818099 -0.3537688 0.3827402 0.8534387 -0.1821929 0.2102049 0.9605309 4.64583e-7 0.2161949 0.9763503 2.57411e-7 0.4151424 0.9097565 1.19367e-7 0.6063526 0.7951959 -0.3583555 -0.5696361 -0.7396596 -0.5104404 -0.6795251 -0.5269689 -0.5081828 -0.5265512 -0.681538 -0.3612961 -0.7301247 -0.5799855 -0.510541 -0.7861684 -0.3482633 -0.6327621 -0.7156462 -0.2957408 -0.6367375 -0.6181086 -0.4609848 -0.6382464 -0.4726857 -0.6076264 -0.1883152 0.873176 0.4495565 2.20674e-7 0.7666916 0.6420157 -2.09719e-7 0.8877643 0.4602985 -0.3639203 0.8317254 0.4192792 -0.1850425 0.7548226 0.629287 -0.3607581 0.7198479 0.5930199 -0.8274512 -0.156207 0.5393735 -0.7344371 -0.1048321 0.6705314 -0.8329467 -0.1202122 0.5401378 -0.7348865 -0.1483547 0.6617649 -0.7366383 -0.1672006 0.6552922 -0.620844 -0.1383257 0.7716338 -0.616806 -0.08892482 0.782076 0.9847014 -0.0596224 -0.1637327 0.9959816 0.05897468 -0.06739902 0.7923615 -0.4509128 -0.4109028 0.9901242 -0.05128192 -0.130478 0.8168849 -0.4416154 -0.3710457 0.9940301 -0.0572021 -0.09290945 0.9988117 0.03740715 -0.03124117 -0.6244808 -0.1602115 0.7644318 -0.7424728 -0.2451679 0.6233994 -0.6318951 -0.2348622 0.7386125 -0.6961765 -0.5868374 0.4134733 -0.6056087 -0.5807383 0.5440415 0.2061643 -0.8154432 -0.5408778 0.6526324 -0.595068 -0.4690043 0.1933614 -0.7862784 -0.5868371 0.6702495 -0.6067889 -0.4272856 0.9534657 -0.2177298 -0.2085592 0.9495356 -0.233088 -0.2098866 0.647731 -0.5963558 -0.4741355 0.1908121 -0.7778112 -0.5988327 -0.9990612 -0.02833801 0.0327689 -0.990341 -0.1351452 -0.03099489 -0.9942316 -0.1019693 -0.03325569 -0.9972181 -0.06140148 0.04225969 -0.9832434 -0.1755195 -0.04924851 -0.795301 -0.5285878 -0.2968019 -0.8127756 -0.4925223 -0.3111554 -0.8214912 -0.4675933 -0.3263567 0.03882509 -0.9737688 -0.2242028 2.07929e-7 -0.9548996 0.296929 1.71953e-7 -0.9760007 -0.2177677 0.07086509 -0.9675055 -0.2427167 0.1239179 -0.9511987 0.2826049 0.2340775 -0.9417518 0.2414771 0.9308096 -0.1487541 0.3338647 0.959482 -0.09395021 0.2656456 0.9364023 -0.1221123 0.3289977 0.9713733 -0.08303004 0.2225756 0.9636409 -0.1107162 0.2431831 0.9809425 -0.07339924 0.1799016 0.9476384 -0.1086218 0.3003044 0.5259234 0.8502426 -0.02218878 0.5172151 0.8531 0.06862324 0.5321565 0.8450864 -0.05136662 0.37937 0.9241898 -0.04418075 0.374789 0.9270375 -0.01160055 0.3694303 0.9250737 0.08809113 0.8113176 0.08937323 -0.5777337 0.7294213 0.09275698 -0.6777468 0.727159 0.08908599 -0.680664 0.8136141 0.09546089 -0.5735149 0.726782 0.1064707 -0.6785661 0.6154623 0.09102851 -0.7828921 0.6186381 0.09044009 -0.7804535 0.6170366 0.09096902 -0.7816588 0.3560678 -0.3853831 -0.8512906 0.1842817 -0.2066614 -0.9609013 0.3535882 -0.1854789 -0.9168277 0.3583261 -0.5696675 -0.7396495 0.183215 -0.4118625 -0.8926374 0.1830469 -0.599745 -0.7789736 -1.91722e-7 -0.421337 -0.9069042 -2.08349e-7 -0.2142227 -0.9767849 0.5180897 -0.8529928 -0.06313955 0.3758332 -0.9265912 0.01334619 0.3699371 -0.9254201 -0.08212226 0.5272336 -0.8493729 0.02430385 0.5331532 -0.8441444 0.05628496 0.3801141 -0.9236633 0.04857516 0.7083536 0.01080542 -0.7057751 0.6006839 0.02151733 -0.799197 0.5369105 -0.3946679 -0.7456303 0.6061168 -0.3971308 -0.6891368 0.7902412 0.00213015 -0.6127924 0.8329513 -0.1202585 0.5401204 0.9125279 -0.0826655 0.4005739 0.9045779 -0.1248957 0.4076026 0.9572798 -0.09679025 0.2724836 0.9670793 -0.05936878 0.247453 0.9204589 -0.01020073 0.3907063 -0.4519935 -0.3859984 -0.804181 -0.4774774 0.0360592 -0.8779039 -0.6009401 0.0220353 -0.7989902 -0.3580162 -0.3721466 -0.8563476 -0.3371923 0.05111527 -0.9400472 -0.3467037 0.1053792 -0.9320363 -0.4901373 0.09683281 -0.8662499 -0.6170363 0.0909698 -0.781659 -0.3665211 0.8985462 0.2414062 -0.5114146 0.7730937 0.3752085 -0.3693473 0.9251019 0.08814251 -0.5132488 0.8322036 0.2097923 -0.517137 0.8531436 0.06866866 -0.633898 0.7545726 0.1696873 -0.6343313 0.7035539 0.3203682 -0.6230399 0.1415328 0.7692787 -0.7531968 0.246844 0.6097234 -0.7445952 0.09955346 0.6600509 -0.6325854 0.3055413 0.7116743 -0.7559579 0.40014 0.5180885 -0.853374 0.3130128 0.4168645 -0.8517554 0.1739656 0.4942152 -0.8444611 0.04791259 0.5334697 -0.1238996 -0.9512175 0.2825495 -0.1823811 -0.6012517 0.7779676 -0.2340798 -0.9417498 0.2414829 -0.0708968 -0.9675146 -0.2426712 -0.03886044 -0.9737866 -0.2241199 0.9587806 -0.228456 0.1689607 0.9816623 -0.1522747 0.1146809 0.9245902 -0.269831 0.2689317 0.7996033 -0.5998942 0.0276001 0.8342627 -0.5484747 -0.05640381 0.890083 -0.4470341 -0.08895504 0.775555 -0.468462 -0.4231524 0.9770323 -0.06893777 -0.2016327 0.9675661 -0.05676394 -0.2461578 0.7643837 -0.4705433 -0.4408019 -0.9560191 0.2931174 -0.01047897 -0.8749553 0.482405 -0.04169756 -0.9380546 0.3431364 -0.0480749 -0.9711362 0.2345384 0.04343193 -0.8907154 0.4537705 0.02680331 -0.9087981 0.4004639 0.1171096 -0.818224 0.5703652 0.07206273 -0.8123871 0.5827574 -0.02052229 0.2519097 -0.358742 -0.8988024 0.1200304 -0.7920891 -0.5984878 0.3580638 -0.3719645 -0.856407 0.08125329 -0.7925214 -0.6044069 -0.09052604 -0.9576131 -0.2734633 0.1606699 -0.7884832 -0.5936998 0.4519951 -0.3859965 -0.8041811 -0.606053 -0.397307 -0.6890915 -0.2950057 -0.7488164 -0.5935028 -0.2513473 -0.7617475 -0.5971308 -0.6632009 -0.4015474 -0.6316045 -0.3305162 -0.7529085 -0.5691116 0.02182561 -0.8822485 -0.4702777 0.05350893 -0.9023473 -0.4276754 -0.8139143 0.09535539 -0.5731065 -0.7267958 0.1065104 -0.6785451 -0.8133639 0.1196292 -0.5693226 -0.8114953 0.08942627 -0.5774759 -0.7294628 0.09268015 -0.6777126 -0.7273768 0.08871841 -0.6804793 -0.6185868 0.09051084 -0.7804859 -0.6154469 0.09098803 -0.7829089 -0.3477593 -0.07323759 0.9347191 -0.4934969 -0.1345489 0.8592773 -0.3502116 -0.1373681 0.926543 -0.4889701 -0.07776361 0.8688274 -0.4964396 -0.1603497 0.8531329 -0.3510175 -0.1673672 0.9212899 0.6367627 -0.6180735 -0.4609972 0.5081828 -0.5265512 -0.6815381 0.6382468 -0.4726855 -0.6076262 0.6327622 -0.7156462 -0.2957407 0.5105226 -0.6794289 -0.5270134 0.5105412 -0.7861682 -0.3482635 0.361296 -0.7301247 -0.5799856 0.4902458 0.07915163 -0.8679828 0.3495138 0.09596472 -0.9320037 0.492176 0.09133499 -0.8656909 0.4901372 0.09683275 -0.86625 0.8736263 0.09398567 -0.4774348 0.9236615 0.1059194 -0.3682808 0.8751876 0.09450638 -0.4744631 0.9229495 0.09031957 -0.3741745 0.8789618 0.1208042 -0.4613378 0.8131973 0.1194303 -0.5696023 -0.6380928 0.4702686 0.6096597 -0.5006173 0.3494667 0.7919945 -0.5073092 0.5239198 0.6842116 -0.4917266 0.1726161 0.8534686 -0.3492163 0.194422 0.9166505 0.9804887 0.1917249 -0.04339778 0.9158218 0.3956564 -0.0687502 0.9380549 0.3431355 -0.04807549 0.9944755 0.1008172 -0.02923208 0.962017 0.2703052 -0.03818869 0.9843723 0.1760761 -0.002933919 0.9471479 0.3194595 -0.02926725 0.9015092 0.4263924 -0.07396501 0.3463975 0.03605806 0.9373947 0.1828639 -0.07255601 0.9804573 0.3477135 -0.07324945 0.9347352 0.3492159 0.1944218 0.9166507 0.1821176 0.04384708 0.9822987 0.1819108 0.2104271 0.9605357 6.18734e-7 0.04693067 0.9988982 0 -0.07273727 0.9973511 -0.1831839 -0.4118937 -0.8926295 -0.1831119 -0.5996909 -0.7789999 -0.3561215 -0.3853127 -0.8513 -0.1843391 -0.2065943 -0.9609048 -1.30557e-7 -0.6101275 -0.7923033 -0.8630701 0.4982987 -0.08251363 -0.9158217 0.3956564 -0.06875073 -0.8135172 0.5765303 -0.07617557 -0.8162512 0.5700746 -0.093535 -0.8579045 0.5048152 -0.09571653 -0.9015089 0.4263929 -0.0739665 -0.3633259 -0.8459127 -0.3904179 -0.1852371 -0.7655728 -0.6161053 -0.1878498 -0.888176 -0.4193519 -1.38739e-7 -0.7778255 -0.6284804 -1.20315e-7 -0.9029608 -0.429723 -0.740982 0.6208277 0.2559664 -0.6383351 0.7685986 0.04224234 -0.7360537 0.6658546 0.1219128 -0.7376121 0.6751449 0.01038956 -0.8296881 0.5255933 0.1880681 -0.1903324 -0.9525582 -0.2375005 -0.3658406 -0.9049304 -0.2173976 0 -0.9695817 -0.2447679 0 -0.9951121 -0.0987516 -0.1929113 -0.9766578 -0.09447169 -0.3695837 -0.9255316 -0.0824576 -0.1821177 0.04384726 0.9822986 -0.1828642 -0.07255625 0.9804573 -0.3465271 0.0359084 0.9373524 0.6961697 -0.5868513 0.4134652 0.4250394 -0.8955255 -0.1318169 0.7530274 -0.5985037 0.273392 0.4190938 -0.9077849 -0.0169366 0.3839102 -0.9188715 0.09104031 0.08131325 -0.9256401 -0.3695656 0.3653579 -0.9050503 -0.2177094 0.3633185 -0.8458968 -0.3904589 0.512193 -0.8380407 -0.1880056 0.6330847 -0.759428 -0.1499099 0.663833 -0.4003766 -0.6316837 0.3251615 -0.7566155 -0.5672769 0.718486 -0.415048 -0.5581336 0.2941583 -0.7494267 -0.5931531 -0.05354189 -0.9023628 -0.4276384 -0.02208542 -0.8823128 -0.4701449 -0.4869169 0.02322518 0.8731394 -0.6164618 0.003433942 0.7873775 1.2529e-7 0.07264602 -0.9973578 -0.1841076 -0.02436882 -0.982604 -0.1841344 0.07235717 -0.9802342 1.23597e-7 -0.02864682 -0.9995897 -0.3536769 -0.1853234 -0.916825 -0.3503457 -0.01239055 -0.9365386 -0.3499152 0.07350838 -0.9338929 -0.3484856 -0.5922927 0.7264621 -0.3215661 -0.9301726 0.1771277 -0.4892778 -0.5834739 0.6482018 -0.3839108 -0.9188713 0.09103906 -0.0945183 -0.94417 -0.3156094 0.1852371 -0.7655729 -0.6161052 0.1878417 -0.888196 -0.419313 0.3639202 0.8317254 0.4192793 0.1908304 0.9457468 0.2629579 0.188315 0.8731758 0.4495568 0.3666842 0.8985114 0.2412884 0.1927019 0.9760699 0.1007655 -3.44516e-7 0.9944726 0.1049968 -2.83287e-7 0.9625921 0.270955 0.4889026 -0.07783049 0.8688595 0.620908 -0.1382615 0.7715939 0.4934049 -0.1346606 0.8593127 0.3501482 -0.1374444 0.9265556 -0.9843804 0.1760305 -0.00292474 -0.9985962 0.03861308 -0.03625953 -0.9944755 0.1008177 -0.02923166 -0.974839 0.2224214 0.01475822 -0.9967603 0.07977962 -0.01020467 -0.9949029 0.1008186 0.002026915 -0.9663885 -0.2048168 -0.155382 -0.9612404 -0.2076129 -0.1814216 -0.2521439 -0.3583024 -0.8989121 -0.1199963 -0.7921157 -0.5984595 -0.08125197 -0.7925235 -0.6044045 -0.1606664 -0.7884833 -0.5937008 0.09049159 -0.9576087 -0.2734903 -0.3793699 0.9241896 -0.04418098 -0.5258089 0.8503149 -0.02212655 -0.3748685 0.9270048 -0.01165181 -0.5321564 0.8450864 -0.0513671 -0.6496077 0.7593089 -0.0382061 -0.5121224 -0.8380731 -0.1880535 -0.6331518 -0.7593797 -0.1498718 -0.5181545 -0.8529573 -0.06308615 -0.6400029 -0.7674803 -0.03701955 0.8749557 0.4824043 -0.04169738 0.9560227 0.2931036 -0.01052778 0.8907061 0.4537863 0.02685046 0.818224 0.5703653 0.07206273 0.9087981 0.400464 0.1171094 0.971136 0.2345388 0.04343163 0.8296599 0.5256341 0.1880777 0.7361518 0.6657568 0.121854 0.7409821 0.6208277 0.2559661 0.6339342 0.7545477 0.1696625 0.6342955 0.7035434 0.3204622 0.9989542 0.0386908 0.02436399 0.9960035 0.08865237 -0.0108667 0.9815762 0.1600748 0.1043273 0.9978184 -0.01141214 0.0650258 0.998914 -0.0364803 0.02898561 0.9999702 -0.006548583 -0.004106998 0.999239 0.02552664 -0.02949178 0.4869173 0.02322536 0.8731393 0.4917272 0.1726157 0.8534685 -0.4963004 -0.1533632 -0.8544974 -0.6233649 -0.111244 -0.7739773 -0.4894611 0.00764048 -0.8719918 -0.6138895 0.03709453 -0.78852 -0.4902573 0.07913994 -0.8679773 -0.9989548 0.03870505 0.02431726 -0.9815762 0.1600748 0.1043272 -0.9960068 0.08862537 -0.01077038 -0.9999712 -0.006498873 -0.003919541 -0.9989159 -0.03646391 0.02894073 -0.9978184 -0.01141202 0.06502544 -0.9836694 0.07678461 0.1627847 -0.9294262 0.08692044 0.3586251 -0.920459 -0.01020169 0.3907062 -0.9333994 0.2013227 0.2970433 -0.9772207 -5.31985e-5 0.212226 -0.9670792 -0.05936998 0.2474533 -0.9900057 0.1367263 -0.03456479 -0.9805083 0.1916298 -0.04337584 -0.9975428 0.05809813 -0.03915393 -0.9992408 0.02543264 -0.02951252 -0.7083518 0.01080083 -0.7057769 -0.7902428 0.001697778 -0.6127917 -0.5369091 -0.3946726 -0.7456287 -0.1958045 -0.789352 -0.5818799 -0.6621739 -0.6266577 -0.4108843 -0.6622996 -0.6140817 -0.4292586 -0.19306 -0.7966345 -0.5728013 -0.6467814 -0.649919 -0.3990981 -0.9529339 -0.283822 -0.1065936 -0.9570266 -0.2638228 -0.1204064 -0.9554339 -0.2547028 -0.1492406 -0.8165556 -0.5689646 0.09755277 -0.8637674 -0.4971078 0.08240038 -0.8149614 -0.5741531 0.0786519 -0.8578295 -0.5049764 0.09553831 -0.9163899 -0.3951367 0.06400644 -0.9382439 -0.3423964 0.04963111 -0.8755277 -0.481012 0.0455923 -0.8138818 -0.5804728 0.0254538 0 0.1168525 -0.9931493 0.1756811 0.06268233 -0.9824495 0.1808826 0.1135599 -0.9769267 1.63949e-7 0.06701111 -0.9977523 0.1310341 -0.3483061 -0.9281772 0.3371911 0.05111396 -0.9400476 0.3467732 0.1053214 -0.9320172 -0.3495309 0.09592127 -0.9320018 -0.4921467 0.0913698 -0.8657039 0.9889863 -0.05867004 0.1358822 0.9922723 -0.0881828 0.0872901 0.9340307 -0.3429198 -0.09996396 0.9957744 -0.06582826 0.06403225 0.9935077 -0.06036722 0.09642761 0.9535325 0.08115381 -0.290155 0.961144 0.09854823 -0.2578576 0.931132 0.1031122 -0.3498017 0.2862233 -0.7812023 -0.5547968 0.304674 -0.7891532 -0.5333021 -0.1462091 -0.8352278 -0.5301108 0.281391 -0.7673999 -0.576122 -0.7491419 -0.6595605 0.06137198 -0.7397451 -0.6728664 -0.005301058 -0.6516507 -0.7574082 0.04104089 -0.65886 -0.7490855 0.06909662 -0.7553465 -0.6497843 0.08504223 0.4144611 -0.8810009 -0.2281653 0.7814924 -0.6071907 0.1434888 0.006944894 -0.8751845 -0.4837396 0.4126399 -0.8622453 -0.2937031 -0.975243 -0.2195885 -0.02611714 -0.9691355 -0.2332568 -0.07979834 -0.9845612 -0.1749556 -0.005467951 -0.9563122 -0.2743229 -0.1010642 -0.7656943 -0.5733481 -0.2915205 -0.9943336 -0.1027717 0.0271784 -0.1756699 0.0627768 -0.9824455 -0.131011 -0.348496 -0.9281092 -0.1808825 0.1135597 -0.9769268 0.1841075 -0.02436876 -0.9826041 0.350345 -0.01239067 -0.9365388 0.1841344 0.07235747 -0.9802342 0.3498541 0.0734449 -0.9339208 0.3263242 -0.7783432 -0.5363717 0.753466 -0.4469249 -0.4822314 0.3215376 -0.9301892 0.1770926 0.0944752 -0.9441691 -0.3156253 -0.1831222 0.1018258 -0.9778025 1.63255e-7 0.1041748 -0.9945591 -0.5033348 -0.3473917 -0.7911846 -0.6337583 -0.2987357 -0.7135177 0 0.9992275 -0.03930008 0.1954737 0.9806925 -0.005688369 0.1979506 0.9793694 -0.04063349 0 0.9999936 -0.003591656 -0.4144605 -0.8810009 -0.2281662 -0.4250441 -0.8955243 -0.1318093 0.8529953 -0.3149213 -0.4162016 0.9252081 -0.3204343 -0.2032535 0.8428328 -0.4475144 -0.2989379 0.933756 -0.2018539 -0.2955586 0.9817117 -0.1632995 -0.09785413 0.9068161 -0.4093747 -0.1004835 0.8269591 -0.536467 -0.1683506 0.6540164 -0.6051694 -0.4539082 0.1938024 -0.7829628 -0.591109 0.9516429 -0.2459257 -0.1841099 0.9554335 -0.2547047 -0.1492394 0.6620261 -0.6143 -0.4293682 0.1960473 -0.7892992 -0.5818696 -0.9926916 0.06406116 -0.1022728 -0.9782176 -0.06734859 -0.1963533 -0.9882415 0.06129652 -0.1400772 -0.9848293 -0.05961507 -0.1629642 -0.7787989 -0.4656268 -0.4203141 -0.7779905 -0.4546585 -0.4336088 -0.9731479 -0.04103535 -0.2264936 -0.9822797 0.07341945 -0.1724421 -0.8167111 -0.5743182 -0.05605143 -0.8269585 -0.5364681 -0.1683503 -0.7351681 -0.6698599 -0.1039982 -0.7385651 -0.6323396 -0.2338123 0.5033346 -0.3473919 -0.7911847 0.4961866 -0.1535544 -0.8545291 0.6336894 -0.2988502 -0.7135308 0.02995151 -0.874778 -0.4835973 0.4488436 -0.8293343 -0.3327822 0.5274219 -0.7705284 -0.3579276 -0.7260242 0.07145768 -0.6839465 -0.7392873 -0.05913674 -0.6707885 -0.815255 0.1024254 -0.5699722 -0.1908167 -0.7778078 -0.5988356 -0.6540172 -0.6051689 -0.4539076 -0.6477264 -0.5963571 -0.47414 -0.1938093 -0.7829597 -0.591111 -0.9516394 -0.2459357 -0.1841142 -0.9495472 -0.2330569 -0.2098684 -0.9127635 0.009989976 -0.4083664 -0.765488 -0.4249949 -0.4831227 -0.7209393 -0.4109018 -0.558038 -0.9517557 0.1166852 -0.2838059 -0.9242413 0.1118209 -0.3650673 -0.9695879 0.1141037 -0.2165169 -0.9632962 0.03022849 -0.2667334 -0.9772011 0.08363997 -0.1951471 -0.9593423 0.07775789 -0.271323 -0.9924136 0.0572319 -0.1088107 -0.9844096 0.08529728 -0.1538254 -0.9978226 0.01362293 -0.06453377 -0.9959815 0.05897486 -0.06740057 0.7554559 -0.4024513 -0.5170292 0.6233652 -0.1112437 -0.7739773 0.7524383 -0.2356987 -0.6150469 0.7392976 -0.05909299 -0.6707811 0.8493661 -0.1609212 -0.5026745 -0.9067919 -0.4094086 -0.1005641 -0.8890762 -0.4575607 -0.01348447 -0.9549881 -0.2960012 0.01952099 -0.9701671 -0.2402799 -0.03227156 0.9809013 -0.1896252 0.04330176 0.9164034 -0.395101 0.06403309 0.9382442 -0.3423955 0.04963016 0.9943385 -0.1027321 0.02715158 0.9632548 -0.2668604 0.03042995 0.9845613 -0.1749553 -0.005470097 0.9490894 -0.3144799 0.01822131 0.9021081 -0.4262974 0.06687021 -0.9752715 0.0933001 -0.2003511 -0.9318638 0.1069356 -0.3466913 -0.9666824 0.07695257 -0.2441384 -0.9422708 0.1170048 -0.3137449 0.6138763 0.03705286 -0.7885321 0.7260241 0.07145756 -0.6839465 0.8152295 0.1023751 -0.5700178 0.8323565 -0.004916489 -0.5542189 0.975656 0.007145881 -0.2191902 0.9067286 0.044124 -0.4193999 0.9839872 -0.07574987 -0.1613423 0.926726 -0.0755518 -0.3680637 -0.9973334 -0.06105375 0.03998363 -0.9986928 -0.0504226 0.008391618 -0.9957746 -0.06582647 0.06402963 -0.9964066 -0.05662143 0.06299245 -0.7523471 -0.2358428 -0.6151033 -0.7554134 -0.40253 -0.5170303 -0.6833991 -0.622794 -0.3809114 -0.670282 -0.6067649 -0.4272687 -0.6813893 -0.6338778 -0.365934 -0.2360045 -0.8520056 -0.4673204 -0.2239179 -0.8434999 -0.4882302 -0.2061074 -0.8154584 -0.5408765 -0.7470056 0.6622601 -0.0582602 -0.6576451 0.7506386 -0.06359869 -0.7542671 0.6517377 -0.0794934 -0.8866388 0.1204293 -0.4465069 -0.8796254 0.1225452 -0.4596107 -0.04137235 -0.7914636 -0.6098145 0 -0.7909783 -0.6118443 4.15115e-7 -0.3449975 -0.9386036 -0.925208 -0.3204341 -0.2032542 -0.8428325 -0.4475147 -0.2989382 -0.9817057 -0.1633089 -0.09789794 -0.4190992 -0.9077826 -0.01693058 -0.08126288 -0.9256501 -0.3695514 -0.5331246 -0.8441644 0.05625545 -0.5272336 -0.8493729 0.02430403 -0.3758966 -0.9265647 0.01340669 -0.3800815 -0.9236781 0.04854679 0.1831222 0.1018254 -0.9778026 0.9701768 -0.2402243 -0.03239423 0.9990169 -0.0389437 -0.02118247 0.9957118 -0.09095066 0.01691424 0.9978227 0.01362085 -0.06453269 0.9999734 0.005625009 0.004672765 0.9990611 -0.02833789 0.03276962 0.8536819 -0.001341402 -0.5207933 0.9094795 9.93907e-6 -0.4157488 0.2512983 -0.7617678 -0.5971257 0.2057074 -0.778368 -0.5931507 0.8231357 -0.451145 -0.3448415 0.2860386 -0.766347 -0.575234 0.8214894 -0.4675967 -0.3263565 0.2863804 -0.7633351 -0.5790561 -3.55596e-7 -0.145536 0.989353 -0.1831374 -0.175565 0.9672837 -0.1834329 -0.142837 0.9725996 -0.8940231 -0.1479628 0.4228829 -0.9045779 -0.1248962 0.4076026 0.8890771 -0.457559 -0.01348429 0.8755397 -0.4809869 0.04562938 0.816721 -0.5743083 -0.0560078 0.9549832 -0.2960199 0.01947921 0.7351678 -0.6698603 -0.1039982 0.7385458 -0.6323475 -0.2338519 0.9612283 -0.2076489 -0.1814447 0.6832999 -0.6228829 -0.3809437 0.9664039 -0.2047491 -0.1553751 0.223919 -0.8435004 -0.4882289 0.2360528 -0.8519929 -0.4673193 0.6814565 -0.6338175 -0.3659132 0.9640828 -0.2173182 -0.1526995 -0.9340327 -0.3429153 -0.09996104 -0.6040081 -0.6995573 -0.3818299 -0.179179 -0.8100732 -0.5582799 0.1902225 -0.9525607 -0.2375788 0.1929112 -0.9766578 -0.09447151 0.3575513 0.5664393 0.7424983 0.1820636 0.4067416 0.8952174 0.3537682 0.3827408 0.8534387 0.1828876 0.5960721 0.781825 0.04144912 -0.7913497 -0.609957 0.8060756 -0.4402465 -0.3955064 0.2839882 -0.7608398 -0.5835011 0.2813413 -0.7606909 -0.5849757 0.7424726 -0.2451737 0.6233974 0.8250468 -0.2605606 0.5014043 0.7365427 -0.1675329 0.6553149 0.9896252 -0.137895 0.04033619 0.9972182 -0.06140178 0.04225939 -0.7929094 -0.4505014 -0.4102967 -0.2886246 -0.7806359 -0.5543497 -0.2816512 -0.7673576 -0.5760511 0.1459419 -0.8352714 -0.5301158 0.08776217 -0.8626899 -0.4980602 -0.3140993 -0.7858442 -0.53272 0.4895734 0.00812608 -0.8719243 -0.9620036 0.2703523 -0.038194 -0.9471488 0.3194569 -0.02926617 0.8823621 -0.2722092 0.3838481 0.8859913 -0.1677702 0.4322875 0.8236017 -0.1739425 0.5398373 -0.2531543 -0.8457633 -0.4696781 -0.273202 -0.8125488 -0.514903 -0.7239431 -0.618844 -0.304858 -0.2262743 -0.8613533 -0.4548302 -0.9889792 -0.058694 0.1359235 -0.9935079 -0.06036537 0.0964275 -0.9922724 -0.08818328 0.08728814 -0.6528812 -0.5948232 -0.4689688 -0.1933152 -0.7862893 -0.5868377 -0.9534042 -0.2179208 -0.2086411 0.9502371 -0.01896154 -0.3109504 0.7239438 -0.6188426 -0.3048595 0.253238 -0.8457681 -0.4696243 0.2262749 -0.8613528 -0.4548309 0.7953056 -0.5283555 -0.297203 0.7657075 -0.5733556 -0.2914713 -0.7485206 -0.5414134 -0.3828687 -0.9955689 -0.07497835 -0.0567528 -0.8231336 -0.4511471 -0.3448439 -0.9940297 -0.05720496 -0.09291237 -0.999973 0.005639672 0.004717588 0.6040039 -0.6995595 -0.3818324 0.1792255 -0.8100669 -0.5582739 0.6467849 -0.6499175 -0.3990947 0.9529233 -0.2838435 -0.1066309 0.9903414 -0.1351417 -0.03099477 0.9942319 -0.1019667 -0.03325438 0.8128111 -0.492475 -0.3111376 0.983244 -0.1755163 -0.04924744 -0.9125279 -0.08266586 0.4005737 -0.8380172 -0.05303186 0.5430605 -0.9572796 -0.09679025 0.2724839 0.5132489 0.8322038 0.2097916 0.5114055 0.7730768 0.3752555 -0.7372044 -0.02276086 0.6752864 0.7484985 -0.5414504 -0.3828598 0.9955642 -0.07501846 -0.05678164 -0.5100448 0.6698034 0.539646 -0.6371364 0.6086744 0.4728349 -0.9254726 0.3136336 0.2124488 -0.8440156 0.4384812 0.3088237 -0.9571663 0.05534803 -0.2841998 -0.9244844 0.08167535 -0.3723678 -0.1984463 -0.9790833 0.04488819 -0.1958307 -0.9806128 0.006999433 0 -0.9999895 0.004598081 -1.83035e-7 -0.9990524 0.04352664 -0.9985532 0.01153379 -0.05252331 -0.998764 -0.01176929 -0.04828989 0.9836694 0.07678449 0.1627843 0.9294264 0.08691984 0.3586247 0.9772207 -5.15401e-5 0.2122254 0.9333994 0.2013228 0.2970433 0.8518631 0.1743434 0.4938966 -0.1952703 0.9807338 -0.005547404 -0.1979901 0.9793602 -0.04066228 -0.1927018 0.9760699 0.1007659 0.7497726 0.5319443 0.3935434 0.8440158 0.4384809 0.3088234 0.6371365 0.6086744 0.4728347 0.6380931 0.4702684 0.6096596 0.7560076 0.4000509 0.518085 0.853374 0.3130132 0.4168642 -0.3387044 -0.771663 -0.5383455 -0.1852762 -0.2488438 0.9506574 -0.3554734 -0.2406119 0.9031858 -0.5030263 -0.2342327 0.8319253 -0.1904215 0.9457436 0.2632655 0.6325854 0.3055409 0.7116744 0.7529143 0.2472173 0.6099212 0.5073091 0.5239199 0.6842116 0.5008441 0.3491913 0.7919728 0.1955599 -0.9806685 0.006760597 0.1983764 -0.9791002 0.04482966 0.7349787 -0.1480216 0.6617372 0.827451 -0.1562082 0.5393736 0.9796048 -0.08498513 0.1820772 0.9867341 -0.07703179 0.1429057 0.9964105 -0.05659848 0.06295108 0.9930771 -0.05265766 0.1050009 -0.9930771 -0.0526579 0.1050008 -0.986734 -0.07703113 0.1429058 -0.9796043 -0.08498561 0.1820794 0.9900106 0.1367012 -0.03452342 0.9975339 0.05824327 -0.03916496 0.5100451 0.6698035 0.5396456 0.3607581 0.7198479 0.5930199 -0.7497729 0.5319437 0.3935438 0.9924051 0.05720776 -0.1089007 0.9973334 -0.06105381 0.03998243 0.9570304 -0.2638109 -0.1204027 0.9986935 -0.05040115 0.008436024 -0.2057056 -0.7783685 -0.5931508 0.4775012 0.0361489 -0.8778872 -0.9808924 -0.1896694 0.04331111 -0.9021078 -0.4262977 0.06687176 -0.9632419 -0.2669052 0.0304408 -0.9490897 -0.3144786 0.01822489 0.9254789 0.3136479 0.2124004 -0.876567 0.09361922 -0.4720869 -0.8747199 0.0937649 -0.4754718 -0.999017 -0.03894221 -0.02118301 -0.9957137 -0.09093755 0.01686954 -0.9988136 0.03739225 -0.03119724 0.8578165 -0.5050053 0.09550225 0.8165563 -0.5689633 0.09755313 0.863781 -0.4970785 0.08243417 -0.9991508 -0.03316128 -0.0244584 0.999147 -0.03322267 -0.02452558 0.9987627 -0.01181429 -0.04830676 0.1847738 0.755012 0.6291388 -0.9896309 -0.1378641 0.04030209 0.9691365 -0.2332527 -0.07979911 0.9563108 -0.2743267 -0.1010676 0.975242 -0.2195926 -0.02611899 -0.2823819 -0.7803719 -0.5579251 -0.8168843 -0.4416163 -0.3710462 -0.9901241 -0.05128306 -0.1304778 -0.8060582 -0.4402362 -0.3955531 0.9985422 0.01178312 -0.05267524 0.9985961 0.03861773 -0.03625732 0.8865587 0.1198072 -0.4468333 -0.2839904 -0.7608373 -0.5835034 0.1930526 -0.7966402 -0.5727958 -0.2815029 -0.7605888 -0.5850308 -0.2859452 -0.7663705 -0.5752493 -0.2862786 -0.763367 -0.5790644 0.2823864 -0.7803723 -0.5579222 0.2732982 -0.8125236 -0.5148919 0.9967633 0.07976812 -0.01000577 0.9949023 0.1008238 0.002036392 0.974839 0.2224211 0.01476067 0.8940231 -0.147963 0.4228825 0.1834328 -0.1428372 0.9725996 0.6622165 -0.6266242 -0.4108667 -0.8537738 -0.004078745 -0.5206283 0.8630862 0.4982653 -0.08254694 0.8579471 0.5047358 -0.095752 0.8162512 0.5700747 -0.09353524 -0.9640848 -0.2173153 -0.1526916</float_array>
          <technique_common>
            <accessor source="#bug_headlight_L_lid_animated-mesh-normals-array" count="827" stride="3">
              <param name="X" type="float"/>
              <param name="Y" type="float"/>
              <param name="Z" type="float"/>
            </accessor>
          </technique_common>
        </source>
        <source id="bug_headlight_L_lid_animated-mesh-map-0">
          <float_array id="bug_headlight_L_lid_animated-mesh-map-0-array" count="9576">0.09996944 0.1299081 0.1024441 0.1379629 0.09692353 0.133463 0.1022224 0.1261242 0.1057171 0.1328065 0.09996944 0.1299081 0.1077981 0.1275965 0.1127601 0.135832 0.1057171 0.1328065 0.1057171 0.1328065 0.1103027 0.1430546 0.1024441 0.1379629 0.06632912 0.1091542 0.06716614 0.1089224 0.06721889 0.1091469 0.0661292 0.108842 0.06714385 0.1087887 0.06716614 0.1089224 0.06716614 0.1089224 0.06839561 0.1089242 0.06836563 0.1090516 0.06721889 0.1091469 0.06836563 0.1090516 0.06827127 0.1093012 0.08364576 0.1111117 0.08526152 0.1106114 0.08530718 0.1111998 0.08364158 0.1105066 0.08524966 0.1104422 0.08526152 0.1106114 0.08526152 0.1106114 0.08682781 0.1105375 0.08685111 0.1107028 0.08530718 0.1111998 0.08685111 0.1107028 0.08694499 0.1112616 0.08741885 0.1140938 0.08951556 0.1153518 0.08767843 0.1158227 0.08917731 0.1138119 0.091138 0.1147487 0.08951556 0.1153518 0.08951556 0.1153518 0.09158688 0.1161695 0.08990758 0.1169648 0.08767843 0.1158227 0.08990758 0.1169648 0.08799022 0.1176288 0.06758141 0.1058922 0.06583881 0.1060476 0.0670498 0.1048963 0.06758141 0.1058922 0.06707197 0.1072698 0.0665158 0.1066988 0.0665158 0.1066988 0.06651216 0.1077002 0.06575393 0.1073917 0.06583881 0.1060476 0.06575393 0.1073917 0.06494468 0.1070495 0.07094913 0.1097807 0.0697292 0.1092084 0.07117533 0.1093765 0.06954073 0.1095301 0.06836563 0.1090516 0.0697292 0.1092084 0.0697292 0.1092084 0.06839561 0.1089243 0.06978708 0.1090759 0.07117533 0.1093765 0.06978708 0.1090759 0.07123935 0.1092346 0.09532326 0.1035525 0.09292316 0.1034899 0.0939182 0.10205 0.09658694 0.1053174 0.09426826 0.1047223 0.09532326 0.1035525 0.09547138 0.1061713 0.09344339 0.1058844 0.09426826 0.1047223 0.09426826 0.1047223 0.09214138 0.1048676 0.09292316 0.1034899 0.06827127 0.1093012 0.06730169 0.1094661 0.06721889 0.1091469 0.06755334 0.1103635 0.06730169 0.1094661 0.06802868 0.1097533 0.06721889 0.1091469 0.06677365 0.109696 0.06632912 0.1091542 0.05940216 0.09268534 0.05690312 0.08627647 0.06174671 0.08913075 0.05462169 0.09101086 0.05125373 0.08344417 0.05690312 0.08627647 0.05690312 0.08627647 0.0539444 0.07716357 0.06020992 0.08166271 0.06174671 0.08913075 0.06020992 0.08166271 0.06479948 0.08582055 0.08363974 0.1103352 0.08205103 0.1103962 0.08205747 0.1102231 0.08364152 0.1105066 0.08202517 0.1110132 0.08205103 0.1103962 0.08205103 0.1103962 0.08043527 0.1109001 0.08048385 0.1102787 0.08205747 0.1102231 0.08048385 0.1102787 0.08049744 0.1101052 0.06841731 0.1088184 0.06715148 0.1085529 0.06844061 0.1087028 0.06841731 0.1088184 0.06714385 0.1087887 0.06714075 0.1086748 0.06714075 0.1086748 0.06606394 0.1086795 0.06604707 0.1085546 0.06715148 0.1085529 0.06604707 0.1085546 0.06605404 0.1084266 0.07493412 0.1223906 0.07762712 0.1205548 0.07722932 0.1230087 0.07552701 0.1200302 0.07795035 0.1182798 0.07762712 0.1205548 0.07762712 0.1205548 0.07983899 0.1185159 0.07965815 0.1208252 0.07722932 0.1230087 0.07965815 0.1208252 0.07946288 0.1233177 0.08582848 0.09743344 0.08901637 0.09590607 0.08810192 0.09829002 0.08653968 0.09487444 0.0905041 0.09300571 0.08901637 0.09590607 0.08901637 0.09590607 0.09310621 0.09475326 0.09138309 0.09725016 0.08810192 0.09829002 0.09138309 0.09725016 0.09030574 0.09939128 0.0759682 0.1291472 0.07924085 0.1261515 0.0789715 0.1295892 0.07297855 0.1282193 0.07670915 0.1257943 0.0759682 0.1291472 0.07414019 0.1250616 0.07722932 0.1230087 0.07670915 0.1257943 0.07670915 0.1257943 0.07946288 0.1233177 0.07924085 0.1261515 0.07045984 0.1106248 0.07134675 0.1124162 0.0698505 0.1117711 0.07094913 0.1097807 0.07194 0.1110466 0.07045984 0.1106248 0.07241308 0.1100234 0.07355308 0.1114086 0.07194 0.1110466 0.07194 0.1110466 0.07303988 0.1129683 0.07134675 0.1124162 0.06454473 0.107605 0.06395739 0.1066984 0.06494468 0.1070495 0.06444233 0.1078693 0.06354999 0.1074093 0.06454473 0.107605 0.06354999 0.1074093 0.06233221 0.1075517 0.0623539 0.1071857 0.06354999 0.1074093 0.06276363 0.1063278 0.06395739 0.1066984 0.0739488 0.1102448 0.07262957 0.1095442 0.0741285 0.1097076 0.07241308 0.1100234 0.07117533 0.1093765 0.07262957 0.1095442 0.07262957 0.1095442 0.07123935 0.1092346 0.07268846 0.1093927 0.0741285 0.1097076 0.07268846 0.1093927 0.07417726 0.1095479 0.1072263 0.1110669 0.1044716 0.1112781 0.1044266 0.1110141 0.1072666 0.1113651 0.1045663 0.1115648 0.1044716 0.1112781 0.1044716 0.1112781 0.1022073 0.1114354 0.1021178 0.1111867 0.1044266 0.1110141 0.1021178 0.1111867 0.1020745 0.1109588 0.1019908 0.1087904 0.1045773 0.1098406 0.1022052 0.1099305 0.1044427 0.1086745 0.1073521 0.109775 0.1045773 0.1098406 0.1045773 0.1098406 0.1072649 0.1103205 0.1044788 0.1103529 0.1022052 0.1099305 0.1044788 0.1103529 0.1021234 0.1103911 0.08206528 0.1100382 0.08050459 0.1100137 0.0805118 0.1099214 0.08364009 0.1101483 0.08206081 0.1101311 0.08206528 0.1100382 0.08363884 0.1102424 0.08205747 0.1102231 0.08206081 0.1101311 0.08206081 0.1101311 0.08049744 0.1101052 0.08050459 0.1100137 0.09269964 0.1112134 0.09363162 0.1115276 0.09286892 0.1116979 0.09411764 0.1118369 0.09376305 0.1112251 0.09464102 0.1113709 0.09324365 0.1123747 0.09363162 0.1115276 0.09411764 0.1118369 0.09692353 0.133463 0.09752446 0.1427164 0.09293985 0.1365803 0.1024441 0.1379629 0.1032248 0.1497754 0.09752446 0.1427164 0.09752446 0.1427164 0.09614694 0.1564962 0.09150278 0.1465475 0.09293985 0.1365803 0.09150278 0.1465475 0.08827567 0.1389188 0.07115685 0.1082 0.07235902 0.1070716 0.07261484 0.1082681 0.07087397 0.1072195 0.07205402 0.1055265 0.07235902 0.1070716 0.07235902 0.1070716 0.07373654 0.1051999 0.07395243 0.1069546 0.07261484 0.1082681 0.07395243 0.1069546 0.0741356 0.1083399 0.0773614 0.09904682 0.07936775 0.1009727 0.07743191 0.1010805 0.07720118 0.09675878 0.07941979 0.09889119 0.0773614 0.09904682 0.07943218 0.09655052 0.08137017 0.09894597 0.07941979 0.09889119 0.07941979 0.09889119 0.08120667 0.1010366 0.07936775 0.1009727 0.06870126 0.08294165 0.07057231 0.0741589 0.07320588 0.08079934 0.06479954 0.08582055 0.06492644 0.07748335 0.06870126 0.08294165 0.06020992 0.08166271 0.06044417 0.07155215 0.06492644 0.07748335 0.06492644 0.07748335 0.06694394 0.06594067 0.07057231 0.0741589 0.0741356 0.1083399 0.07273864 0.1088182 0.07261484 0.1082681 0.07422465 0.1089713 0.07276964 0.1089828 0.07273864 0.1088182 0.07273864 0.1088182 0.07132941 0.108809 0.07129412 0.1086568 0.07261484 0.1082681 0.07129412 0.1086568 0.07115685 0.1082 0.0907557 0.1134074 0.09252411 0.1140392 0.091138 0.1147487 0.09211361 0.1129138 0.09371811 0.1132262 0.09252411 0.1140392 0.09252411 0.1140392 0.09432774 0.1141778 0.09303528 0.1152576 0.091138 0.1147487 0.09303528 0.1152576 0.09158682 0.1161695 0.08682197 0.1101305 0.08529525 0.1098639 0.08687072 0.1099604 0.08525556 0.1100436 0.08368688 0.1097568 0.08529525 0.1098639 0.08529525 0.1098639 0.0838049 0.1090232 0.08544826 0.1091827 0.08687072 0.1099604 0.08544826 0.1091827 0.08705681 0.1093506 0.07120132 0.1321269 0.0700314 0.1267393 0.07297855 0.1282193 0.06832814 0.1373546 0.06774985 0.1300947 0.07120132 0.1321269 0.06408601 0.1343179 0.06474143 0.1275188 0.06774985 0.1300947 0.06774985 0.1300947 0.06733405 0.1248221 0.0700314 0.1267393 0.0719254 0.116371 0.06931245 0.1170341 0.07013481 0.1154167 0.07119059 0.1182042 0.06826615 0.1187703 0.06931245 0.1170341 0.06931245 0.1170341 0.0665971 0.117217 0.06772142 0.1157597 0.07013481 0.1154167 0.06772142 0.1157597 0.06859982 0.1143696 0.08049744 0.1101052 0.07894909 0.1098877 0.08050459 0.1100137 0.07893806 0.1099791 0.07737302 0.1097523 0.07894909 0.1098877 0.07894909 0.1098877 0.07738643 0.1096591 0.07895904 0.1097952 0.08050459 0.1100137 0.07895904 0.1097952 0.0805118 0.1099214 0.09464102 0.1113709 0.09385007 0.1110116 0.09488707 0.1110935 0.09376305 0.1112251 0.09264528 0.1109521 0.09385007 0.1110116 0.09385007 0.1110116 0.09263551 0.1108217 0.09389287 0.110883 0.09488707 0.1110935 0.09389287 0.110883 0.09497684 0.1109431 0.06454473 0.107605 0.06526297 0.1079967 0.06444233 0.1078693 0.06494468 0.1070495 0.06538653 0.1077877 0.06454473 0.107605 0.06575393 0.1073917 0.06623959 0.1079649 0.06538653 0.1077877 0.06538653 0.1077877 0.06613057 0.1081264 0.06526297 0.1079967 0.058003 0.115054 0.05546468 0.1185077 0.05468064 0.114737 0.06058937 0.1149035 0.0591548 0.1183182 0.058003 0.115054 0.06181293 0.1176675 0.06056624 0.1215294 0.0591548 0.1183182 0.0591548 0.1183182 0.05654776 0.1225458 0.05546468 0.1185077 0.07740241 0.1094537 0.07580232 0.1094098 0.07580703 0.1093046 0.07738643 0.1096592 0.07580232 0.1094098 0.0773971 0.109557 0.07578903 0.1095138 0.07424247 0.1092546 0.07580232 0.1094098 0.07580703 0.1093046 0.07424247 0.1092546 0.07424634 0.1091468 0.08975607 0.1102507 0.09120351 0.1104143 0.08974063 0.1103641 0.09121835 0.1102936 0.09262567 0.1104616 0.09120351 0.1104143 0.09262567 0.1104616 0.09120601 0.1105394 0.09120351 0.1104143 0.09120351 0.1104143 0.08974301 0.1104807 0.08974063 0.1103641 0.09045302 0.1087517 0.08955043 0.1068955 0.09099555 0.107517 0.09002125 0.1096761 0.08900898 0.1083743 0.09045302 0.1087517 0.08857041 0.1095163 0.08745306 0.1080108 0.08900898 0.1083743 0.08900898 0.1083743 0.08793902 0.1063112 0.08955043 0.1068955 0.07671779 0.1137353 0.07527506 0.1116949 0.07701539 0.1119248 0.07487082 0.1134014 0.07355308 0.1114086 0.07527506 0.1116949 0.07527506 0.1116949 0.0739488 0.1102448 0.07557618 0.1104385 0.07701539 0.1119248 0.07557618 0.1104385 0.07723098 0.1106098 0.07174277 0.0957145 0.0748223 0.09725159 0.07247424 0.09799683 0.07042872 0.09298056 0.0742895 0.09475469 0.07174277 0.0957145 0.07327049 0.09165865 0.0768963 0.0941205 0.0742895 0.09475469 0.0742895 0.09475469 0.07720118 0.09675878 0.0748223 0.09725159 0.07556194 0.1049599 0.07395243 0.1069546 0.07373654 0.1051999 0.07556194 0.1049599 0.07740163 0.1068733 0.07566142 0.1068855 0.07740163 0.1068733 0.07575052 0.1084241 0.07566142 0.1068855 0.07566142 0.1068855 0.0741356 0.1083399 0.07395243 0.1069546 0.06973588 0.1081265 0.07087397 0.1072195 0.07115685 0.1082 0.06844085 0.1080457 0.06949245 0.1073793 0.06973588 0.1081265 0.06831032 0.1075324 0.06916385 0.106344 0.06949245 0.1073793 0.06949245 0.1073793 0.07052993 0.1059155 0.07087397 0.1072195 0.07026118 0.1201927 0.07332402 0.119227 0.07254964 0.1214287 0.07119065 0.1182042 0.07393413 0.1171968 0.07332402 0.119227 0.07332402 0.119227 0.07599353 0.1178457 0.07552701 0.1200302 0.07254964 0.1214287 0.07552701 0.1200302 0.07493412 0.1223906 0.1064403 0.1155995 0.1094041 0.1184452 0.1052837 0.1186987 0.1072076 0.1133581 0.1099363 0.1153632 0.1064403 0.1155995 0.1103117 0.1132979 0.1136519 0.1148277 0.1099363 0.1153632 0.1099363 0.1153632 0.1138253 0.1169734 0.1094041 0.1184452 0.08368694 0.1163133 0.08188819 0.1142612 0.08366632 0.1142792 0.0837419 0.1184524 0.08180737 0.1163638 0.08368694 0.1163133 0.08174133 0.1185767 0.08001333 0.1162892 0.08180737 0.1163638 0.08180737 0.1163638 0.08017915 0.1141719 0.08188819 0.1142612 0.08582848 0.09743344 0.08330535 0.09919506 0.08365696 0.09688085 0.08531463 0.09966886 0.0830332 0.1012594 0.08330535 0.09919506 0.08330535 0.09919506 0.08120667 0.1010366 0.08137017 0.09894597 0.08365696 0.09688085 0.08137017 0.09894597 0.08155363 0.09659969 0.05468064 0.114737 0.05056154 0.1181452 0.05065172 0.1138458 0.05546468 0.1185077 0.0508129 0.1231316 0.05056154 0.1181452 0.05056154 0.1181452 0.04332965 0.1229764 0.04492264 0.1173407 0.05065172 0.1138458 0.04492264 0.1173407 0.04651564 0.111705 0.08769434 0.09166014 0.08412861 0.094222 0.08486634 0.09081453 0.08653968 0.09487444 0.08365696 0.09688085 0.08412861 0.094222 0.08412861 0.094222 0.08155363 0.09659969 0.08176475 0.09389901 0.08412861 0.094222 0.08203762 0.09040731 0.08486634 0.09081453 0.06474143 0.1275188 0.06508517 0.1226153 0.06733405 0.1248221 0.06063747 0.1306185 0.06237637 0.1246246 0.06474143 0.1275188 0.05818325 0.1266333 0.06056624 0.1215294 0.06237637 0.1246246 0.06237637 0.1246246 0.06327086 0.1202136 0.06508517 0.1226153 0.08769434 0.09166014 0.08602583 0.08625113 0.08955276 0.08747172 0.08486634 0.09081453 0.08240729 0.08567655 0.08602583 0.08625113 0.08602583 0.08625113 0.08288592 0.07955098 0.08769518 0.08042162 0.08955276 0.08747172 0.08769518 0.08042162 0.09225487 0.08228737 0.08017915 0.1141719 0.0782296 0.1160838 0.07847696 0.1139942 0.08001333 0.1162892 0.07795035 0.1182798 0.0782296 0.1160838 0.0782296 0.1160838 0.07599353 0.1178457 0.07638084 0.1157414 0.07847696 0.1139942 0.07638084 0.1157414 0.07671779 0.1137353 0.08832275 0.1106157 0.08975791 0.1105856 0.08977878 0.1106852 0.08682781 0.1105375 0.08830541 0.1105192 0.08832275 0.1106157 0.08681625 0.1104428 0.08829301 0.1104187 0.08830541 0.1105192 0.08830541 0.1105192 0.08974301 0.1104806 0.08975791 0.1105856 0.07327049 0.09165865 0.0750699 0.08634006 0.07625508 0.09076601 0.07042872 0.09298056 0.07146269 0.08770763 0.07327049 0.09165865 0.06817096 0.08964508 0.06870126 0.08294165 0.07146269 0.08770763 0.07146269 0.08770763 0.07320588 0.08079934 0.0750699 0.08634006 0.06987977 0.1086241 0.06846308 0.1085706 0.06847912 0.108441 0.07132941 0.108809 0.0698741 0.1087452 0.06987977 0.1086241 0.0698741 0.1087452 0.07130652 0.1090382 0.06985199 0.1088683 0.06846308 0.1085706 0.06985199 0.1088683 0.06844061 0.1087028 0.07303988 0.1129683 0.07443273 0.1152579 0.07251441 0.1146357 0.07487082 0.1134014 0.07638084 0.1157414 0.07443273 0.1152579 0.07638084 0.1157414 0.07393413 0.1171968 0.07443273 0.1152579 0.07443273 0.1152579 0.07192534 0.116371 0.07251441 0.1146357 0.08090543 0.1048892 0.0828191 0.1031368 0.08261322 0.1050716 0.08105838 0.1029334 0.0830332 0.1012594 0.0828191 0.1031368 0.0828191 0.1031368 0.08492881 0.101667 0.08463639 0.1034922 0.08261322 0.1050716 0.08463639 0.1034922 0.08436298 0.1053677 0.0773577 0.1098438 0.07577127 0.1096077 0.07737302 0.1097523 0.07575088 0.1096993 0.07420337 0.1094563 0.07577127 0.1096077 0.07577127 0.1096077 0.07422631 0.109361 0.07578903 0.1095138 0.07737302 0.1097523 0.07578903 0.1095138 0.07738643 0.1096591 0.08203762 0.09040731 0.07937943 0.09385073 0.07918 0.09037005 0.08155363 0.09659969 0.07937943 0.09385073 0.08176475 0.09389901 0.07943218 0.09655052 0.0768963 0.0941205 0.07937943 0.09385073 0.07937943 0.09385073 0.07625508 0.09076601 0.07918 0.09037005 0.08510494 0.1291697 0.08243733 0.1340171 0.08200711 0.1296205 0.08625191 0.1333068 0.08326286 0.1401734 0.08243733 0.1340171 0.08243733 0.1340171 0.07813078 0.1403148 0.07862353 0.1340297 0.08200711 0.1296205 0.07862353 0.1340297 0.0789715 0.1295892 0.08554279 0.1142367 0.08715474 0.1124729 0.08741885 0.1140938 0.08366626 0.1142792 0.0854091 0.1124878 0.08554279 0.1142367 0.0836541 0.1124443 0.08530718 0.1111998 0.0854091 0.1124878 0.0854091 0.1124878 0.08694499 0.1112615 0.08715474 0.1124729 0.05055606 0.1086226 0.05357766 0.1079761 0.05361175 0.1091646 0.04752486 0.1075222 0.05059438 0.1075757 0.05055606 0.1086226 0.04751712 0.1070651 0.05069535 0.1070945 0.05059438 0.1075757 0.05357766 0.1079761 0.05069535 0.1070945 0.05373305 0.1074908 0.08365625 0.1099429 0.08524382 0.1101483 0.08364546 0.1100457 0.08525556 0.1100436 0.08680903 0.1102376 0.08524382 0.1101483 0.08680903 0.1102376 0.08524078 0.110253 0.08524382 0.1101483 0.08524382 0.1101483 0.08364009 0.1101483 0.08364546 0.1100457 0.0578143 0.1534878 0.05860227 0.1396637 0.06395202 0.1443861 0.05187273 0.1457468 0.05448484 0.1342024 0.05860227 0.1396637 0.05860227 0.1396637 0.06063747 0.1306185 0.06408601 0.1343179 0.06395202 0.1443861 0.06408601 0.1343179 0.06832814 0.1373546 0.09310621 0.09475326 0.09290397 0.08938312 0.09585511 0.09180855 0.09050416 0.09300571 0.08955276 0.08747172 0.09290397 0.08938312 0.09290397 0.08938312 0.09225487 0.08228737 0.09637248 0.08510333 0.09585511 0.09180855 0.09637248 0.08510333 0.0997802 0.08855348 0.1039217 0.1223027 0.1019511 0.1184948 0.1052837 0.1186986 0.1022224 0.1261242 0.1003047 0.121541 0.1039217 0.1223027 0.09840989 0.124494 0.09777939 0.1204842 0.1003047 0.121541 0.1003047 0.121541 0.09941881 0.1179435 0.1019511 0.1184948 0.09594243 0.1227728 0.09613925 0.1272701 0.0937758 0.1248632 0.09840989 0.124494 0.09996944 0.1299081 0.09613925 0.1272701 0.09613925 0.1272701 0.09692353 0.133463 0.09335172 0.1297611 0.0937758 0.1248632 0.09335172 0.1297611 0.0912103 0.126693 0.09941881 0.1179435 0.09903967 0.1147282 0.100916 0.1152207 0.09757298 0.117112 0.09760767 0.1141434 0.09903967 0.1147282 0.09903967 0.1147282 0.09861332 0.1124463 0.1000829 0.1127271 0.100916 0.1152207 0.1000829 0.1127271 0.1019573 0.1129967 0.08554279 0.1142367 0.08368688 0.1163133 0.08366632 0.1142792 0.08741885 0.1140938 0.08568662 0.1161389 0.08554279 0.1142367 0.08568662 0.1161389 0.08799022 0.1176288 0.08587729 0.1181319 0.08368688 0.1163133 0.08587729 0.1181319 0.0837419 0.1184524 0.08692818 0.1022787 0.08463639 0.1034922 0.08492881 0.101667 0.08888155 0.1030488 0.08653724 0.1040161 0.08692818 0.1022787 0.08839297 0.1046712 0.08617311 0.1057901 0.08653724 0.1040161 0.08653724 0.1040161 0.08436298 0.1053677 0.08463639 0.1034922 0.06058937 0.1149035 0.06146413 0.1117873 0.06254142 0.1143693 0.0595346 0.111982 0.06074541 0.1096491 0.06146413 0.1117873 0.06146413 0.1117873 0.06224018 0.1096002 0.06296914 0.1114324 0.06254142 0.1143693 0.06296914 0.1114324 0.06403613 0.1136195 0.06859982 0.1143696 0.06639409 0.1143876 0.06731098 0.1132435 0.06772142 0.1157597 0.06522446 0.1155441 0.06639409 0.1143876 0.06639409 0.1143876 0.06403613 0.1136195 0.06523996 0.1128113 0.06731098 0.1132435 0.06523996 0.1128113 0.06620246 0.111976 0.05468064 0.114737 0.05703842 0.1119041 0.058003 0.115054 0.05402082 0.1114969 0.05643665 0.1094771 0.05703842 0.1119041 0.05703842 0.1119041 0.05885249 0.109624 0.0595346 0.111982 0.058003 0.115054 0.0595346 0.111982 0.06058937 0.1149035 0.08705681 0.1093506 0.08836257 0.1100404 0.08687072 0.1099604 0.08857041 0.1095163 0.0898146 0.1101059 0.08836257 0.1100404 0.08836257 0.1100404 0.08975607 0.1102507 0.08830636 0.1101982 0.08687072 0.1099604 0.08830636 0.1101982 0.08682197 0.1101305 0.06227898 0.1079984 0.0633524 0.1082862 0.06221163 0.1081703 0.06341296 0.1081295 0.0643025 0.1083787 0.0633524 0.1082862 0.0633524 0.1082862 0.06426626 0.1085334 0.06328219 0.1084548 0.06221163 0.1081703 0.06328219 0.1084548 0.06211501 0.108354 0.1152175 0.09493219 0.1096802 0.09995019 0.1090307 0.09526234 0.1144279 0.1002041 0.1099519 0.1039961 0.1096802 0.09995019 0.1096802 0.09995019 0.1062332 0.1035897 0.1053118 0.1000314 0.1090307 0.09526234 0.1053118 0.1000314 0.1040468 0.09617435 0.08060324 0.1087527 0.07898175 0.1094009 0.07901376 0.1086326 0.08054262 0.1095274 0.0789746 0.1095916 0.07898175 0.1094009 0.07898175 0.1094009 0.07740241 0.1094537 0.07740104 0.1092652 0.07901376 0.1086326 0.07740104 0.1092652 0.07739853 0.1085221 0.08405816 0.107394 0.08544826 0.1091827 0.0838049 0.1090232 0.08405816 0.107394 0.08617305 0.1057901 0.08577549 0.1076767 0.08617305 0.1057901 0.08745306 0.1080108 0.08577549 0.1076767 0.08577549 0.1076767 0.08705681 0.1093506 0.08544826 0.1091827 0.09488713 0.1110935 0.09546512 0.1116113 0.09464102 0.1113709 0.09497684 0.1109431 0.09580188 0.1112015 0.09488713 0.1110935 0.09589558 0.1110077 0.09671461 0.1113224 0.09580188 0.1112015 0.09580188 0.1112015 0.09634959 0.1118906 0.09546512 0.1116113 0.06844085 0.1080457 0.0675264 0.1076344 0.06831032 0.1075324 0.06707197 0.1072698 0.06736868 0.1079322 0.06651216 0.1077002 0.06798982 0.1067996 0.0675264 0.1076344 0.06707197 0.1072698 0.06605404 0.1084266 0.06520652 0.1081694 0.06607902 0.1082794 0.065171 0.108326 0.06439477 0.1080652 0.06520652 0.1081694 0.06520652 0.1081694 0.06444233 0.1078693 0.06526297 0.1079967 0.06607902 0.1082794 0.06526297 0.1079967 0.06613057 0.1081264 0.1040468 0.09617435 0.1075115 0.0902301 0.1090307 0.09526234 0.1022824 0.09229809 0.1049606 0.08515816 0.1075115 0.0902301 0.1075115 0.0902301 0.1118496 0.08168554 0.1135336 0.08830887 0.1090307 0.09526234 0.1135336 0.08830887 0.1152175 0.09493219 0.08977872 0.1106852 0.09121912 0.1106509 0.09123772 0.1107547 0.08975791 0.1105856 0.09120601 0.1105394 0.09121912 0.1106509 0.09121912 0.1106509 0.09262555 0.110596 0.09263056 0.1107137 0.09123772 0.1107547 0.09263056 0.1107137 0.09263551 0.1108217 0.113401 0.109408 0.1103727 0.1097868 0.1103348 0.1087865 0.1135095 0.1098834 0.1103523 0.1103213 0.1103727 0.1097868 0.1103523 0.1103213 0.1073521 0.109775 0.1103727 0.1097868 0.1103348 0.1087865 0.1073521 0.109775 0.107293 0.1086495 0.08365625 0.1099429 0.0821042 0.1096451 0.08368688 0.1097568 0.08208167 0.1098347 0.08054262 0.1095273 0.0821042 0.1096451 0.0821042 0.1096451 0.08060324 0.1087527 0.08219206 0.1088811 0.08368688 0.1097568 0.08219206 0.1088811 0.0838049 0.1090232 0.07743191 0.1010805 0.07928746 0.1028605 0.0774371 0.102929 0.07936775 0.1009727 0.08105838 0.1029334 0.07928746 0.1028605 0.07928746 0.1028605 0.08090537 0.1048892 0.07919001 0.1048038 0.0774371 0.102929 0.07919001 0.1048038 0.07741558 0.1048242 0.06613057 0.1081264 0.0671733 0.1084132 0.06607902 0.1082794 0.06720793 0.1082738 0.06846308 0.1085706 0.0671733 0.1084132 0.0671733 0.1084132 0.06844061 0.1087028 0.06715148 0.1085529 0.06607902 0.1082794 0.06715148 0.1085529 0.06605404 0.1084266 0.08524966 0.1104422 0.08681625 0.1104428 0.08682781 0.1105375 0.08363974 0.1103352 0.08524376 0.1103487 0.08524966 0.1104422 0.08363884 0.1102424 0.08524078 0.110253 0.08524376 0.1103487 0.08524376 0.1103487 0.08680844 0.1103452 0.08681625 0.1104428 0.0838049 0.1090232 0.08238285 0.1071798 0.08405816 0.107394 0.08219206 0.1088811 0.0807383 0.1070261 0.08238285 0.1071798 0.0807383 0.1070261 0.08261322 0.1050716 0.08238285 0.1071798 0.08238285 0.1071798 0.08436298 0.1053677 0.08405816 0.107394 0.08492881 0.101667 0.08743572 0.1003906 0.08692824 0.1022787 0.08531457 0.09966886 0.08810192 0.09829002 0.08743572 0.1003906 0.08743572 0.1003906 0.09030574 0.09939128 0.08950453 0.1013067 0.08692824 0.1022787 0.08950453 0.1013067 0.08888155 0.1030488 0.07649713 0.1611462 0.08461326 0.1486872 0.08632206 0.1588212 0.07743597 0.1491764 0.08326286 0.1401734 0.08461326 0.1486872 0.08461326 0.1486872 0.08827567 0.1389188 0.09150278 0.1465474 0.08632206 0.1588212 0.09150278 0.1465474 0.09614694 0.1564962 0.06844061 0.1087028 0.06982165 0.1089763 0.06841731 0.1088183 0.06985199 0.1088683 0.07127547 0.1091395 0.06982165 0.1089763 0.06982165 0.1089763 0.07123935 0.1092346 0.06978708 0.109076 0.06841731 0.1088183 0.06978708 0.109076 0.06839561 0.1089242 0.06849265 0.1000615 0.06570035 0.09995681 0.06744891 0.09836232 0.06687134 0.1013273 0.06406491 0.1018483 0.06570035 0.09995681 0.06406491 0.1018483 0.06389409 0.0986014 0.06570035 0.09995681 0.06570035 0.09995681 0.06577354 0.09652721 0.06744891 0.09836232 0.1020745 0.1109588 0.1002842 0.1111069 0.1002426 0.1109064 0.1021178 0.1111867 0.1003651 0.1113259 0.1002842 0.1111069 0.1002842 0.1111069 0.09893101 0.1112343 0.09886413 0.1110376 0.1002426 0.1109064 0.09886413 0.1110376 0.09882426 0.1108573 0.09633547 0.1095044 0.09578984 0.1101649 0.09549707 0.1097173 0.09664463 0.1101157 0.09587532 0.1103917 0.09578984 0.1101649 0.09578984 0.1101649 0.09501004 0.1103832 0.09497117 0.1102032 0.09549707 0.1097173 0.09497117 0.1102032 0.09481811 0.10991 0.1000791 0.09746962 0.1022824 0.09229815 0.1040468 0.09617435 0.09715425 0.09898048 0.09821665 0.09454041 0.1000791 0.09746962 0.09531766 0.09677457 0.09585511 0.09180855 0.09821665 0.09454041 0.09821665 0.09454041 0.0997802 0.08855348 0.1022824 0.09229815 0.07743191 0.1010805 0.07515394 0.09943002 0.0773614 0.09904688 0.07536184 0.1013739 0.072968 0.1000133 0.07515394 0.09943002 0.07515394 0.09943002 0.07247424 0.09799683 0.0748223 0.09725159 0.0773614 0.09904688 0.0748223 0.09725159 0.07720118 0.09675878 0.09263056 0.1107137 0.09389287 0.110883 0.09263551 0.1108217 0.09263056 0.1107137 0.09392195 0.1106489 0.09391367 0.110771 0.09392195 0.1106489 0.09501278 0.1108224 0.09391367 0.110771 0.09391367 0.110771 0.09497684 0.1109431 0.09389287 0.110883 0.08793908 0.1063112 0.09006547 0.1054113 0.08955043 0.1068955 0.08839297 0.1046712 0.09062737 0.1039216 0.09006547 0.1054113 0.09006547 0.1054113 0.09214138 0.1048676 0.09153372 0.1062076 0.08955043 0.1068955 0.09153372 0.1062076 0.09099555 0.107517 0.05905377 0.1075934 0.06079864 0.1080179 0.05897557 0.1078118 0.06087088 0.1078265 0.06221163 0.1081703 0.06079864 0.1080179 0.06079864 0.1080179 0.06211501 0.108354 0.06068474 0.1082216 0.05897557 0.1078118 0.06068474 0.1082216 0.0588485 0.1080434 0.0926786 0.1101962 0.09394168 0.1103581 0.09264254 0.1103287 0.09373432 0.1100451 0.0926786 0.1101962 0.09274369 0.1099555 0.09403783 0.1100655 0.09399724 0.1101977 0.09373432 0.1100451 0.09497123 0.1102032 0.09427982 0.1100337 0.09481811 0.10991 0.0950101 0.1103832 0.09399724 0.1101977 0.09497123 0.1102032 0.09459149 0.1070509 0.09657692 0.1078624 0.09560823 0.108376 0.09658694 0.1053174 0.09657692 0.1078624 0.09547138 0.1061713 0.09776806 0.1073753 0.09736722 0.1093113 0.09657692 0.1078624 0.09657692 0.1078624 0.09633553 0.1095044 0.09560823 0.108376 0.072968 0.1000133 0.07035124 0.09894829 0.07247424 0.09799683 0.07331258 0.1018308 0.07098901 0.1007598 0.072968 0.1000133 0.07145237 0.1024215 0.06925171 0.1016383 0.07098901 0.1007598 0.07098901 0.1007598 0.06849265 0.1000615 0.07035124 0.09894829 0.1000791 0.09746962 0.09868884 0.1013219 0.09715425 0.09898048 0.1040468 0.09617435 0.1015877 0.1005095 0.1000791 0.09746962 0.1053118 0.1000314 0.1028276 0.1035638 0.1015877 0.1005095 0.1015877 0.1005095 0.1000243 0.1038716 0.09868884 0.1013219 0.05496448 0.1024863 0.05235642 0.0994932 0.05609166 0.09966951 0.05425941 0.1045017 0.05167841 0.1022997 0.05496448 0.1024863 0.05123448 0.1041643 0.04829829 0.1023418 0.05167841 0.1022997 0.05167841 0.1022997 0.04848647 0.1003822 0.05235642 0.0994932 0.09481811 0.1099099 0.09484606 0.1089171 0.09549707 0.1097173 0.09338909 0.1087962 0.09484606 0.1089171 0.09427571 0.1094151 0.09391367 0.1079537 0.09560817 0.1083761 0.09484606 0.1089171 0.09549707 0.1097173 0.09560817 0.1083761 0.09633547 0.1095044 0.07354301 0.1035094 0.07145237 0.1024215 0.07331258 0.1018308 0.07373654 0.1051999 0.07177591 0.1039803 0.07354301 0.1035094 0.07205402 0.1055265 0.07020175 0.1045384 0.07177591 0.1039803 0.07177591 0.1039803 0.06980973 0.1031205 0.07145237 0.1024215 0.06631779 0.1038909 0.06836551 0.1039223 0.0670498 0.1048963 0.06534898 0.1028742 0.06773144 0.1026465 0.06631779 0.1038909 0.06687134 0.1013273 0.06925165 0.1016383 0.06773144 0.1026465 0.06773144 0.1026465 0.06980973 0.1031205 0.06836551 0.1039223 0.06211501 0.108354 0.0632506 0.1087445 0.06203246 0.1086795 0.06426626 0.1085334 0.0632506 0.1087445 0.06328219 0.1084548 0.06428951 0.1087848 0.06349486 0.1095169 0.0632506 0.1087445 0.0632506 0.1087445 0.06224018 0.1096002 0.06203246 0.1086795 0.09062737 0.1039216 0.09292316 0.1034899 0.09214138 0.1048676 0.08888155 0.1030488 0.09134346 0.1023519 0.09062737 0.1039216 0.08950453 0.1013067 0.09225517 0.1006613 0.09134346 0.1023519 0.09134346 0.1023519 0.0939182 0.10205 0.09292316 0.1034899 0.05373305 0.1074908 0.05078619 0.1067714 0.05386346 0.1071875 0.05069535 0.1070945 0.04755282 0.1063172 0.05078619 0.1067714 0.05078619 0.1067714 0.04759621 0.1060263 0.05085855 0.1064615 0.05386346 0.1071875 0.05085855 0.1064615 0.05394953 0.1068992 0.05654776 0.1225458 0.05205619 0.1286004 0.0508129 0.1231316 0.05818325 0.1266333 0.05448484 0.1342024 0.05205619 0.1286004 0.05205619 0.1286004 0.04593116 0.1380056 0.0446304 0.130491 0.0508129 0.1231316 0.0446304 0.130491 0.04332965 0.1229764 0.09099555 0.107517 0.09280902 0.1070459 0.0922811 0.1081544 0.09153372 0.1062076 0.09344339 0.1058844 0.09280902 0.1070459 0.09280902 0.1070459 0.09459149 0.1070509 0.09391367 0.1079537 0.0922811 0.1081544 0.09391367 0.1079537 0.09338909 0.1087962 0.08364546 0.1100457 0.08208167 0.1098347 0.08365625 0.1099429 0.08364546 0.1100457 0.08206534 0.1100382 0.08207219 0.1099365 0.08206534 0.1100382 0.08051973 0.1098201 0.08207219 0.1099365 0.08207219 0.1099365 0.08052772 0.1097182 0.08208167 0.1098347 0.0939182 0.10205 0.09669333 0.1023803 0.09532326 0.1035525 0.09715425 0.09898048 0.09669333 0.1023803 0.09521365 0.1005334 0.09868884 0.1013219 0.09801536 0.1045033 0.09669333 0.1023803 0.09532326 0.1035525 0.09801536 0.1045033 0.09658694 0.1053174 0.07130652 0.1090382 0.07272064 0.1093 0.07127547 0.1091395 0.07274854 0.1092027 0.07420337 0.1094563 0.07272064 0.1093 0.07272064 0.1093 0.07417726 0.1095479 0.07268846 0.1093927 0.07127547 0.1091395 0.07268846 0.1093927 0.07123935 0.1092346 0.1049606 0.08515822 0.106299 0.07513284 0.1118496 0.08168554 0.0997802 0.08855348 0.1009495 0.08029681 0.1049606 0.08515822 0.09637248 0.08510333 0.09588783 0.07613599 0.1009495 0.08029681 0.1009495 0.08029681 0.1007483 0.06858009 0.106299 0.07513284 0.07741558 0.1048242 0.07908987 0.1069222 0.07740163 0.1068733 0.07919001 0.1048038 0.0807383 0.1070261 0.07908987 0.1069222 0.0807383 0.1070261 0.07901376 0.1086326 0.07908987 0.1069222 0.07908987 0.1069222 0.07739853 0.1085221 0.07740163 0.1068733 0.06217914 0.1009123 0.06248271 0.1040438 0.06059521 0.1034049 0.06406491 0.1018483 0.06386286 0.1047236 0.06248271 0.1040438 0.06248271 0.1040438 0.06276363 0.1063278 0.06132608 0.1059201 0.06059521 0.1034049 0.06132608 0.1059201 0.05947333 0.105465 0.06847912 0.108441 0.0698511 0.1084838 0.06987977 0.1086241 0.06847912 0.1083089 0.06973588 0.1081265 0.0698511 0.1084838 0.0698511 0.1084838 0.07115685 0.1082 0.07129412 0.1086568 0.06987977 0.1086241 0.07129412 0.1086568 0.07132941 0.108809 0.07132703 0.1089234 0.07274854 0.1092027 0.07130652 0.1090382 0.07132703 0.1089234 0.0727697 0.1089828 0.07276713 0.1090932 0.07276713 0.1090932 0.07424634 0.1091468 0.07424247 0.1092546 0.07276713 0.1090932 0.07422631 0.109361 0.07274854 0.1092027 0.06091141 0.1073287 0.05910104 0.1073369 0.05909371 0.1070253 0.06233221 0.1075517 0.060916 0.1076019 0.06091141 0.1073287 0.060916 0.1076019 0.06227898 0.1079984 0.06087088 0.1078265 0.05910104 0.1073369 0.06087088 0.1078265 0.05905377 0.1075934 0.0803278 0.1122729 0.07884711 0.1107647 0.08043527 0.1109001 0.08017915 0.1141719 0.07869267 0.1121198 0.0803278 0.1122729 0.07847696 0.1139942 0.07701539 0.1119248 0.07869267 0.1121198 0.07869267 0.1121198 0.07723098 0.1106098 0.07884711 0.1107647 0.06827127 0.1093012 0.06913262 0.1101747 0.06802868 0.1097533 0.06954073 0.1095301 0.07045984 0.1106248 0.06913262 0.1101747 0.06913262 0.1101747 0.0698505 0.1117711 0.06858581 0.111072 0.06802868 0.1097533 0.06858581 0.111072 0.06755334 0.1103634 0.05940216 0.09268534 0.06115758 0.09734886 0.057554 0.09629839 0.06311959 0.0945807 0.06389409 0.0986014 0.06115758 0.09734886 0.06115758 0.09734886 0.06217914 0.1009123 0.05945867 0.1001729 0.057554 0.09629839 0.05945867 0.1001729 0.05609166 0.09966951 0.06479948 0.08582055 0.06541401 0.0919767 0.06174671 0.08913075 0.06817096 0.08964508 0.06793034 0.09463363 0.06541401 0.0919767 0.06541401 0.0919767 0.06577354 0.09652721 0.06311959 0.0945807 0.06174671 0.08913075 0.06311959 0.0945807 0.05940216 0.09268534 0.1073483 0.1116852 0.1103723 0.1114326 0.1104118 0.1117661 0.1072666 0.1113651 0.110349 0.1111152 0.1103723 0.1114326 0.1103723 0.1114326 0.1136407 0.1111925 0.1136384 0.1114867 0.1104118 0.1117661 0.1136384 0.1114867 0.113636 0.1117809 0.0651468 0.1086008 0.06604707 0.1085546 0.06606394 0.1086795 0.06426626 0.1085334 0.06514763 0.1084615 0.0651468 0.1086008 0.06514763 0.1084615 0.06434893 0.1082339 0.065171 0.108326 0.06514763 0.1084615 0.06605404 0.1084266 0.06604707 0.1085546 0.07625508 0.09076601 0.07874345 0.08568215 0.07918 0.09037005 0.0750699 0.08634006 0.07799983 0.07966428 0.07874345 0.08568215 0.07874345 0.08568215 0.08288592 0.07955098 0.08240729 0.08567655 0.07918 0.09037005 0.08240729 0.08567655 0.08203762 0.09040731 0.08408087 0.1231071 0.08170652 0.1208742 0.08386272 0.120683 0.08171737 0.1233603 0.07965815 0.1208252 0.08170652 0.1208742 0.08170652 0.1208742 0.07983899 0.1185159 0.08174133 0.1185767 0.08386272 0.120683 0.08174133 0.1185767 0.0837419 0.1184524 0.0773971 0.109557 0.0789591 0.1097952 0.07738643 0.1096591 0.0773971 0.109557 0.07897454 0.1095916 0.0789681 0.1096938 0.0789681 0.1096938 0.08052772 0.1097182 0.08051973 0.10982 0.0789591 0.1097952 0.08051973 0.10982 0.0805118 0.1099214 0.0634889 0.107726 0.06232535 0.1077965 0.06233221 0.1075517 0.0634889 0.107726 0.06439477 0.1080652 0.06346136 0.1079457 0.06346136 0.1079457 0.06434893 0.1082339 0.06341296 0.1081295 0.06232535 0.1077965 0.06341296 0.1081295 0.06227898 0.1079984 0.08977872 0.1106852 0.08835732 0.1107746 0.08832275 0.1106157 0.0898199 0.1108353 0.0884965 0.1112818 0.08835732 0.1107746 0.08835732 0.1107746 0.08694505 0.1112616 0.08685111 0.1107028 0.08832275 0.1106157 0.08685111 0.1107028 0.08682781 0.1105375 0.05609166 0.09966951 0.05802327 0.1028713 0.05496448 0.1024863 0.05945867 0.1001729 0.06059521 0.1034049 0.05802327 0.1028713 0.05802327 0.1028713 0.05947333 0.105465 0.05707007 0.1049693 0.05496448 0.1024863 0.05707007 0.1049693 0.05425941 0.1045017 0.09670531 0.1103932 0.09590345 0.1105719 0.09587532 0.1103917 0.09672218 0.1105945 0.09591418 0.1107323 0.09590345 0.1105719 0.09590345 0.1105719 0.09502577 0.1106948 0.09502553 0.1105452 0.09587532 0.1103917 0.09502553 0.1105452 0.09501004 0.1103832 0.07331258 0.1018308 0.07547801 0.1031509 0.07354301 0.1035094 0.07536184 0.1013739 0.0774371 0.102929 0.07547801 0.1031509 0.07547801 0.1031509 0.07741558 0.1048242 0.07556194 0.1049599 0.07354301 0.1035094 0.07556194 0.1049599 0.07373654 0.1051999 0.05065172 0.1138458 0.05402088 0.1114969 0.05468064 0.114737 0.04651564 0.111705 0.05060559 0.1107202 0.05065172 0.1138458 0.04702025 0.1096136 0.05055606 0.1086226 0.05060559 0.1107202 0.05060559 0.1107202 0.05361175 0.1091646 0.05402088 0.1114969 0.09123772 0.1107547 0.0898199 0.1108353 0.08977872 0.1106852 0.09263551 0.1108217 0.09127426 0.1108945 0.09123772 0.1107547 0.09264528 0.1109521 0.09141033 0.1112417 0.09127426 0.1108945 0.09127426 0.1108945 0.08998036 0.1112699 0.0898199 0.1108353 0.1072263 0.1110669 0.1103398 0.110744 0.110349 0.1111152 0.1072649 0.1103205 0.1103398 0.110744 0.1072185 0.1107226 0.1103398 0.110744 0.1136179 0.1103587 0.1136293 0.1107757 0.110349 0.1111152 0.1136293 0.1107757 0.1136407 0.1111925 0.06547808 0.1092638 0.0661292 0.108842 0.06632912 0.1091542 0.0645616 0.1094027 0.0652092 0.1088068 0.06547808 0.1092638 0.06428951 0.1087848 0.0651468 0.1086008 0.0652092 0.1088068 0.0652092 0.1088068 0.06606394 0.1086795 0.0661292 0.108842 0.05394953 0.1068992 0.05663698 0.1075361 0.05386346 0.1071875 0.05672246 0.1072824 0.05897557 0.1078118 0.05663698 0.1075361 0.05663698 0.1075361 0.0588485 0.1080434 0.05649888 0.1078044 0.05386346 0.1071875 0.05649888 0.1078044 0.05373305 0.1074909 0.06847912 0.108441 0.06726348 0.1081392 0.06847912 0.1083089 0.06720793 0.1082738 0.06623959 0.1079648 0.06726348 0.1081392 0.06726348 0.1081392 0.06651216 0.1077002 0.06736868 0.1079323 0.06726348 0.1081392 0.06844085 0.1080457 0.06847912 0.1083089 0.04774826 0.1052066 0.05092537 0.1060965 0.04767221 0.1056165 0.05402749 0.1061562 0.05092537 0.1060965 0.05097866 0.1056771 0.05092537 0.1060965 0.05394953 0.1068992 0.05085861 0.1064615 0.04767221 0.1056165 0.05085861 0.1064615 0.04759621 0.1060263 0.09715425 0.09898048 0.09345632 0.09881585 0.09531766 0.09677457 0.09521365 0.1005334 0.09225517 0.1006613 0.09345632 0.09881585 0.09345632 0.09881585 0.09030574 0.09939128 0.09138309 0.09725016 0.09531766 0.09677457 0.09138309 0.09725016 0.09310621 0.09475326 0.1021234 0.1103911 0.1003432 0.1099976 0.1022052 0.1099305 0.10028 0.1104081 0.09887659 0.1100422 0.1003432 0.1099976 0.09887659 0.1100422 0.1000892 0.1089519 0.1003432 0.1099976 0.1003432 0.1099976 0.1019908 0.1087904 0.1022052 0.1099305 0.09501278 0.1108224 0.09589558 0.1110077 0.09497684 0.1109431 0.09502577 0.1106948 0.09591633 0.1108699 0.09501278 0.1108224 0.09591633 0.1108699 0.09674137 0.1107685 0.0967648 0.1109189 0.09591633 0.1108699 0.0967766 0.1110774 0.09589558 0.1110077 0.05947333 0.105465 0.05675601 0.1061001 0.05707007 0.1049694 0.05908453 0.1065577 0.05677372 0.1066213 0.05675601 0.1061001 0.05675601 0.1061001 0.05402749 0.1061562 0.05402618 0.1056039 0.05707007 0.1049694 0.05402618 0.1056039 0.05425941 0.1045017 0.0698505 0.1117711 0.06800532 0.1121196 0.06858581 0.111072 0.06926417 0.1130362 0.06731098 0.1132435 0.06800532 0.1121196 0.06800532 0.1121196 0.06620246 0.111976 0.0669524 0.1111307 0.06858581 0.111072 0.0669524 0.1111307 0.06755334 0.1103635 0.08827567 0.1389188 0.08997827 0.1318371 0.09293985 0.1365803 0.08625191 0.1333068 0.08824694 0.1281667 0.08997827 0.1318371 0.08997827 0.1318371 0.0912103 0.126693 0.09335172 0.1297611 0.09293985 0.1365803 0.09335172 0.1297611 0.09692353 0.133463 0.06859982 0.1143696 0.070773 0.1138845 0.07013481 0.1154167 0.06926417 0.1130362 0.07134675 0.1124162 0.070773 0.1138845 0.070773 0.1138845 0.07303988 0.1129683 0.07251441 0.1146356 0.07013481 0.1154167 0.07251441 0.1146356 0.0719254 0.116371 0.06744891 0.09836232 0.07035124 0.09894829 0.06849265 0.1000615 0.06577354 0.09652715 0.06945157 0.0969389 0.06744891 0.09836232 0.06793034 0.09463363 0.07174277 0.0957145 0.06945157 0.0969389 0.06945157 0.0969389 0.07247424 0.09799683 0.07035124 0.09894829 0.0623539 0.1071857 0.06132608 0.1059201 0.06276363 0.1063278 0.0623539 0.1071857 0.06091141 0.1073287 0.06091272 0.1069135 0.06091272 0.1069135 0.05909371 0.1070253 0.05908453 0.1065577 0.06091272 0.1069135 0.05947333 0.105465 0.06132608 0.1059201 0.07493412 0.1223906 0.07152479 0.1239001 0.07254964 0.1214287 0.07414019 0.1250616 0.0700314 0.1267393 0.07152479 0.1239001 0.07152479 0.1239001 0.06733405 0.1248221 0.06905615 0.1223921 0.07254964 0.1214287 0.06905615 0.1223921 0.07026118 0.1201927 0.0665971 0.117217 0.06375765 0.1166865 0.06522446 0.1155441 0.06518149 0.1187345 0.06181293 0.1176674 0.06375765 0.1166865 0.06181293 0.1176674 0.06254142 0.1143693 0.06375765 0.1166865 0.06522446 0.1155441 0.06254142 0.1143693 0.06403613 0.1136195 0.09338909 0.1087962 0.09388953 0.1097964 0.09298437 0.1094837 0.09427571 0.1094151 0.09427982 0.1100337 0.09388953 0.1097964 0.09388953 0.1097964 0.09403783 0.1100655 0.09373432 0.1100451 0.09298437 0.1094837 0.09373432 0.1100451 0.09274369 0.1099555 0.09588783 0.07613599 0.09249508 0.06538504 0.1007483 0.06858009 0.09225487 0.08228737 0.08990681 0.07334595 0.09588783 0.07613599 0.08769512 0.08042162 0.08348006 0.07194405 0.08990681 0.07334595 0.08990681 0.07334595 0.08424186 0.06218999 0.09249508 0.06538504 0.05373305 0.1074909 0.05633878 0.1082591 0.05357766 0.1079761 0.05649888 0.1078044 0.05870884 0.108453 0.05633878 0.1082591 0.05870884 0.108453 0.05643665 0.1094771 0.05633878 0.1082591 0.05633878 0.1082591 0.05361175 0.1091646 0.05357766 0.1079761 0.09621268 0.1161386 0.09376323 0.1165306 0.09514886 0.1151528 0.09473896 0.1178551 0.09223842 0.1176795 0.09376323 0.1165306 0.09376323 0.1165306 0.09158688 0.1161695 0.09303528 0.1152576 0.09514886 0.1151528 0.09303528 0.1152576 0.09432774 0.1141778 0.07649713 0.1611462 0.07042306 0.1475738 0.07743597 0.1491765 0.06715571 0.1573171 0.06395202 0.1443861 0.07042306 0.1475738 0.07042306 0.1475738 0.06832814 0.1373546 0.07308369 0.1393751 0.07743597 0.1491765 0.07308369 0.1393751 0.07813078 0.1403148 0.09594243 0.1227728 0.09225594 0.1226289 0.09428489 0.121014 0.0937758 0.1248632 0.08988744 0.124024 0.09225594 0.1226289 0.09225594 0.1226289 0.08903938 0.1216635 0.0912317 0.120569 0.09428489 0.121014 0.0912317 0.120569 0.09312248 0.1192942 0.0926426 0.1103287 0.09392613 0.1105067 0.09262567 0.1104616 0.09501004 0.1103832 0.09392613 0.1105067 0.09394168 0.1103581 0.09502547 0.1105452 0.09392195 0.1106489 0.09392613 0.1105067 0.09392613 0.1105067 0.09262555 0.110596 0.09262567 0.1104616 0.08043527 0.1109001 0.07891756 0.1101511 0.08048385 0.1102787 0.07884711 0.1107646 0.07732927 0.1100128 0.07891756 0.1101511 0.07891756 0.1101511 0.0773577 0.1098438 0.07893806 0.1099791 0.08048385 0.1102787 0.07893806 0.1099791 0.08049744 0.1101052 0.07412856 0.1097076 0.07557618 0.1104385 0.0739488 0.1102448 0.07417726 0.1095479 0.07571285 0.1098645 0.07412856 0.1097076 0.07575088 0.1096993 0.07732927 0.1100129 0.07571285 0.1098645 0.07571285 0.1098645 0.07723098 0.1106098 0.07557618 0.1104385 0.07813078 0.1403148 0.0748583 0.1334229 0.07862353 0.1340297 0.07308369 0.139375 0.07120132 0.1321269 0.0748583 0.1334229 0.0748583 0.1334229 0.07297855 0.1282193 0.0759682 0.1291472 0.07862353 0.1340297 0.0759682 0.1291472 0.0789715 0.1295892 0.08843076 0.1195543 0.0912317 0.1205689 0.08903938 0.1216635 0.08799022 0.1176289 0.09046828 0.1186909 0.08843076 0.1195543 0.08990758 0.1169648 0.09223842 0.1176795 0.09046828 0.1186909 0.09046828 0.1186909 0.09312248 0.1192942 0.0912317 0.1205689 0.08386272 0.120683 0.08658623 0.1225282 0.08408087 0.1231071 0.0837419 0.1184524 0.08616399 0.1202326 0.08386272 0.120683 0.08587729 0.1181319 0.08843076 0.1195543 0.08616399 0.1202326 0.08616399 0.1202326 0.08903938 0.1216635 0.08658623 0.1225282 0.07320588 0.08079934 0.07691371 0.0723313 0.07799983 0.07966428 0.07057231 0.0741589 0.07559287 0.06406533 0.07691371 0.0723313 0.07691371 0.0723313 0.08424186 0.06218999 0.08348006 0.07194405 0.07799983 0.07966428 0.08348006 0.07194405 0.08288592 0.07955098 0.08741885 0.1140937 0.08880454 0.1123663 0.08917731 0.1138118 0.08715474 0.1124729 0.08849656 0.1112818 0.08880454 0.1123663 0.08880454 0.1123663 0.08998036 0.1112699 0.09033226 0.1121801 0.08917731 0.1138118 0.09033226 0.1121801 0.0907557 0.1134074 0.09464102 0.1113709 0.09474146 0.112348 0.09411764 0.1118369 0.09546512 0.1116113 0.0954982 0.1129432 0.09474146 0.112348 0.0954982 0.1129432 0.09371811 0.1132262 0.09474146 0.112348 0.09411764 0.1118369 0.09371811 0.1132262 0.09324365 0.1123747 0.09760767 0.1141434 0.0973863 0.1121691 0.09861332 0.1124463 0.09621268 0.1161386 0.09644436 0.1135451 0.09760767 0.1141434 0.09644436 0.1135451 0.09432774 0.1141778 0.0954982 0.1129432 0.09644436 0.1135451 0.09634959 0.1118907 0.0973863 0.1121691 0.06620246 0.111976 0.06421083 0.1110221 0.06523859 0.1105746 0.06403613 0.1136195 0.06421083 0.1110221 0.06523996 0.1128113 0.06296914 0.1114324 0.06349486 0.1095169 0.06421083 0.1110221 0.06421083 0.1110221 0.0645616 0.1094027 0.06523859 0.1105746 0.0669524 0.1111307 0.06677365 0.109696 0.06755334 0.1103635 0.0669524 0.1111307 0.06523859 0.1105746 0.06607824 0.110104 0.06523859 0.1105746 0.06547808 0.1092638 0.06607824 0.110104 0.06607824 0.110104 0.06632912 0.1091542 0.06677365 0.109696 0.100916 0.1152207 0.1019512 0.1184948 0.09941881 0.1179435 0.1019573 0.1129967 0.1033949 0.1155322 0.100916 0.1152207 0.1043674 0.1132275 0.1064403 0.1155995 0.1033949 0.1155322 0.1033949 0.1155322 0.1052837 0.1186987 0.1019512 0.1184948 0.0912103 0.126693 0.08721381 0.1251294 0.08988744 0.124024 0.08824694 0.1281667 0.08444923 0.1258693 0.08721381 0.1251294 0.08721381 0.1251294 0.08408087 0.1231071 0.08658623 0.1225282 0.08988744 0.124024 0.08658623 0.1225282 0.08903938 0.1216635 0.07026118 0.1201927 0.06693404 0.1206454 0.06826615 0.1187703 0.06905615 0.1223921 0.06508517 0.1226153 0.06693404 0.1206454 0.06693404 0.1206454 0.06327086 0.1202136 0.06518149 0.1187345 0.06826615 0.1187703 0.06518149 0.1187345 0.0665971 0.117217 0.06534898 0.1028742 0.06496304 0.1053898 0.06386286 0.1047236 0.0670498 0.1048963 0.06496304 0.1053898 0.06631779 0.1038909 0.06496304 0.1053898 0.06494468 0.1070495 0.06395739 0.1066985 0.06386286 0.1047236 0.06395739 0.1066985 0.06276363 0.1063278 0.09893101 0.1112343 0.09774792 0.1114438 0.09776169 0.1111525 0.09861332 0.1124463 0.09774792 0.1114438 0.09896194 0.1115688 0.0973863 0.1121691 0.09671461 0.1113224 0.09774792 0.1114438 0.09774792 0.1114438 0.0967766 0.1110774 0.09776169 0.1111525 0.08974057 0.1103641 0.08830636 0.1101982 0.08975607 0.1102507 0.08974057 0.1103641 0.08829301 0.1104187 0.0882917 0.1103076 0.0882917 0.1103076 0.08680844 0.1103452 0.08680903 0.1102376 0.0882917 0.1103076 0.08682197 0.1101305 0.08830636 0.1101982 0.07424634 0.1091468 0.07579576 0.1091209 0.07580703 0.1093046 0.07422465 0.1089713 0.07575052 0.1084241 0.07579576 0.1091209 0.07579576 0.1091209 0.07739853 0.1085221 0.07740104 0.1092652 0.07580703 0.1093046 0.07740104 0.1092652 0.07740241 0.1094537 0.1099519 0.1039961 0.1069094 0.1065483 0.1062332 0.1035897 0.1136384 0.105476 0.1101859 0.1068748 0.1099519 0.1039961 0.1135197 0.107442 0.1103348 0.1087865 0.1101859 0.1068748 0.1101859 0.1068748 0.107293 0.1086495 0.1069094 0.1065483 0.09777939 0.1204842 0.09757298 0.117112 0.09941881 0.1179435 0.09777939 0.1204842 0.09428489 0.121014 0.0960105 0.1192123 0.0960105 0.1192123 0.09312248 0.1192942 0.09473896 0.1178551 0.09757298 0.117112 0.09473896 0.1178551 0.09621268 0.1161386 0.09099555 0.107517 0.09179878 0.1091277 0.09045302 0.1087517 0.0922811 0.1081544 0.09298437 0.1094837 0.09179878 0.1091277 0.09179878 0.1091277 0.09274369 0.1099555 0.09143805 0.109826 0.09045302 0.1087517 0.09143805 0.109826 0.09002125 0.1096761 0.09801536 0.1045033 0.09776806 0.1073753 0.09658694 0.1053174 0.1000243 0.1038716 0.09923768 0.1069183 0.09801536 0.1045033 0.1012023 0.1065806 0.1000892 0.1089519 0.09923768 0.1069183 0.09923768 0.1069183 0.09860509 0.109131 0.09776806 0.1073753 0.04852473 0.09505349 0.05235648 0.09949326 0.04848647 0.1003822 0.048563 0.08972477 0.05325269 0.09553986 0.04852473 0.09505349 0.05462169 0.09101086 0.057554 0.09629839 0.05325269 0.09553986 0.05325269 0.09553986 0.05609166 0.09966951 0.05235648 0.09949326 0.0588485 0.1080434 0.0605688 0.1085869 0.05870884 0.108453 0.06068474 0.1082216 0.06203246 0.1086795 0.0605688 0.1085869 0.06203246 0.1086795 0.06074541 0.1096491 0.0605688 0.1085869 0.0605688 0.1085869 0.05885249 0.109624 0.05870884 0.108453 0.1022073 0.1114354 0.1004228 0.1117048 0.1003651 0.1113259 0.1019573 0.1129967 0.1004228 0.1117048 0.1022816 0.1118619 0.1000829 0.1127271 0.09896194 0.1115688 0.1004228 0.1117048 0.1003651 0.1113259 0.09896194 0.1115688 0.09893101 0.1112343 0.08510494 0.1291697 0.08179736 0.126193 0.08444923 0.1258693 0.08200705 0.1296205 0.07924085 0.1261515 0.08179736 0.126193 0.08179736 0.126193 0.07946288 0.1233177 0.08171737 0.1233603 0.08444923 0.1258693 0.08171737 0.1233603 0.08408087 0.1231071 0.1044427 0.1086745 0.1069095 0.1065483 0.107293 0.1086495 0.1019908 0.1087904 0.1038268 0.1064532 0.1044427 0.1086745 0.1012023 0.1065806 0.1028276 0.1035638 0.1038268 0.1064532 0.1038268 0.1064532 0.1062332 0.1035897 0.1069095 0.1065483 0.05402618 0.1056039 0.05123448 0.1041643 0.05425941 0.1045017 0.05402618 0.1056039 0.05097866 0.1056771 0.0510416 0.1051461 0.05097866 0.1056771 0.04792922 0.104754 0.0510416 0.1051461 0.0510416 0.1051461 0.04811018 0.1043015 0.05123448 0.1041643 0.1044266 0.1110141 0.1072185 0.1107226 0.1072263 0.1110669 0.1020745 0.1109588 0.10442 0.1107103 0.1044266 0.1110141 0.10442 0.1107103 0.1021234 0.1103911 0.1044788 0.1103529 0.1072185 0.1107226 0.1044788 0.1103529 0.1072649 0.1103205 0.09884113 0.1104074 0.09765934 0.110077 0.09887659 0.1100422 0.09670531 0.1103932 0.09765934 0.110077 0.09767061 0.1103997 0.09664463 0.1101157 0.09736728 0.1093113 0.09765934 0.110077 0.09765934 0.110077 0.09860509 0.109131 0.09887659 0.1100422 0.1073483 0.1116852 0.1046538 0.112039 0.1045663 0.1115648 0.1072076 0.1133581 0.1046538 0.112039 0.1074263 0.1121889 0.1043674 0.1132274 0.1022816 0.1118619 0.1046538 0.112039 0.1045663 0.1115648 0.1022816 0.1118619 0.1022073 0.1114354 0.0670498 0.1048963 0.06881195 0.1051679 0.06758141 0.1058922 0.06836551 0.1039223 0.07020175 0.1045383 0.06881195 0.1051679 0.06881195 0.1051679 0.07052993 0.1059155 0.06916385 0.1063441 0.06758141 0.1058922 0.06916385 0.1063441 0.06798982 0.1067996 0.09880977 0.1106504 0.09767061 0.1103997 0.09884113 0.1104074 0.09880977 0.1106504 0.09768295 0.1108105 0.0976637 0.1106213 0.0976637 0.1106213 0.09674137 0.1107685 0.09672218 0.1105945 0.09767061 0.1103997 0.09672218 0.1105945 0.09670531 0.1103932 0.1020677 0.110698 0.10028 0.1104081 0.1021234 0.1103911 0.1020677 0.110698 0.1002426 0.1109064 0.1002329 0.1106774 0.1002329 0.1106774 0.09882426 0.1108573 0.09880977 0.1106504 0.1002329 0.1106774 0.09884113 0.1104074 0.10028 0.1104081 0.05909371 0.1070253 0.05677616 0.1069834 0.05677372 0.1066213 0.05905377 0.1075934 0.05677616 0.1069834 0.05910104 0.1073369 0.05672246 0.1072824 0.05401086 0.1065605 0.05677616 0.1069834 0.05677372 0.1066213 0.05401086 0.1065605 0.05402749 0.1061562 0.1074262 0.1121889 0.1103117 0.1132979 0.1072076 0.1133581 0.1074262 0.1121889 0.1104118 0.1117661 0.1104367 0.1122574 0.1104118 0.1117661 0.1135573 0.1122314 0.1104367 0.1122574 0.1104367 0.1122574 0.1134785 0.112682 0.1103117 0.1132979 0.0907557 0.1134075 0.09171307 0.1119421 0.09211361 0.1129138 0.09033226 0.1121801 0.09141033 0.1112417 0.09171307 0.1119421 0.09171307 0.1119421 0.09269964 0.1112134 0.09286892 0.1116979 0.09211361 0.1129138 0.09286892 0.1116979 0.09324365 0.1123747 0.08188825 0.1142612 0.0836541 0.1124443 0.08366626 0.1142792 0.08017915 0.1141719 0.08196687 0.112376 0.08188825 0.1142612 0.0803278 0.1122729 0.08202511 0.1110132 0.08196687 0.112376 0.08196687 0.112376 0.08364576 0.1111117 0.0836541 0.1124443 0.09882426 0.1108573 0.09771847 0.1109749 0.09768295 0.1108105 0.09886413 0.1110376 0.09776169 0.1111525 0.09771847 0.1109749 0.09771847 0.1109749 0.0967766 0.1110774 0.0967648 0.1109189 0.09768295 0.1108105 0.0967648 0.1109189 0.09674137 0.1107685 0.09002125 0.1096761 0.09127044 0.1101593 0.0898146 0.1101059 0.09143805 0.109826 0.09267866 0.1101962 0.09127044 0.1101593 0.09127044 0.1101593 0.0926426 0.1103287 0.09121835 0.1102936 0.0898146 0.1101059 0.09121835 0.1102936 0.08975607 0.1102507 0.1052837 0.1186987 0.1088234 0.1227082 0.1039217 0.1223027 0.1094041 0.1184452 0.1145214 0.1227914 0.1088234 0.1227082 0.1088234 0.1227082 0.1152175 0.1286094 0.1077981 0.1275965 0.1039217 0.1223027 0.1077981 0.1275965 0.1022224 0.1261243 0.09996944 0.1299081 0.1057171 0.1328065 0.1024441 0.1379629 0.1022224 0.1261242 0.1077981 0.1275965 0.1057171 0.1328065 0.1077981 0.1275965 0.1152175 0.1286094 0.1127601 0.135832 0.1057171 0.1328065 0.1127601 0.135832 0.1103027 0.1430546 0.06632912 0.1091542 0.0661292 0.108842 0.06716614 0.1089224 0.0661292 0.108842 0.06606394 0.1086795 0.06714385 0.1087887 0.06716614 0.1089224 0.06714385 0.1087887 0.06839561 0.1089242 0.06721889 0.1091469 0.06716614 0.1089224 0.06836563 0.1090516 0.08364576 0.1111117 0.08364158 0.1105066 0.08526152 0.1106114 0.08364158 0.1105066 0.08363974 0.1103352 0.08524966 0.1104422 0.08526152 0.1106114 0.08524966 0.1104422 0.08682781 0.1105375 0.08530718 0.1111998 0.08526152 0.1106114 0.08685111 0.1107028 0.08741885 0.1140938 0.08917731 0.1138119 0.08951556 0.1153518 0.08917731 0.1138119 0.0907557 0.1134074 0.091138 0.1147487 0.08951556 0.1153518 0.091138 0.1147487 0.09158688 0.1161695 0.08767843 0.1158227 0.08951556 0.1153518 0.08990758 0.1169648 0.06758141 0.1058922 0.0665158 0.1066988 0.06583881 0.1060476 0.06758141 0.1058922 0.06798982 0.1067997 0.06707197 0.1072698 0.0665158 0.1066988 0.06707197 0.1072698 0.06651216 0.1077002 0.06583881 0.1060476 0.0665158 0.1066988 0.06575393 0.1073917 0.07094913 0.1097807 0.06954073 0.1095301 0.0697292 0.1092084 0.06954073 0.1095301 0.06827127 0.1093012 0.06836563 0.1090516 0.0697292 0.1092084 0.06836563 0.1090516 0.06839561 0.1089243 0.07117533 0.1093765 0.0697292 0.1092084 0.06978708 0.1090759 0.09532326 0.1035525 0.09426826 0.1047223 0.09292316 0.1034899 0.09658694 0.1053174 0.09547138 0.1061713 0.09426826 0.1047223 0.09547138 0.1061713 0.09459143 0.1070509 0.09344339 0.1058844 0.09426826 0.1047223 0.09344339 0.1058844 0.09214138 0.1048676 0.06827127 0.1093012 0.06802868 0.1097533 0.06730169 0.1094661 0.06755334 0.1103635 0.06677365 0.109696 0.06730169 0.1094661 0.06721889 0.1091469 0.06730169 0.1094661 0.06677365 0.109696 0.05940216 0.09268534 0.05462169 0.09101086 0.05690312 0.08627647 0.05462169 0.09101086 0.048563 0.08972477 0.05125373 0.08344417 0.05690312 0.08627647 0.05125373 0.08344417 0.0539444 0.07716357 0.06174671 0.08913075 0.05690312 0.08627647 0.06020992 0.08166271 0.08363974 0.1103352 0.08364152 0.1105066 0.08205103 0.1103962 0.08364152 0.1105066 0.08364576 0.1111117 0.08202517 0.1110132 0.08205103 0.1103962 0.08202517 0.1110132 0.08043527 0.1109001 0.08205747 0.1102231 0.08205103 0.1103962 0.08048385 0.1102787 0.06841731 0.1088184 0.06714075 0.1086748 0.06715148 0.1085529 0.06841731 0.1088184 0.06839561 0.1089242 0.06714385 0.1087887 0.06714075 0.1086748 0.06714385 0.1087887 0.06606394 0.1086795 0.06715148 0.1085529 0.06714075 0.1086748 0.06604707 0.1085546 0.07493412 0.1223906 0.07552701 0.1200302 0.07762712 0.1205548 0.07552701 0.1200302 0.07599353 0.1178457 0.07795035 0.1182798 0.07762712 0.1205548 0.07795035 0.1182798 0.07983899 0.1185159 0.07722932 0.1230087 0.07762712 0.1205548 0.07965815 0.1208252 0.08582848 0.09743344 0.08653968 0.09487444 0.08901637 0.09590607 0.08653968 0.09487444 0.08769434 0.09166014 0.0905041 0.09300571 0.08901637 0.09590607 0.0905041 0.09300571 0.09310621 0.09475326 0.08810192 0.09829002 0.08901637 0.09590607 0.09138309 0.09725016 0.0759682 0.1291472 0.07670915 0.1257943 0.07924085 0.1261515 0.07297855 0.1282193 0.07414019 0.1250616 0.07670915 0.1257943 0.07414019 0.1250616 0.07493412 0.1223906 0.07722932 0.1230087 0.07670915 0.1257943 0.07722932 0.1230087 0.07946288 0.1233177 0.07045984 0.1106248 0.07194 0.1110466 0.07134675 0.1124162 0.07094913 0.1097807 0.07241308 0.1100234 0.07194 0.1110466 0.07241308 0.1100234 0.0739488 0.1102448 0.07355308 0.1114086 0.07194 0.1110466 0.07355308 0.1114086 0.07303988 0.1129683 0.06454473 0.107605 0.06354999 0.1074093 0.06395739 0.1066984 0.06444233 0.1078693 0.0634889 0.107726 0.06354999 0.1074093 0.06354999 0.1074093 0.0634889 0.107726 0.06233221 0.1075517 0.06354999 0.1074093 0.0623539 0.1071857 0.06276363 0.1063278 0.0739488 0.1102448 0.07241308 0.1100234 0.07262957 0.1095442 0.07241308 0.1100234 0.07094913 0.1097807 0.07117533 0.1093765 0.07262957 0.1095442 0.07117533 0.1093765 0.07123935 0.1092346 0.0741285 0.1097076 0.07262957 0.1095442 0.07268846 0.1093927 0.1072263 0.1110669 0.1072666 0.1113651 0.1044716 0.1112781 0.1072666 0.1113651 0.1073483 0.1116852 0.1045663 0.1115648 0.1044716 0.1112781 0.1045663 0.1115648 0.1022073 0.1114354 0.1044266 0.1110141 0.1044716 0.1112781 0.1021178 0.1111867 0.1019908 0.1087904 0.1044427 0.1086745 0.1045773 0.1098406 0.1044427 0.1086745 0.107293 0.1086495 0.1073521 0.109775 0.1045773 0.1098406 0.1073521 0.109775 0.1072649 0.1103205 0.1022052 0.1099305 0.1045773 0.1098406 0.1044788 0.1103529 0.08206528 0.1100382 0.08206081 0.1101311 0.08050459 0.1100137 0.08364009 0.1101483 0.08363884 0.1102424 0.08206081 0.1101311 0.08363884 0.1102424 0.08363974 0.1103352 0.08205747 0.1102231 0.08206081 0.1101311 0.08205747 0.1102231 0.08049744 0.1101052 0.09269964 0.1112134 0.09376305 0.1112251 0.09363162 0.1115276 0.09411764 0.1118369 0.09363162 0.1115276 0.09376305 0.1112251 0.09324365 0.1123747 0.09286892 0.1116979 0.09363162 0.1115276 0.09692353 0.133463 0.1024441 0.1379629 0.09752446 0.1427164 0.1024441 0.1379629 0.1103027 0.1430546 0.1032248 0.1497754 0.09752446 0.1427164 0.1032248 0.1497754 0.09614694 0.1564962 0.09293985 0.1365803 0.09752446 0.1427164 0.09150278 0.1465475 0.07115685 0.1082 0.07087397 0.1072195 0.07235902 0.1070716 0.07087397 0.1072195 0.07052993 0.1059155 0.07205402 0.1055265 0.07235902 0.1070716 0.07205402 0.1055265 0.07373654 0.1051999 0.07261484 0.1082681 0.07235902 0.1070716 0.07395243 0.1069546 0.0773614 0.09904682 0.07941979 0.09889119 0.07936775 0.1009727 0.07720118 0.09675878 0.07943218 0.09655052 0.07941979 0.09889119 0.07943218 0.09655052 0.08155363 0.09659969 0.08137017 0.09894597 0.07941979 0.09889119 0.08137017 0.09894597 0.08120667 0.1010366 0.06870126 0.08294165 0.06492644 0.07748335 0.07057231 0.0741589 0.06479954 0.08582055 0.06020992 0.08166271 0.06492644 0.07748335 0.06020992 0.08166271 0.0539444 0.07716357 0.06044417 0.07155215 0.06492644 0.07748335 0.06044417 0.07155215 0.06694394 0.06594067 0.0741356 0.1083399 0.07422465 0.1089713 0.07273864 0.1088182 0.07422465 0.1089713 0.07424634 0.1091468 0.07276964 0.1089828 0.07273864 0.1088182 0.07276964 0.1089828 0.07132941 0.108809 0.07261484 0.1082681 0.07273864 0.1088182 0.07129412 0.1086568 0.0907557 0.1134074 0.09211361 0.1129138 0.09252411 0.1140392 0.09211361 0.1129138 0.09324365 0.1123747 0.09371811 0.1132262 0.09252411 0.1140392 0.09371811 0.1132262 0.09432774 0.1141778 0.091138 0.1147487 0.09252411 0.1140392 0.09303528 0.1152576 0.08682197 0.1101305 0.08525556 0.1100436 0.08529525 0.1098639 0.08525556 0.1100436 0.08365625 0.1099429 0.08368688 0.1097568 0.08529525 0.1098639 0.08368688 0.1097568 0.0838049 0.1090232 0.08687072 0.1099604 0.08529525 0.1098639 0.08544826 0.1091827 0.07120132 0.1321269 0.06774985 0.1300947 0.0700314 0.1267393 0.06832814 0.1373546 0.06408601 0.1343179 0.06774985 0.1300947 0.06408601 0.1343179 0.06063747 0.1306185 0.06474143 0.1275188 0.06774985 0.1300947 0.06474143 0.1275188 0.06733405 0.1248221 0.0719254 0.116371 0.07119059 0.1182042 0.06931245 0.1170341 0.07119059 0.1182042 0.07026118 0.1201927 0.06826615 0.1187703 0.06931245 0.1170341 0.06826615 0.1187703 0.0665971 0.117217 0.07013481 0.1154167 0.06931245 0.1170341 0.06772142 0.1157597 0.08049744 0.1101052 0.07893806 0.1099791 0.07894909 0.1098877 0.07893806 0.1099791 0.0773577 0.1098438 0.07737302 0.1097523 0.07894909 0.1098877 0.07737302 0.1097523 0.07738643 0.1096591 0.08050459 0.1100137 0.07894909 0.1098877 0.07895904 0.1097952 0.09464102 0.1113709 0.09376305 0.1112251 0.09385007 0.1110116 0.09376305 0.1112251 0.09269964 0.1112134 0.09264528 0.1109521 0.09385007 0.1110116 0.09264528 0.1109521 0.09263551 0.1108217 0.09488707 0.1110935 0.09385007 0.1110116 0.09389287 0.110883 0.06454473 0.107605 0.06538653 0.1077877 0.06526297 0.1079967 0.06494468 0.1070495 0.06575393 0.1073917 0.06538653 0.1077877 0.06575393 0.1073917 0.06651216 0.1077002 0.06623959 0.1079649 0.06538653 0.1077877 0.06623959 0.1079649 0.06613057 0.1081264 0.058003 0.115054 0.0591548 0.1183182 0.05546468 0.1185077 0.06058937 0.1149035 0.06181293 0.1176675 0.0591548 0.1183182 0.06181293 0.1176675 0.06327086 0.1202136 0.06056624 0.1215294 0.0591548 0.1183182 0.06056624 0.1215294 0.05654776 0.1225458 0.07740241 0.1094537 0.0773971 0.109557 0.07580232 0.1094098 0.07738643 0.1096592 0.07578903 0.1095138 0.07580232 0.1094098 0.07578903 0.1095138 0.07422631 0.109361 0.07424247 0.1092546 0.07580703 0.1093046 0.07580232 0.1094098 0.07424247 0.1092546 0.08975607 0.1102507 0.09121835 0.1102936 0.09120351 0.1104143 0.09121835 0.1102936 0.0926426 0.1103287 0.09262567 0.1104616 0.09262567 0.1104616 0.09262555 0.110596 0.09120601 0.1105394 0.09120351 0.1104143 0.09120601 0.1105394 0.08974301 0.1104807 0.09045302 0.1087517 0.08900898 0.1083743 0.08955043 0.1068955 0.09002125 0.1096761 0.08857041 0.1095163 0.08900898 0.1083743 0.08857041 0.1095163 0.08705681 0.1093506 0.08745306 0.1080108 0.08900898 0.1083743 0.08745306 0.1080108 0.08793902 0.1063112 0.07671779 0.1137353 0.07487082 0.1134014 0.07527506 0.1116949 0.07487082 0.1134014 0.07303988 0.1129683 0.07355308 0.1114086 0.07527506 0.1116949 0.07355308 0.1114086 0.0739488 0.1102448 0.07701539 0.1119248 0.07527506 0.1116949 0.07557618 0.1104385 0.07174277 0.0957145 0.0742895 0.09475469 0.0748223 0.09725159 0.07042872 0.09298056 0.07327049 0.09165865 0.0742895 0.09475469 0.07327049 0.09165865 0.07625508 0.09076601 0.0768963 0.0941205 0.0742895 0.09475469 0.0768963 0.0941205 0.07720118 0.09675878 0.07556194 0.1049599 0.07566142 0.1068855 0.07395243 0.1069546 0.07556194 0.1049599 0.07741558 0.1048242 0.07740163 0.1068733 0.07740163 0.1068733 0.07739853 0.1085221 0.07575052 0.1084241 0.07566142 0.1068855 0.07575052 0.1084241 0.0741356 0.1083399 0.06973588 0.1081265 0.06949245 0.1073793 0.07087397 0.1072195 0.06844085 0.1080457 0.06831032 0.1075324 0.06949245 0.1073793 0.06831032 0.1075324 0.06798982 0.1067997 0.06916385 0.106344 0.06949245 0.1073793 0.06916385 0.106344 0.07052993 0.1059155 0.07026118 0.1201927 0.07119065 0.1182042 0.07332402 0.119227 0.07119065 0.1182042 0.0719254 0.116371 0.07393413 0.1171968 0.07332402 0.119227 0.07393413 0.1171968 0.07599353 0.1178457 0.07254964 0.1214287 0.07332402 0.119227 0.07552701 0.1200302 0.1064403 0.1155995 0.1099363 0.1153632 0.1094041 0.1184452 0.1072076 0.1133581 0.1103117 0.1132979 0.1099363 0.1153632 0.1103117 0.1132979 0.1134785 0.112682 0.1136519 0.1148277 0.1099363 0.1153632 0.1136519 0.1148277 0.1138253 0.1169734 0.08368694 0.1163133 0.08180737 0.1163638 0.08188819 0.1142612 0.0837419 0.1184524 0.08174133 0.1185767 0.08180737 0.1163638 0.08174133 0.1185767 0.07983899 0.1185159 0.08001333 0.1162892 0.08180737 0.1163638 0.08001333 0.1162892 0.08017915 0.1141719 0.08582848 0.09743344 0.08531463 0.09966886 0.08330535 0.09919506 0.08531463 0.09966886 0.08492881 0.101667 0.0830332 0.1012594 0.08330535 0.09919506 0.0830332 0.1012594 0.08120667 0.1010366 0.08365696 0.09688085 0.08330535 0.09919506 0.08137017 0.09894597 0.05468064 0.114737 0.05546468 0.1185077 0.05056154 0.1181452 0.05546468 0.1185077 0.05654776 0.1225458 0.0508129 0.1231316 0.05056154 0.1181452 0.0508129 0.1231316 0.04332965 0.1229764 0.05065172 0.1138458 0.05056154 0.1181452 0.04492264 0.1173407 0.08769434 0.09166014 0.08653968 0.09487444 0.08412861 0.094222 0.08653968 0.09487444 0.08582848 0.09743344 0.08365696 0.09688085 0.08412861 0.094222 0.08365696 0.09688085 0.08155363 0.09659969 0.08412861 0.094222 0.08176475 0.09389901 0.08203762 0.09040731 0.06474143 0.1275188 0.06237637 0.1246246 0.06508517 0.1226153 0.06063747 0.1306185 0.05818325 0.1266333 0.06237637 0.1246246 0.05818325 0.1266333 0.05654776 0.1225458 0.06056624 0.1215294 0.06237637 0.1246246 0.06056624 0.1215294 0.06327086 0.1202136 0.08769434 0.09166014 0.08486634 0.09081453 0.08602583 0.08625113 0.08486634 0.09081453 0.08203762 0.09040731 0.08240729 0.08567655 0.08602583 0.08625113 0.08240729 0.08567655 0.08288592 0.07955098 0.08955276 0.08747172 0.08602583 0.08625113 0.08769518 0.08042162 0.08017915 0.1141719 0.08001333 0.1162892 0.0782296 0.1160838 0.08001333 0.1162892 0.07983899 0.1185159 0.07795035 0.1182798 0.0782296 0.1160838 0.07795035 0.1182798 0.07599353 0.1178457 0.07847696 0.1139942 0.0782296 0.1160838 0.07638084 0.1157414 0.08832275 0.1106157 0.08830541 0.1105192 0.08975791 0.1105856 0.08682781 0.1105375 0.08681625 0.1104428 0.08830541 0.1105192 0.08681625 0.1104428 0.08680844 0.1103452 0.08829301 0.1104187 0.08830541 0.1105192 0.08829301 0.1104187 0.08974301 0.1104806 0.07327049 0.09165865 0.07146269 0.08770763 0.0750699 0.08634006 0.07042872 0.09298056 0.06817096 0.08964508 0.07146269 0.08770763 0.06817096 0.08964508 0.06479948 0.08582055 0.06870126 0.08294165 0.07146269 0.08770763 0.06870126 0.08294165 0.07320588 0.08079934 0.06987977 0.1086241 0.0698741 0.1087452 0.06846308 0.1085706 0.07132941 0.108809 0.07132703 0.1089234 0.0698741 0.1087452 0.0698741 0.1087452 0.07132703 0.1089234 0.07130652 0.1090382 0.06846308 0.1085706 0.0698741 0.1087452 0.06985199 0.1088683 0.07303988 0.1129683 0.07487082 0.1134014 0.07443273 0.1152579 0.07487082 0.1134014 0.07671779 0.1137353 0.07638084 0.1157414 0.07638084 0.1157414 0.07599353 0.1178457 0.07393413 0.1171968 0.07443273 0.1152579 0.07393413 0.1171968 0.07192534 0.116371 0.08090543 0.1048892 0.08105838 0.1029334 0.0828191 0.1031368 0.08105838 0.1029334 0.08120667 0.1010366 0.0830332 0.1012594 0.0828191 0.1031368 0.0830332 0.1012594 0.08492881 0.101667 0.08261322 0.1050716 0.0828191 0.1031368 0.08463639 0.1034922 0.0773577 0.1098438 0.07575088 0.1096993 0.07577127 0.1096077 0.07575088 0.1096993 0.07417726 0.1095479 0.07420337 0.1094563 0.07577127 0.1096077 0.07420337 0.1094563 0.07422631 0.109361 0.07737302 0.1097523 0.07577127 0.1096077 0.07578903 0.1095138 0.08203762 0.09040731 0.08176475 0.09389901 0.07937943 0.09385073 0.08155363 0.09659969 0.07943218 0.09655052 0.07937943 0.09385073 0.07943218 0.09655052 0.07720118 0.09675878 0.0768963 0.0941205 0.07937943 0.09385073 0.0768963 0.0941205 0.07625508 0.09076601 0.08510494 0.1291697 0.08625191 0.1333068 0.08243733 0.1340171 0.08625191 0.1333068 0.08827567 0.1389188 0.08326286 0.1401734 0.08243733 0.1340171 0.08326286 0.1401734 0.07813078 0.1403148 0.08200711 0.1296205 0.08243733 0.1340171 0.07862353 0.1340297 0.08554279 0.1142367 0.0854091 0.1124878 0.08715474 0.1124729 0.08366626 0.1142792 0.0836541 0.1124443 0.0854091 0.1124878 0.0836541 0.1124443 0.08364576 0.1111117 0.08530718 0.1111998 0.0854091 0.1124878 0.08530718 0.1111998 0.08694499 0.1112615 0.05055606 0.1086226 0.05059438 0.1075757 0.05357766 0.1079761 0.04752486 0.1075222 0.04751712 0.1070651 0.05059438 0.1075757 0.04751712 0.1070651 0.04750937 0.106608 0.05069535 0.1070945 0.05357766 0.1079761 0.05059438 0.1075757 0.05069535 0.1070945 0.08365625 0.1099429 0.08525556 0.1100436 0.08524382 0.1101483 0.08525556 0.1100436 0.08682197 0.1101305 0.08680903 0.1102376 0.08680903 0.1102376 0.08680844 0.1103452 0.08524078 0.110253 0.08524382 0.1101483 0.08524078 0.110253 0.08364009 0.1101483 0.0578143 0.1534878 0.05187273 0.1457468 0.05860227 0.1396637 0.05187273 0.1457468 0.04593116 0.1380056 0.05448484 0.1342024 0.05860227 0.1396637 0.05448484 0.1342024 0.06063747 0.1306185 0.06395202 0.1443861 0.05860227 0.1396637 0.06408601 0.1343179 0.09310621 0.09475326 0.09050416 0.09300571 0.09290397 0.08938312 0.09050416 0.09300571 0.08769434 0.09166014 0.08955276 0.08747172 0.09290397 0.08938312 0.08955276 0.08747172 0.09225487 0.08228737 0.09585511 0.09180855 0.09290397 0.08938312 0.09637248 0.08510333 0.1039217 0.1223027 0.1003047 0.121541 0.1019511 0.1184948 0.1022224 0.1261242 0.09840989 0.124494 0.1003047 0.121541 0.09840989 0.124494 0.09594243 0.1227728 0.09777939 0.1204842 0.1003047 0.121541 0.09777939 0.1204842 0.09941881 0.1179435 0.09594243 0.1227728 0.09840989 0.124494 0.09613925 0.1272701 0.09840989 0.124494 0.1022224 0.1261242 0.09996944 0.1299081 0.09613925 0.1272701 0.09996944 0.1299081 0.09692353 0.133463 0.0937758 0.1248632 0.09613925 0.1272701 0.09335172 0.1297611 0.09941881 0.1179435 0.09757298 0.117112 0.09903967 0.1147282 0.09757298 0.117112 0.09621268 0.1161386 0.09760767 0.1141434 0.09903967 0.1147282 0.09760767 0.1141434 0.09861332 0.1124463 0.100916 0.1152207 0.09903967 0.1147282 0.1000829 0.1127271 0.08554279 0.1142367 0.08568662 0.1161389 0.08368688 0.1163133 0.08741885 0.1140938 0.08767843 0.1158227 0.08568662 0.1161389 0.08568662 0.1161389 0.08767843 0.1158227 0.08799022 0.1176288 0.08368688 0.1163133 0.08568662 0.1161389 0.08587729 0.1181319 0.08692818 0.1022787 0.08653724 0.1040161 0.08463639 0.1034922 0.08888155 0.1030488 0.08839297 0.1046712 0.08653724 0.1040161 0.08839297 0.1046712 0.08793902 0.1063112 0.08617311 0.1057901 0.08653724 0.1040161 0.08617311 0.1057901 0.08436298 0.1053677 0.06058937 0.1149035 0.0595346 0.111982 0.06146413 0.1117873 0.0595346 0.111982 0.05885249 0.109624 0.06074541 0.1096491 0.06146413 0.1117873 0.06074541 0.1096491 0.06224018 0.1096002 0.06254142 0.1143693 0.06146413 0.1117873 0.06296914 0.1114324 0.06859982 0.1143696 0.06772142 0.1157597 0.06639409 0.1143876 0.06772142 0.1157597 0.0665971 0.117217 0.06522446 0.1155441 0.06639409 0.1143876 0.06522446 0.1155441 0.06403613 0.1136195 0.06731098 0.1132435 0.06639409 0.1143876 0.06523996 0.1128113 0.05468064 0.114737 0.05402082 0.1114969 0.05703842 0.1119041 0.05402082 0.1114969 0.05361175 0.1091646 0.05643665 0.1094771 0.05703842 0.1119041 0.05643665 0.1094771 0.05885249 0.109624 0.058003 0.115054 0.05703842 0.1119041 0.0595346 0.111982 0.08705681 0.1093506 0.08857041 0.1095163 0.08836257 0.1100404 0.08857041 0.1095163 0.09002125 0.1096761 0.0898146 0.1101059 0.08836257 0.1100404 0.0898146 0.1101059 0.08975607 0.1102507 0.08687072 0.1099604 0.08836257 0.1100404 0.08830636 0.1101982 0.06227898 0.1079984 0.06341296 0.1081295 0.0633524 0.1082862 0.06341296 0.1081295 0.06434893 0.1082339 0.0643025 0.1083787 0.0633524 0.1082862 0.0643025 0.1083787 0.06426626 0.1085334 0.06221163 0.1081703 0.0633524 0.1082862 0.06328219 0.1084548 0.1152175 0.09493219 0.1144279 0.1002041 0.1096802 0.09995019 0.1144279 0.1002041 0.1136384 0.105476 0.1099519 0.1039961 0.1096802 0.09995019 0.1099519 0.1039961 0.1062332 0.1035897 0.1090307 0.09526234 0.1096802 0.09995019 0.1053118 0.1000314 0.08060324 0.1087527 0.08054262 0.1095274 0.07898175 0.1094009 0.08054262 0.1095274 0.08052772 0.1097182 0.0789746 0.1095916 0.07898175 0.1094009 0.0789746 0.1095916 0.07740241 0.1094537 0.07901376 0.1086326 0.07898175 0.1094009 0.07740104 0.1092652 0.08405816 0.107394 0.08577549 0.1076767 0.08544826 0.1091827 0.08405816 0.107394 0.08436298 0.1053677 0.08617305 0.1057901 0.08617305 0.1057901 0.08793908 0.1063112 0.08745306 0.1080108 0.08577549 0.1076767 0.08745306 0.1080108 0.08705681 0.1093506 0.09488713 0.1110935 0.09580188 0.1112015 0.09546512 0.1116113 0.09497684 0.1109431 0.09589558 0.1110077 0.09580188 0.1112015 0.09589558 0.1110077 0.0967766 0.1110774 0.09671461 0.1113224 0.09580188 0.1112015 0.09671461 0.1113224 0.09634959 0.1118906 0.06844085 0.1080457 0.06736868 0.1079323 0.0675264 0.1076344 0.06707197 0.1072698 0.0675264 0.1076344 0.06736868 0.1079322 0.06798982 0.1067996 0.06831032 0.1075324 0.0675264 0.1076344 0.06605404 0.1084266 0.065171 0.108326 0.06520652 0.1081694 0.065171 0.108326 0.06434893 0.1082339 0.06439477 0.1080652 0.06520652 0.1081694 0.06439477 0.1080652 0.06444233 0.1078693 0.06607902 0.1082794 0.06520652 0.1081694 0.06526297 0.1079967 0.1040468 0.09617435 0.1022824 0.09229809 0.1075115 0.0902301 0.1022824 0.09229809 0.0997802 0.08855348 0.1049606 0.08515816 0.1075115 0.0902301 0.1049606 0.08515816 0.1118496 0.08168554 0.1090307 0.09526234 0.1075115 0.0902301 0.1135336 0.08830887 0.08977872 0.1106852 0.08975791 0.1105856 0.09121912 0.1106509 0.08975791 0.1105856 0.08974301 0.1104806 0.09120601 0.1105394 0.09121912 0.1106509 0.09120601 0.1105394 0.09262555 0.110596 0.09123772 0.1107547 0.09121912 0.1106509 0.09263056 0.1107137 0.113401 0.109408 0.1135095 0.1098834 0.1103727 0.1097868 0.1135095 0.1098834 0.1136179 0.1103587 0.1103523 0.1103213 0.1103523 0.1103213 0.1072649 0.1103205 0.1073521 0.109775 0.1103348 0.1087865 0.1103727 0.1097868 0.1073521 0.109775 0.08365625 0.1099429 0.08208167 0.1098347 0.0821042 0.1096451 0.08208167 0.1098347 0.08052772 0.1097182 0.08054262 0.1095273 0.0821042 0.1096451 0.08054262 0.1095273 0.08060324 0.1087527 0.08368688 0.1097568 0.0821042 0.1096451 0.08219206 0.1088811 0.07743191 0.1010805 0.07936775 0.1009727 0.07928746 0.1028605 0.07936775 0.1009727 0.08120667 0.1010366 0.08105838 0.1029334 0.07928746 0.1028605 0.08105838 0.1029334 0.08090537 0.1048892 0.0774371 0.102929 0.07928746 0.1028605 0.07919001 0.1048038 0.06613057 0.1081264 0.06720793 0.1082738 0.0671733 0.1084132 0.06720793 0.1082738 0.06847912 0.108441 0.06846308 0.1085706 0.0671733 0.1084132 0.06846308 0.1085706 0.06844061 0.1087028 0.06607902 0.1082794 0.0671733 0.1084132 0.06715148 0.1085529 0.08524966 0.1104422 0.08524376 0.1103487 0.08681625 0.1104428 0.08363974 0.1103352 0.08363884 0.1102424 0.08524376 0.1103487 0.08363884 0.1102424 0.08364009 0.1101483 0.08524078 0.110253 0.08524376 0.1103487 0.08524078 0.110253 0.08680844 0.1103452 0.0838049 0.1090232 0.08219206 0.1088811 0.08238285 0.1071798 0.08219206 0.1088811 0.08060324 0.1087527 0.0807383 0.1070261 0.0807383 0.1070261 0.08090543 0.1048892 0.08261322 0.1050716 0.08238285 0.1071798 0.08261322 0.1050716 0.08436298 0.1053677 0.08492881 0.101667 0.08531457 0.09966886 0.08743572 0.1003906 0.08531457 0.09966886 0.08582848 0.09743344 0.08810192 0.09829002 0.08743572 0.1003906 0.08810192 0.09829002 0.09030574 0.09939128 0.08692824 0.1022787 0.08743572 0.1003906 0.08950453 0.1013067 0.07649713 0.1611462 0.07743597 0.1491764 0.08461326 0.1486872 0.07743597 0.1491764 0.07813084 0.1403148 0.08326286 0.1401734 0.08461326 0.1486872 0.08326286 0.1401734 0.08827567 0.1389188 0.08632206 0.1588212 0.08461326 0.1486872 0.09150278 0.1465474 0.06844061 0.1087028 0.06985199 0.1088683 0.06982165 0.1089763 0.06985199 0.1088683 0.07130652 0.1090382 0.07127547 0.1091395 0.06982165 0.1089763 0.07127547 0.1091395 0.07123935 0.1092346 0.06841731 0.1088183 0.06982165 0.1089763 0.06978708 0.109076 0.06849265 0.1000615 0.06687134 0.1013273 0.06570035 0.09995681 0.06687134 0.1013273 0.06534898 0.1028742 0.06406491 0.1018483 0.06406491 0.1018483 0.06217914 0.1009123 0.06389409 0.0986014 0.06570035 0.09995681 0.06389409 0.0986014 0.06577354 0.09652721 0.1020745 0.1109588 0.1021178 0.1111867 0.1002842 0.1111069 0.1021178 0.1111867 0.1022073 0.1114354 0.1003651 0.1113259 0.1002842 0.1111069 0.1003651 0.1113259 0.09893101 0.1112343 0.1002426 0.1109064 0.1002842 0.1111069 0.09886413 0.1110376 0.09633547 0.1095044 0.09664463 0.1101157 0.09578984 0.1101649 0.09664463 0.1101157 0.09670531 0.1103932 0.09587532 0.1103917 0.09578984 0.1101649 0.09587532 0.1103917 0.09501004 0.1103832 0.09549707 0.1097173 0.09578984 0.1101649 0.09497117 0.1102032 0.1000791 0.09746962 0.09821665 0.09454041 0.1022824 0.09229815 0.09715425 0.09898048 0.09531766 0.09677457 0.09821665 0.09454041 0.09531766 0.09677457 0.09310621 0.09475326 0.09585511 0.09180855 0.09821665 0.09454041 0.09585511 0.09180855 0.0997802 0.08855348 0.07743191 0.1010805 0.07536184 0.1013739 0.07515394 0.09943002 0.07536184 0.1013739 0.07331258 0.1018308 0.072968 0.1000133 0.07515394 0.09943002 0.072968 0.1000133 0.07247424 0.09799683 0.0773614 0.09904688 0.07515394 0.09943002 0.0748223 0.09725159 0.09263056 0.1107137 0.09391367 0.110771 0.09389287 0.110883 0.09263056 0.1107137 0.09262555 0.110596 0.09392195 0.1106489 0.09392195 0.1106489 0.09502577 0.1106948 0.09501278 0.1108224 0.09391367 0.110771 0.09501278 0.1108224 0.09497684 0.1109431 0.08793908 0.1063112 0.08839297 0.1046712 0.09006547 0.1054113 0.08839297 0.1046712 0.08888155 0.1030488 0.09062737 0.1039216 0.09006547 0.1054113 0.09062737 0.1039216 0.09214138 0.1048676 0.08955043 0.1068955 0.09006547 0.1054113 0.09153372 0.1062076 0.05905377 0.1075934 0.06087088 0.1078265 0.06079864 0.1080179 0.06087088 0.1078265 0.06227898 0.1079984 0.06221163 0.1081703 0.06079864 0.1080179 0.06221163 0.1081703 0.06211501 0.108354 0.05897557 0.1078118 0.06079864 0.1080179 0.06068474 0.1082216 0.0926786 0.1101962 0.09399724 0.1101977 0.09394168 0.1103581 0.09373432 0.1100451 0.09399724 0.1101977 0.0926786 0.1101962 0.09403783 0.1100655 0.09427982 0.1100338 0.09399724 0.1101977 0.09497123 0.1102032 0.09399724 0.1101977 0.09427982 0.1100337 0.0950101 0.1103832 0.09394168 0.1103581 0.09399724 0.1101977 0.09459149 0.1070509 0.09547138 0.1061713 0.09657692 0.1078624 0.09658694 0.1053174 0.09776806 0.1073753 0.09657692 0.1078624 0.09776806 0.1073753 0.09860509 0.109131 0.09736722 0.1093113 0.09657692 0.1078624 0.09736722 0.1093113 0.09633553 0.1095044 0.072968 0.1000133 0.07098901 0.1007598 0.07035124 0.09894829 0.07331258 0.1018308 0.07145237 0.1024215 0.07098901 0.1007598 0.07145237 0.1024215 0.06980973 0.1031205 0.06925171 0.1016383 0.07098901 0.1007598 0.06925171 0.1016383 0.06849265 0.1000615 0.1000791 0.09746962 0.1015877 0.1005095 0.09868884 0.1013219 0.1040468 0.09617435 0.1053118 0.1000314 0.1015877 0.1005095 0.1053118 0.1000314 0.1062332 0.1035898 0.1028276 0.1035638 0.1015877 0.1005095 0.1028276 0.1035638 0.1000243 0.1038716 0.05496448 0.1024863 0.05167841 0.1022997 0.05235642 0.0994932 0.05425941 0.1045017 0.05123448 0.1041643 0.05167841 0.1022997 0.05123448 0.1041643 0.04811018 0.1043015 0.04829829 0.1023418 0.05167841 0.1022997 0.04829829 0.1023418 0.04848647 0.1003822 0.09481811 0.1099099 0.09427571 0.1094151 0.09484606 0.1089171 0.09338909 0.1087962 0.09391367 0.1079537 0.09484606 0.1089171 0.09391367 0.1079537 0.09459143 0.1070509 0.09560817 0.1083761 0.09549707 0.1097173 0.09484606 0.1089171 0.09560817 0.1083761 0.07354301 0.1035094 0.07177591 0.1039803 0.07145237 0.1024215 0.07373654 0.1051999 0.07205402 0.1055265 0.07177591 0.1039803 0.07205402 0.1055265 0.07052993 0.1059155 0.07020175 0.1045384 0.07177591 0.1039803 0.07020175 0.1045384 0.06980973 0.1031205 0.06631779 0.1038909 0.06773144 0.1026465 0.06836551 0.1039223 0.06534898 0.1028742 0.06687134 0.1013273 0.06773144 0.1026465 0.06687134 0.1013273 0.06849265 0.1000615 0.06925165 0.1016383 0.06773144 0.1026465 0.06925165 0.1016383 0.06980973 0.1031205 0.06211501 0.108354 0.06328219 0.1084548 0.0632506 0.1087445 0.06426626 0.1085334 0.06428951 0.1087848 0.0632506 0.1087445 0.06428951 0.1087848 0.0645616 0.1094027 0.06349486 0.1095169 0.0632506 0.1087445 0.06349486 0.1095169 0.06224018 0.1096002 0.09062737 0.1039216 0.09134346 0.1023519 0.09292316 0.1034899 0.08888155 0.1030488 0.08950453 0.1013067 0.09134346 0.1023519 0.08950453 0.1013067 0.09030574 0.09939128 0.09225517 0.1006613 0.09134346 0.1023519 0.09225517 0.1006613 0.0939182 0.10205 0.05373305 0.1074908 0.05069535 0.1070945 0.05078619 0.1067714 0.05069535 0.1070945 0.04750937 0.106608 0.04755282 0.1063172 0.05078619 0.1067714 0.04755282 0.1063172 0.04759621 0.1060263 0.05386346 0.1071875 0.05078619 0.1067714 0.05085855 0.1064615 0.05654776 0.1225458 0.05818325 0.1266333 0.05205619 0.1286004 0.05818325 0.1266333 0.06063747 0.1306185 0.05448484 0.1342024 0.05205619 0.1286004 0.05448484 0.1342024 0.04593116 0.1380056 0.0508129 0.1231316 0.05205619 0.1286004 0.0446304 0.130491 0.09099555 0.107517 0.09153372 0.1062076 0.09280902 0.1070459 0.09153372 0.1062076 0.09214138 0.1048676 0.09344339 0.1058844 0.09280902 0.1070459 0.09344339 0.1058844 0.09459149 0.1070509 0.0922811 0.1081544 0.09280902 0.1070459 0.09391367 0.1079537 0.08364546 0.1100457 0.08207219 0.1099365 0.08208167 0.1098347 0.08364546 0.1100457 0.08364009 0.1101483 0.08206534 0.1100382 0.08206534 0.1100382 0.0805118 0.1099214 0.08051973 0.1098201 0.08207219 0.1099365 0.08051973 0.1098201 0.08052772 0.1097182 0.0939182 0.10205 0.09521365 0.1005334 0.09669333 0.1023803 0.09715425 0.09898048 0.09868884 0.1013219 0.09669333 0.1023803 0.09868884 0.1013219 0.1000243 0.1038716 0.09801536 0.1045033 0.09532326 0.1035525 0.09669333 0.1023803 0.09801536 0.1045033 0.07130652 0.1090382 0.07274854 0.1092027 0.07272064 0.1093 0.07274854 0.1092027 0.07422631 0.109361 0.07420337 0.1094563 0.07272064 0.1093 0.07420337 0.1094563 0.07417726 0.1095479 0.07127547 0.1091395 0.07272064 0.1093 0.07268846 0.1093927 0.1049606 0.08515822 0.1009495 0.08029681 0.106299 0.07513284 0.0997802 0.08855348 0.09637248 0.08510333 0.1009495 0.08029681 0.09637248 0.08510333 0.09225487 0.08228737 0.09588783 0.07613599 0.1009495 0.08029681 0.09588783 0.07613599 0.1007483 0.06858009 0.07741558 0.1048242 0.07919001 0.1048038 0.07908987 0.1069222 0.07919001 0.1048038 0.08090537 0.1048892 0.0807383 0.1070261 0.0807383 0.1070261 0.08060324 0.1087527 0.07901376 0.1086326 0.07908987 0.1069222 0.07901376 0.1086326 0.07739853 0.1085221 0.06217914 0.1009123 0.06406491 0.1018483 0.06248271 0.1040438 0.06406491 0.1018483 0.06534898 0.1028742 0.06386286 0.1047236 0.06248271 0.1040438 0.06386286 0.1047236 0.06276363 0.1063278 0.06059521 0.1034049 0.06248271 0.1040438 0.06132608 0.1059201 0.06847912 0.108441 0.06847912 0.1083089 0.0698511 0.1084838 0.06847912 0.1083089 0.06844085 0.1080457 0.06973588 0.1081265 0.0698511 0.1084838 0.06973588 0.1081265 0.07115685 0.1082 0.06987977 0.1086241 0.0698511 0.1084838 0.07129412 0.1086568 0.07132703 0.1089234 0.07276713 0.1090932 0.07274854 0.1092027 0.07132703 0.1089234 0.07132941 0.108809 0.0727697 0.1089828 0.07276713 0.1090932 0.0727697 0.1089828 0.07424634 0.1091468 0.07276713 0.1090932 0.07424247 0.1092546 0.07422631 0.109361 0.06091141 0.1073287 0.060916 0.1076019 0.05910104 0.1073369 0.06233221 0.1075517 0.06232535 0.1077965 0.060916 0.1076019 0.060916 0.1076019 0.06232535 0.1077965 0.06227898 0.1079984 0.05910104 0.1073369 0.060916 0.1076019 0.06087088 0.1078265 0.0803278 0.1122729 0.07869267 0.1121198 0.07884711 0.1107647 0.08017915 0.1141719 0.07847696 0.1139942 0.07869267 0.1121198 0.07847696 0.1139942 0.07671779 0.1137353 0.07701539 0.1119248 0.07869267 0.1121198 0.07701539 0.1119248 0.07723098 0.1106098 0.06827127 0.1093012 0.06954073 0.1095301 0.06913262 0.1101747 0.06954073 0.1095301 0.07094913 0.1097807 0.07045984 0.1106248 0.06913262 0.1101747 0.07045984 0.1106248 0.0698505 0.1117711 0.06802868 0.1097533 0.06913262 0.1101747 0.06858581 0.111072 0.05940216 0.09268534 0.06311959 0.0945807 0.06115758 0.09734886 0.06311959 0.0945807 0.06577354 0.09652721 0.06389409 0.0986014 0.06115758 0.09734886 0.06389409 0.0986014 0.06217914 0.1009123 0.057554 0.09629839 0.06115758 0.09734886 0.05945867 0.1001729 0.06479948 0.08582055 0.06817096 0.08964508 0.06541401 0.0919767 0.06817096 0.08964508 0.07042872 0.09298056 0.06793034 0.09463363 0.06541401 0.0919767 0.06793034 0.09463363 0.06577354 0.09652721 0.06174671 0.08913075 0.06541401 0.0919767 0.06311959 0.0945807 0.1073483 0.1116852 0.1072666 0.1113651 0.1103723 0.1114326 0.1072666 0.1113651 0.1072263 0.1110669 0.110349 0.1111152 0.1103723 0.1114326 0.110349 0.1111152 0.1136407 0.1111925 0.1104118 0.1117661 0.1103723 0.1114326 0.1136384 0.1114867 0.0651468 0.1086008 0.06514763 0.1084615 0.06604707 0.1085546 0.06426626 0.1085334 0.0643025 0.1083787 0.06514763 0.1084615 0.06514763 0.1084615 0.0643025 0.1083787 0.06434893 0.1082339 0.06514763 0.1084615 0.065171 0.108326 0.06605404 0.1084266 0.07625508 0.09076601 0.0750699 0.08634006 0.07874345 0.08568215 0.0750699 0.08634006 0.07320588 0.08079934 0.07799983 0.07966428 0.07874345 0.08568215 0.07799983 0.07966428 0.08288592 0.07955098 0.07918 0.09037005 0.07874345 0.08568215 0.08240729 0.08567655 0.08408087 0.1231071 0.08171737 0.1233603 0.08170652 0.1208742 0.08171737 0.1233603 0.07946288 0.1233177 0.07965815 0.1208252 0.08170652 0.1208742 0.07965815 0.1208252 0.07983899 0.1185159 0.08386272 0.120683 0.08170652 0.1208742 0.08174133 0.1185767 0.0773971 0.109557 0.0789681 0.1096938 0.0789591 0.1097952 0.0773971 0.109557 0.07740241 0.1094537 0.07897454 0.1095916 0.0789681 0.1096938 0.07897454 0.1095916 0.08052772 0.1097182 0.0789591 0.1097952 0.0789681 0.1096938 0.08051973 0.10982 0.0634889 0.107726 0.06346136 0.1079457 0.06232535 0.1077965 0.0634889 0.107726 0.06444233 0.1078693 0.06439477 0.1080652 0.06346136 0.1079457 0.06439477 0.1080652 0.06434893 0.1082339 0.06232535 0.1077965 0.06346136 0.1079457 0.06341296 0.1081295 0.08977872 0.1106852 0.0898199 0.1108353 0.08835732 0.1107746 0.0898199 0.1108353 0.08998036 0.1112699 0.0884965 0.1112818 0.08835732 0.1107746 0.0884965 0.1112818 0.08694505 0.1112616 0.08832275 0.1106157 0.08835732 0.1107746 0.08685111 0.1107028 0.05609166 0.09966951 0.05945867 0.1001729 0.05802327 0.1028713 0.05945867 0.1001729 0.06217914 0.1009123 0.06059521 0.1034049 0.05802327 0.1028713 0.06059521 0.1034049 0.05947333 0.105465 0.05496448 0.1024863 0.05802327 0.1028713 0.05707007 0.1049693 0.09670531 0.1103932 0.09672218 0.1105945 0.09590345 0.1105719 0.09672218 0.1105945 0.09674137 0.1107685 0.09591418 0.1107323 0.09590345 0.1105719 0.09591418 0.1107323 0.09502577 0.1106948 0.09587532 0.1103917 0.09590345 0.1105719 0.09502553 0.1105452 0.07331258 0.1018308 0.07536184 0.1013739 0.07547801 0.1031509 0.07536184 0.1013739 0.07743191 0.1010805 0.0774371 0.102929 0.07547801 0.1031509 0.0774371 0.102929 0.07741558 0.1048242 0.07354301 0.1035094 0.07547801 0.1031509 0.07556194 0.1049599 0.05065172 0.1138458 0.05060559 0.1107202 0.05402088 0.1114969 0.04651564 0.111705 0.04702025 0.1096136 0.05060559 0.1107202 0.04702025 0.1096136 0.04752486 0.1075222 0.05055606 0.1086226 0.05060559 0.1107202 0.05055606 0.1086226 0.05361175 0.1091646 0.09123772 0.1107547 0.09127426 0.1108945 0.0898199 0.1108353 0.09263551 0.1108217 0.09264528 0.1109521 0.09127426 0.1108945 0.09264528 0.1109521 0.09269964 0.1112134 0.09141033 0.1112417 0.09127426 0.1108945 0.09141033 0.1112417 0.08998036 0.1112699 0.1072263 0.1110669 0.1072185 0.1107226 0.1103398 0.110744 0.1072649 0.1103205 0.1103523 0.1103213 0.1103398 0.110744 0.1103398 0.110744 0.1103523 0.1103213 0.1136179 0.1103587 0.110349 0.1111152 0.1103398 0.110744 0.1136293 0.1107757 0.06547808 0.1092638 0.0652092 0.1088068 0.0661292 0.108842 0.0645616 0.1094027 0.06428951 0.1087848 0.0652092 0.1088068 0.06428951 0.1087848 0.06426626 0.1085334 0.0651468 0.1086008 0.0652092 0.1088068 0.0651468 0.1086008 0.06606394 0.1086795 0.05394953 0.1068992 0.05672246 0.1072824 0.05663698 0.1075361 0.05672246 0.1072824 0.05905377 0.1075934 0.05897557 0.1078118 0.05663698 0.1075361 0.05897557 0.1078118 0.0588485 0.1080434 0.05386346 0.1071875 0.05663698 0.1075361 0.05649888 0.1078044 0.06847912 0.108441 0.06720793 0.1082738 0.06726348 0.1081392 0.06720793 0.1082738 0.06613057 0.1081264 0.06623959 0.1079648 0.06726348 0.1081392 0.06623959 0.1079648 0.06651216 0.1077002 0.06726348 0.1081392 0.06736868 0.1079323 0.06844085 0.1080457 0.04774826 0.1052066 0.05097866 0.1056771 0.05092537 0.1060965 0.05402749 0.1061562 0.05401086 0.1065605 0.05092537 0.1060965 0.05092537 0.1060965 0.05401086 0.1065605 0.05394953 0.1068992 0.04767221 0.1056165 0.05092537 0.1060965 0.05085861 0.1064615 0.09715425 0.09898048 0.09521365 0.1005334 0.09345632 0.09881585 0.09521365 0.1005334 0.0939182 0.10205 0.09225517 0.1006613 0.09345632 0.09881585 0.09225517 0.1006613 0.09030574 0.09939128 0.09531766 0.09677457 0.09345632 0.09881585 0.09138309 0.09725016 0.1021234 0.1103911 0.10028 0.1104081 0.1003432 0.1099976 0.10028 0.1104081 0.09884113 0.1104074 0.09887659 0.1100422 0.09887659 0.1100422 0.09860509 0.109131 0.1000892 0.1089519 0.1003432 0.1099976 0.1000892 0.1089519 0.1019908 0.1087904 0.09501278 0.1108224 0.09591633 0.1108699 0.09589558 0.1110077 0.09502577 0.1106948 0.09591418 0.1107323 0.09591633 0.1108699 0.09591633 0.1108699 0.09591418 0.1107323 0.09674137 0.1107685 0.09591633 0.1108699 0.0967648 0.1109189 0.0967766 0.1110774 0.05947333 0.105465 0.05908453 0.1065577 0.05675601 0.1061001 0.05908453 0.1065577 0.05909371 0.1070253 0.05677372 0.1066213 0.05675601 0.1061001 0.05677372 0.1066213 0.05402749 0.1061562 0.05707007 0.1049694 0.05675601 0.1061001 0.05402618 0.1056039 0.0698505 0.1117711 0.06926417 0.1130362 0.06800532 0.1121196 0.06926417 0.1130362 0.06859982 0.1143696 0.06731098 0.1132435 0.06800532 0.1121196 0.06731098 0.1132435 0.06620246 0.111976 0.06858581 0.111072 0.06800532 0.1121196 0.0669524 0.1111307 0.08827567 0.1389188 0.08625191 0.1333068 0.08997827 0.1318371 0.08625191 0.1333068 0.08510494 0.1291697 0.08824694 0.1281667 0.08997827 0.1318371 0.08824694 0.1281667 0.0912103 0.126693 0.09293985 0.1365803 0.08997827 0.1318371 0.09335172 0.1297611 0.06859982 0.1143696 0.06926417 0.1130362 0.070773 0.1138845 0.06926417 0.1130362 0.0698505 0.1117711 0.07134675 0.1124162 0.070773 0.1138845 0.07134675 0.1124162 0.07303988 0.1129683 0.07013481 0.1154167 0.070773 0.1138845 0.07251441 0.1146356 0.06744891 0.09836232 0.06945157 0.0969389 0.07035124 0.09894829 0.06577354 0.09652715 0.06793034 0.09463363 0.06945157 0.0969389 0.06793034 0.09463363 0.07042872 0.09298056 0.07174277 0.0957145 0.06945157 0.0969389 0.07174277 0.0957145 0.07247424 0.09799683 0.0623539 0.1071857 0.06091272 0.1069135 0.06132608 0.1059201 0.0623539 0.1071857 0.06233221 0.1075517 0.06091141 0.1073287 0.06091272 0.1069135 0.06091141 0.1073287 0.05909371 0.1070253 0.06091272 0.1069135 0.05908453 0.1065577 0.05947333 0.105465 0.07493412 0.1223906 0.07414019 0.1250616 0.07152479 0.1239001 0.07414019 0.1250616 0.07297855 0.1282193 0.0700314 0.1267393 0.07152479 0.1239001 0.0700314 0.1267393 0.06733405 0.1248221 0.07254964 0.1214287 0.07152479 0.1239001 0.06905615 0.1223921 0.0665971 0.117217 0.06518149 0.1187345 0.06375765 0.1166865 0.06518149 0.1187345 0.06327086 0.1202136 0.06181293 0.1176674 0.06181293 0.1176674 0.06058937 0.1149035 0.06254142 0.1143693 0.06522446 0.1155441 0.06375765 0.1166865 0.06254142 0.1143693 0.09338909 0.1087962 0.09427571 0.1094151 0.09388953 0.1097964 0.09427571 0.1094151 0.09481811 0.10991 0.09427982 0.1100337 0.09388953 0.1097964 0.09427982 0.1100337 0.09403783 0.1100655 0.09298437 0.1094837 0.09388953 0.1097964 0.09373432 0.1100451 0.09588783 0.07613599 0.08990681 0.07334595 0.09249508 0.06538504 0.09225487 0.08228737 0.08769512 0.08042162 0.08990681 0.07334595 0.08769512 0.08042162 0.08288592 0.07955098 0.08348006 0.07194405 0.08990681 0.07334595 0.08348006 0.07194405 0.08424186 0.06218999 0.05373305 0.1074909 0.05649888 0.1078044 0.05633878 0.1082591 0.05649888 0.1078044 0.0588485 0.1080434 0.05870884 0.108453 0.05870884 0.108453 0.05885249 0.109624 0.05643665 0.1094771 0.05633878 0.1082591 0.05643665 0.1094771 0.05361175 0.1091646 0.09621268 0.1161386 0.09473896 0.1178551 0.09376323 0.1165306 0.09473896 0.1178551 0.09312248 0.1192942 0.09223842 0.1176795 0.09376323 0.1165306 0.09223842 0.1176795 0.09158688 0.1161695 0.09514886 0.1151528 0.09376323 0.1165306 0.09303528 0.1152576 0.07649713 0.1611462 0.06715571 0.1573171 0.07042306 0.1475738 0.06715571 0.1573171 0.0578143 0.1534878 0.06395202 0.1443861 0.07042306 0.1475738 0.06395202 0.1443861 0.06832814 0.1373546 0.07743597 0.1491765 0.07042306 0.1475738 0.07308369 0.1393751 0.09594243 0.1227728 0.0937758 0.1248632 0.09225594 0.1226289 0.0937758 0.1248632 0.0912103 0.126693 0.08988744 0.124024 0.09225594 0.1226289 0.08988744 0.124024 0.08903938 0.1216635 0.09428489 0.121014 0.09225594 0.1226289 0.0912317 0.120569 0.0926426 0.1103287 0.09394168 0.1103581 0.09392613 0.1105067 0.09501004 0.1103832 0.09502547 0.1105452 0.09392613 0.1105067 0.09502547 0.1105452 0.09502577 0.1106948 0.09392195 0.1106489 0.09392613 0.1105067 0.09392195 0.1106489 0.09262555 0.110596 0.08043527 0.1109001 0.07884711 0.1107646 0.07891756 0.1101511 0.07884711 0.1107646 0.07723098 0.1106098 0.07732927 0.1100128 0.07891756 0.1101511 0.07732927 0.1100128 0.0773577 0.1098438 0.08048385 0.1102787 0.07891756 0.1101511 0.07893806 0.1099791 0.07412856 0.1097076 0.07571285 0.1098645 0.07557618 0.1104385 0.07417726 0.1095479 0.07575088 0.1096993 0.07571285 0.1098645 0.07575088 0.1096993 0.0773577 0.1098438 0.07732927 0.1100129 0.07571285 0.1098645 0.07732927 0.1100129 0.07723098 0.1106098 0.07813078 0.1403148 0.07308369 0.139375 0.0748583 0.1334229 0.07308369 0.139375 0.06832814 0.1373545 0.07120132 0.1321269 0.0748583 0.1334229 0.07120132 0.1321269 0.07297855 0.1282193 0.07862353 0.1340297 0.0748583 0.1334229 0.0759682 0.1291472 0.08843076 0.1195543 0.09046828 0.1186909 0.0912317 0.1205689 0.08799022 0.1176289 0.08990758 0.1169648 0.09046828 0.1186909 0.08990758 0.1169648 0.09158688 0.1161695 0.09223842 0.1176795 0.09046828 0.1186909 0.09223842 0.1176795 0.09312248 0.1192942 0.08386272 0.120683 0.08616399 0.1202326 0.08658623 0.1225282 0.0837419 0.1184524 0.08587729 0.1181319 0.08616399 0.1202326 0.08587729 0.1181319 0.08799022 0.1176289 0.08843076 0.1195543 0.08616399 0.1202326 0.08843076 0.1195543 0.08903938 0.1216635 0.07320588 0.08079934 0.07057231 0.0741589 0.07691371 0.0723313 0.07057231 0.0741589 0.06694394 0.06594067 0.07559287 0.06406533 0.07691371 0.0723313 0.07559287 0.06406533 0.08424186 0.06218999 0.07799983 0.07966428 0.07691371 0.0723313 0.08348006 0.07194405 0.08741885 0.1140937 0.08715474 0.1124729 0.08880454 0.1123663 0.08715474 0.1124729 0.08694499 0.1112616 0.08849656 0.1112818 0.08880454 0.1123663 0.08849656 0.1112818 0.08998036 0.1112699 0.08917731 0.1138118 0.08880454 0.1123663 0.09033226 0.1121801 0.09464102 0.1113709 0.09546512 0.1116113 0.09474146 0.112348 0.09546512 0.1116113 0.09634959 0.1118907 0.0954982 0.1129432 0.0954982 0.1129432 0.09432774 0.1141779 0.09371811 0.1132262 0.09411764 0.1118369 0.09474146 0.112348 0.09371811 0.1132262 0.09760767 0.1141434 0.09644436 0.1135451 0.0973863 0.1121691 0.09621268 0.1161386 0.09514886 0.1151528 0.09644436 0.1135451 0.09644436 0.1135451 0.09514886 0.1151528 0.09432774 0.1141778 0.09644436 0.1135451 0.0954982 0.1129432 0.09634959 0.1118907 0.06620246 0.111976 0.06523996 0.1128113 0.06421083 0.1110221 0.06403613 0.1136195 0.06296914 0.1114324 0.06421083 0.1110221 0.06296914 0.1114324 0.06224018 0.1096002 0.06349486 0.1095169 0.06421083 0.1110221 0.06349486 0.1095169 0.0645616 0.1094027 0.0669524 0.1111307 0.06607824 0.110104 0.06677365 0.109696 0.0669524 0.1111307 0.06620246 0.111976 0.06523859 0.1105746 0.06523859 0.1105746 0.0645616 0.1094027 0.06547808 0.1092638 0.06607824 0.110104 0.06547808 0.1092638 0.06632912 0.1091542 0.100916 0.1152207 0.1033949 0.1155322 0.1019512 0.1184948 0.1019573 0.1129967 0.1043674 0.1132275 0.1033949 0.1155322 0.1043674 0.1132275 0.1072076 0.1133581 0.1064403 0.1155995 0.1033949 0.1155322 0.1064403 0.1155995 0.1052837 0.1186987 0.0912103 0.126693 0.08824694 0.1281667 0.08721381 0.1251294 0.08824694 0.1281667 0.08510494 0.1291697 0.08444923 0.1258693 0.08721381 0.1251294 0.08444923 0.1258693 0.08408087 0.1231071 0.08988744 0.124024 0.08721381 0.1251294 0.08658623 0.1225282 0.07026118 0.1201927 0.06905615 0.1223921 0.06693404 0.1206454 0.06905615 0.1223921 0.06733405 0.1248221 0.06508517 0.1226153 0.06693404 0.1206454 0.06508517 0.1226153 0.06327086 0.1202136 0.06826615 0.1187703 0.06693404 0.1206454 0.06518149 0.1187345 0.06534898 0.1028742 0.06631779 0.1038909 0.06496304 0.1053898 0.0670498 0.1048963 0.06583881 0.1060476 0.06496304 0.1053898 0.06496304 0.1053898 0.06583881 0.1060476 0.06494468 0.1070495 0.06386286 0.1047236 0.06496304 0.1053898 0.06395739 0.1066985 0.09893101 0.1112343 0.09896194 0.1115688 0.09774792 0.1114438 0.09861332 0.1124463 0.0973863 0.1121691 0.09774792 0.1114438 0.0973863 0.1121691 0.09634959 0.1118907 0.09671461 0.1113224 0.09774792 0.1114438 0.09671461 0.1113224 0.0967766 0.1110774 0.08974057 0.1103641 0.0882917 0.1103076 0.08830636 0.1101982 0.08974057 0.1103641 0.08974301 0.1104806 0.08829301 0.1104187 0.0882917 0.1103076 0.08829301 0.1104187 0.08680844 0.1103452 0.0882917 0.1103076 0.08680903 0.1102376 0.08682197 0.1101305 0.07424634 0.1091468 0.07422465 0.1089713 0.07579576 0.1091209 0.07422465 0.1089713 0.0741356 0.1083399 0.07575052 0.1084241 0.07579576 0.1091209 0.07575052 0.1084241 0.07739853 0.1085221 0.07580703 0.1093046 0.07579576 0.1091209 0.07740104 0.1092652 0.1099519 0.1039961 0.1101859 0.1068748 0.1069094 0.1065483 0.1136384 0.105476 0.1135197 0.107442 0.1101859 0.1068748 0.1135197 0.107442 0.113401 0.109408 0.1103348 0.1087865 0.1101859 0.1068748 0.1103348 0.1087865 0.107293 0.1086495 0.09777939 0.1204842 0.0960105 0.1192123 0.09757298 0.117112 0.09777939 0.1204842 0.09594243 0.1227728 0.09428489 0.121014 0.0960105 0.1192123 0.09428489 0.121014 0.09312248 0.1192942 0.09757298 0.117112 0.0960105 0.1192123 0.09473896 0.1178551 0.09099555 0.107517 0.0922811 0.1081544 0.09179878 0.1091277 0.0922811 0.1081544 0.09338909 0.1087962 0.09298437 0.1094837 0.09179878 0.1091277 0.09298437 0.1094837 0.09274369 0.1099555 0.09045302 0.1087517 0.09179878 0.1091277 0.09143805 0.109826 0.09801536 0.1045033 0.09923768 0.1069183 0.09776806 0.1073753 0.1000243 0.1038716 0.1012023 0.1065806 0.09923768 0.1069183 0.1012023 0.1065806 0.1019908 0.1087904 0.1000892 0.1089519 0.09923768 0.1069183 0.1000892 0.1089519 0.09860509 0.109131 0.04852473 0.09505349 0.05325269 0.09553986 0.05235648 0.09949326 0.048563 0.08972477 0.05462169 0.09101086 0.05325269 0.09553986 0.05462169 0.09101086 0.05940216 0.09268534 0.057554 0.09629839 0.05325269 0.09553986 0.057554 0.09629839 0.05609166 0.09966951 0.0588485 0.1080434 0.06068474 0.1082216 0.0605688 0.1085869 0.06068474 0.1082216 0.06211501 0.108354 0.06203246 0.1086795 0.06203246 0.1086795 0.06224018 0.1096002 0.06074541 0.1096491 0.0605688 0.1085869 0.06074541 0.1096491 0.05885249 0.109624 0.1022073 0.1114354 0.1022816 0.1118619 0.1004228 0.1117048 0.1019573 0.1129967 0.1000829 0.1127271 0.1004228 0.1117048 0.1000829 0.1127271 0.09861332 0.1124463 0.09896194 0.1115688 0.1003651 0.1113259 0.1004228 0.1117048 0.09896194 0.1115688 0.08510494 0.1291697 0.08200705 0.1296205 0.08179736 0.126193 0.08200705 0.1296205 0.0789715 0.1295892 0.07924085 0.1261515 0.08179736 0.126193 0.07924085 0.1261515 0.07946288 0.1233177 0.08444923 0.1258693 0.08179736 0.126193 0.08171737 0.1233603 0.1044427 0.1086745 0.1038268 0.1064532 0.1069095 0.1065483 0.1019908 0.1087904 0.1012023 0.1065806 0.1038268 0.1064532 0.1012023 0.1065806 0.1000243 0.1038716 0.1028276 0.1035638 0.1038268 0.1064532 0.1028276 0.1035638 0.1062332 0.1035897 0.05402618 0.1056039 0.0510416 0.1051461 0.05123448 0.1041643 0.05402618 0.1056039 0.05402749 0.1061562 0.05097866 0.1056771 0.05097866 0.1056771 0.04774826 0.1052066 0.04792922 0.104754 0.0510416 0.1051461 0.04792922 0.104754 0.04811018 0.1043015 0.1044266 0.1110141 0.10442 0.1107103 0.1072185 0.1107226 0.1020745 0.1109588 0.1020677 0.110698 0.10442 0.1107103 0.10442 0.1107103 0.1020677 0.110698 0.1021234 0.1103911 0.1072185 0.1107226 0.10442 0.1107103 0.1044788 0.1103529 0.09884113 0.1104074 0.09767061 0.1103997 0.09765934 0.110077 0.09670531 0.1103932 0.09664463 0.1101157 0.09765934 0.110077 0.09664463 0.1101157 0.09633553 0.1095044 0.09736728 0.1093113 0.09765934 0.110077 0.09736728 0.1093113 0.09860509 0.109131 0.1073483 0.1116852 0.1074263 0.1121889 0.1046538 0.112039 0.1072076 0.1133581 0.1043674 0.1132274 0.1046538 0.112039 0.1043674 0.1132274 0.1019573 0.1129967 0.1022816 0.1118619 0.1045663 0.1115648 0.1046538 0.112039 0.1022816 0.1118619 0.0670498 0.1048963 0.06836551 0.1039223 0.06881195 0.1051679 0.06836551 0.1039223 0.06980973 0.1031205 0.07020175 0.1045383 0.06881195 0.1051679 0.07020175 0.1045383 0.07052993 0.1059155 0.06758141 0.1058922 0.06881195 0.1051679 0.06916385 0.1063441 0.09880977 0.1106504 0.0976637 0.1106213 0.09767061 0.1103997 0.09880977 0.1106504 0.09882426 0.1108573 0.09768295 0.1108105 0.0976637 0.1106213 0.09768295 0.1108105 0.09674137 0.1107685 0.09767061 0.1103997 0.0976637 0.1106213 0.09672218 0.1105945 0.1020677 0.110698 0.1002329 0.1106774 0.10028 0.1104081 0.1020677 0.110698 0.1020745 0.1109588 0.1002426 0.1109064 0.1002329 0.1106774 0.1002426 0.1109064 0.09882426 0.1108573 0.1002329 0.1106774 0.09880977 0.1106504 0.09884113 0.1104074 0.05909371 0.1070253 0.05910104 0.1073369 0.05677616 0.1069834 0.05905377 0.1075934 0.05672246 0.1072824 0.05677616 0.1069834 0.05672246 0.1072824 0.05394953 0.1068992 0.05401086 0.1065605 0.05677372 0.1066213 0.05677616 0.1069834 0.05401086 0.1065605 0.1074262 0.1121889 0.1104367 0.1122574 0.1103117 0.1132979 0.1074262 0.1121889 0.1073483 0.1116852 0.1104118 0.1117661 0.1104118 0.1117661 0.113636 0.1117809 0.1135573 0.1122314 0.1104367 0.1122574 0.1135573 0.1122314 0.1134785 0.112682 0.0907557 0.1134075 0.09033226 0.1121801 0.09171307 0.1119421 0.09033226 0.1121801 0.08998036 0.1112699 0.09141033 0.1112417 0.09171307 0.1119421 0.09141033 0.1112417 0.09269964 0.1112134 0.09211361 0.1129138 0.09171307 0.1119421 0.09286892 0.1116979 0.08188825 0.1142612 0.08196687 0.112376 0.0836541 0.1124443 0.08017915 0.1141719 0.0803278 0.1122729 0.08196687 0.112376 0.0803278 0.1122729 0.08043527 0.1109001 0.08202511 0.1110132 0.08196687 0.112376 0.08202511 0.1110132 0.08364576 0.1111117 0.09882426 0.1108573 0.09886413 0.1110376 0.09771847 0.1109749 0.09886413 0.1110376 0.09893101 0.1112343 0.09776169 0.1111525 0.09771847 0.1109749 0.09776169 0.1111525 0.0967766 0.1110774 0.09768295 0.1108105 0.09771847 0.1109749 0.0967648 0.1109189 0.09002125 0.1096761 0.09143805 0.109826 0.09127044 0.1101593 0.09143805 0.109826 0.09274369 0.1099555 0.09267866 0.1101962 0.09127044 0.1101593 0.09267866 0.1101962 0.0926426 0.1103287 0.0898146 0.1101059 0.09127044 0.1101593 0.09121835 0.1102936 0.1052837 0.1186987 0.1094041 0.1184452 0.1088234 0.1227082 0.1094041 0.1184452 0.1138253 0.1169734 0.1145214 0.1227914 0.1088234 0.1227082 0.1145214 0.1227914 0.1152175 0.1286094 0.1039217 0.1223027 0.1088234 0.1227082 0.1077981 0.1275965</float_array>
          <technique_common>
            <accessor source="#bug_headlight_L_lid_animated-mesh-map-0-array" count="4788" stride="2">
              <param name="S" type="float"/>
              <param name="T" type="float"/>
            </accessor>
          </technique_common>
        </source>
        <vertices id="bug_headlight_L_lid_animated-mesh-vertices">
          <input semantic="POSITION" source="#bug_headlight_L_lid_animated-mesh-positions"/>
        </vertices>
        <triangles material="bug_aluminum-material" count="1596">
          <input semantic="VERTEX" source="#bug_headlight_L_lid_animated-mesh-vertices" offset="0"/>
          <input semantic="NORMAL" source="#bug_headlight_L_lid_animated-mesh-normals" offset="1"/>
          <input semantic="TEXCOORD" source="#bug_headlight_L_lid_animated-mesh-map-0" offset="2" set="0"/>
          <p>277 0 0 435 1 1 38 2 2 40 3 3 627 4 4 277 0 5 217 5 6 392 6 7 627 4 8 627 4 9 6 7 10 435 1 11 130 8 12 628 9 13 399 10 14 321 11 15 253 12 16 628 9 17 628 9 18 132 13 19 344 14 20 399 10 21 344 14 22 119 15 23 177 16 24 629 17 25 274 18 26 243 19 27 319 20 28 629 17 29 629 17 30 19 21 31 241 22 32 274 18 33 241 22 34 1 23 35 12 24 36 630 25 37 553 26 38 424 27 39 275 28 40 630 25 41 630 25 42 24 29 43 494 30 44 553 26 45 494 30 46 30 31 47 315 32 48 474 33 49 183 34 50 315 32 51 261 35 52 631 36 53 631 36 54 181 37 55 237 38 56 474 33 57 237 38 58 162 39 59 118 40 60 632 41 61 585 42 62 584 43 63 344 14 64 632 41 65 632 41 66 132 13 67 457 44 68 585 42 69 457 44 70 128 45 71 331 46 72 369 47 73 93 48 74 92 49 75 633 50 76 331 46 77 383 51 78 442 52 79 633 50 80 633 50 81 82 53 82 369 47 83 119 15 84 634 54 85 399 10 86 127 55 87 634 54 88 546 56 89 399 10 90 256 57 91 130 8 92 171 58 93 635 59 94 300 60 95 301 61 96 549 62 97 635 59 98 635 59 99 164 63 100 607 64 101 300 60 102 607 64 103 173 65 104 146 66 105 636 67 106 426 68 107 243 19 108 489 69 109 636 67 110 636 67 111 5 70 112 255 71 113 426 68 114 255 71 115 21 72 116 236 73 117 469 74 118 206 75 119 236 73 120 253 12 121 637 76 122 637 76 123 152 77 124 235 78 125 469 74 126 235 78 127 211 79 128 83 80 129 638 81 130 293 82 131 355 83 132 499 84 133 638 81 134 638 81 135 31 85 136 430 86 137 293 82 138 430 86 139 26 87 140 195 88 141 639 89 142 504 90 143 278 91 144 446 92 145 639 89 146 639 89 147 97 93 148 284 94 149 504 90 150 284 94 151 81 95 152 564 96 153 555 97 154 27 98 155 76 99 156 640 100 157 564 96 158 371 101 159 293 82 160 640 100 161 640 100 162 26 87 163 555 97 164 398 102 165 517 103 166 125 104 167 118 40 168 641 105 169 398 102 170 583 106 171 254 107 172 641 105 173 641 105 174 124 108 175 517 103 176 364 109 177 466 110 178 162 39 179 163 111 180 642 112 181 364 109 182 642 112 183 194 113 184 358 114 185 642 112 186 197 115 187 466 110 188 117 116 189 643 117 190 400 118 191 583 106 192 585 42 193 643 117 194 643 117 195 128 45 196 518 119 197 400 118 198 518 119 199 131 120 200 115 121 201 644 122 202 385 123 203 617 124 204 511 125 205 644 122 206 644 122 207 112 126 208 386 127 209 385 123 210 386 127 211 103 128 212 109 129 213 645 130 214 248 131 215 576 132 216 567 133 217 645 130 218 645 130 219 99 134 220 287 135 221 248 131 222 287 135 223 110 136 224 312 137 225 370 138 226 107 139 227 148 140 228 646 141 229 312 137 230 273 142 231 426 68 232 646 141 233 646 141 234 21 72 235 370 138 236 4 143 237 647 144 238 266 145 239 215 146 240 272 147 241 18 148 242 14 149 243 647 144 244 215 146 245 38 2 246 648 150 247 436 151 248 435 1 249 362 152 250 648 150 251 648 150 252 116 153 253 414 154 254 436 151 255 414 154 256 170 155 257 159 156 258 649 157 259 595 158 260 594 159 261 523 160 262 649 157 263 649 157 264 175 161 265 405 162 266 595 158 267 405 162 268 158 163 269 397 164 270 465 165 271 7 166 272 34 167 273 650 168 274 397 164 275 599 169 276 527 170 277 650 168 278 650 168 279 91 171 280 465 165 281 609 172 282 288 173 283 0 174 284 173 65 285 651 175 286 609 172 287 607 64 288 592 176 289 651 175 290 651 175 291 94 177 292 288 173 293 158 163 294 652 178 295 595 158 296 596 179 297 480 180 298 652 178 299 652 178 300 156 181 301 297 182 302 595 158 303 297 182 304 159 156 305 13 183 306 653 184 307 275 28 308 413 185 309 366 186 310 653 184 311 653 184 312 22 187 313 542 188 314 275 28 315 542 188 316 24 29 317 45 189 318 654 190 319 500 191 320 410 192 321 276 193 322 654 190 323 654 190 324 199 194 325 558 195 326 500 191 327 558 195 328 50 196 329 374 197 330 294 198 331 76 99 332 17 199 333 655 200 334 374 197 335 460 201 336 404 202 337 655 200 338 655 200 339 144 203 340 294 198 341 139 204 342 656 205 343 587 206 344 347 207 345 345 208 346 656 205 347 656 205 348 141 209 349 258 210 350 587 206 351 258 210 352 135 211 353 21 72 354 657 212 355 370 138 356 581 213 357 314 214 358 657 212 359 657 212 360 100 215 361 610 216 362 370 138 363 610 216 364 107 139 365 18 148 366 658 217 367 280 218 368 272 147 369 216 219 370 658 217 371 658 217 372 20 220 373 267 221 374 280 218 375 267 221 376 43 222 377 364 109 378 420 223 379 163 111 380 162 39 381 659 224 382 364 109 383 237 38 384 296 225 385 659 224 386 659 224 387 180 226 388 420 223 389 259 227 390 328 228 391 151 229 392 137 230 393 660 231 394 259 227 395 348 232 396 591 233 397 660 231 398 660 231 399 150 234 400 328 228 401 96 235 402 661 236 403 624 237 404 100 215 405 661 236 406 406 238 407 626 239 408 536 240 409 661 236 410 624 237 411 536 240 412 154 241 413 47 242 414 662 243 415 251 244 416 368 245 417 389 246 418 662 243 419 389 246 420 448 247 421 662 243 422 662 243 423 106 248 424 251 244 425 440 249 426 378 250 427 73 251 428 51 252 429 663 253 430 440 249 431 329 254 432 279 255 433 663 253 434 663 253 435 72 256 436 378 250 437 60 257 438 664 258 439 382 259 440 548 260 441 254 107 442 664 258 443 664 258 444 117 116 445 458 261 446 382 259 447 458 261 448 25 262 449 531 263 450 490 264 451 184 265 452 196 266 453 665 267 454 531 263 455 530 268 456 313 269 457 665 267 458 665 267 459 34 167 460 490 264 461 491 270 462 405 162 463 175 161 464 491 270 465 257 271 466 666 272 467 257 271 468 525 273 469 666 272 470 666 272 471 158 163 472 405 162 473 352 274 474 594 159 475 159 156 476 160 275 477 667 276 478 352 274 479 270 277 480 479 278 481 667 276 482 667 276 483 176 279 484 594 159 485 134 280 486 668 281 487 572 282 488 347 207 489 346 283 490 668 281 491 668 281 492 46 284 493 355 83 494 572 282 495 355 83 496 83 80 497 395 285 498 326 286 499 41 287 500 39 288 501 669 289 502 395 285 503 433 290 504 327 291 505 669 289 506 669 289 507 10 292 508 326 286 509 283 293 510 486 294 511 179 295 512 142 296 513 670 297 514 283 293 515 552 298 516 324 299 517 670 297 518 670 297 519 15 300 520 486 294 521 195 88 522 671 301 523 563 302 524 249 303 525 441 304 526 671 301 527 671 301 528 91 171 529 527 170 530 563 302 531 527 170 532 84 305 533 151 229 534 672 306 535 478 307 536 328 228 537 350 308 538 672 306 539 672 306 540 121 309 541 472 310 542 478 307 543 472 310 544 122 311 545 129 312 546 673 313 547 444 314 548 278 91 549 563 302 550 673 313 551 673 313 552 84 305 553 532 315 554 673 313 555 86 316 556 444 314 557 404 202 558 402 317 559 144 203 560 147 318 561 674 319 562 404 202 563 522 320 564 591 233 565 674 319 566 674 319 567 138 321 568 402 317 569 129 312 570 675 322 571 285 323 572 444 314 573 384 324 574 675 322 575 675 322 576 70 325 577 598 326 578 285 323 579 598 326 580 193 327 581 15 300 582 676 328 583 396 329 584 324 299 585 499 84 586 676 328 587 676 328 588 46 284 589 214 330 590 396 329 591 214 330 592 60 257 593 487 331 594 290 332 595 16 333 596 19 21 597 677 334 598 487 331 599 578 335 600 620 336 601 677 334 602 677 334 603 106 248 604 290 332 605 530 268 606 403 337 607 3 338 608 196 266 609 678 339 610 530 268 611 625 340 612 609 172 613 678 339 614 678 339 615 0 174 616 403 337 617 372 341 618 359 342 619 157 343 620 156 181 621 679 344 622 372 341 623 679 344 624 205 345 625 360 346 626 359 342 627 360 346 628 206 75 629 124 108 630 680 347 631 292 348 632 548 260 633 214 330 634 680 347 635 214 330 636 346 283 637 680 347 638 680 347 639 139 204 640 292 348 641 75 349 642 681 350 643 557 351 644 298 352 645 441 304 646 681 350 647 681 350 648 165 353 649 498 354 650 557 351 651 498 354 652 126 355 653 52 356 654 682 357 655 314 214 656 343 358 657 363 359 658 682 357 659 682 357 660 203 360 661 626 239 662 314 214 663 626 239 664 100 215 665 86 316 666 683 361 667 529 362 668 84 305 669 683 361 670 532 315 671 599 169 672 313 269 673 683 361 674 683 361 675 3 338 676 529 362 677 136 363 678 684 364 679 431 365 680 320 366 681 232 367 682 684 364 683 684 364 684 42 368 685 242 369 686 431 365 687 242 369 688 27 98 689 351 370 690 322 371 691 12 24 692 179 295 693 685 372 694 351 370 695 218 373 696 274 18 697 685 372 698 685 372 699 1 23 700 322 371 701 590 374 702 589 375 703 149 376 704 123 377 705 686 378 706 590 374 707 611 379 708 295 380 709 686 378 710 589 375 711 295 380 712 153 381 713 204 382 714 687 383 715 252 384 716 410 192 717 512 385 718 687 383 719 512 385 720 545 386 721 687 383 722 687 383 723 148 140 724 252 384 725 66 387 726 688 388 727 367 389 728 556 390 729 521 391 730 688 388 731 688 388 732 147 318 733 460 201 734 367 389 735 460 201 736 17 199 737 97 93 738 689 392 739 509 393 740 446 92 741 285 323 742 689 392 743 689 392 744 193 327 745 570 394 746 509 393 747 570 394 748 69 395 749 377 396 750 342 397 751 41 287 752 40 3 753 690 398 754 377 396 755 219 399 756 496 400 757 690 398 758 690 398 759 28 401 760 342 397 761 29 402 762 691 403 763 554 404 764 219 399 765 277 0 766 691 403 767 691 403 768 38 2 769 476 405 770 554 404 771 476 405 772 35 406 773 28 401 774 692 407 775 340 408 776 580 409 777 394 410 778 692 407 779 692 407 780 85 411 781 268 412 782 340 408 783 268 412 784 114 413 785 351 370 786 283 293 787 179 295 788 12 24 789 693 414 790 351 370 791 693 414 792 30 31 793 415 415 794 283 293 795 415 415 796 142 296 797 565 416 798 498 354 799 165 353 800 89 417 801 694 418 802 565 416 803 508 419 804 438 420 805 694 418 806 694 418 807 126 355 808 498 354 809 137 230 810 695 421 811 586 422 812 239 423 813 354 424 814 695 421 815 695 421 816 186 425 817 238 426 818 586 422 819 238 426 820 140 427 821 135 211 822 696 428 823 588 429 824 258 210 825 401 430 826 696 428 827 696 428 828 140 427 829 519 431 830 588 429 831 519 431 832 133 432 833 151 229 834 697 433 835 259 227 836 615 434 837 608 435 838 697 433 839 697 433 840 212 436 841 239 423 842 259 227 843 239 423 844 137 230 845 50 196 846 698 437 847 500 191 848 329 254 849 330 438 850 698 437 851 698 437 852 47 242 853 449 439 854 500 191 855 449 439 856 45 189 857 201 440 858 699 441 859 306 442 860 467 443 861 550 444 862 699 441 863 699 441 864 174 445 865 535 446 866 306 442 867 535 446 868 190 447 869 61 448 870 700 449 871 332 450 872 477 451 873 543 452 874 700 449 875 700 449 876 68 453 877 447 454 878 332 450 879 447 454 880 67 455 881 54 456 882 701 457 883 227 458 884 310 459 885 622 460 886 701 457 887 701 457 888 96 235 889 260 461 890 227 458 891 260 461 892 105 462 893 318 463 894 558 195 895 199 194 896 318 463 897 438 420 898 702 464 899 438 420 900 279 255 901 702 464 902 702 464 903 50 196 904 558 195 905 280 218 906 339 465 907 18 148 908 43 222 909 703 466 910 280 218 911 579 467 912 246 468 913 703 466 914 703 466 915 79 469 916 339 465 917 160 275 918 704 470 919 270 277 920 261 35 921 593 471 922 181 37 923 178 472 924 704 470 925 261 35 926 211 79 927 705 473 928 233 474 929 485 475 930 484 476 931 705 473 932 705 473 933 163 111 934 420 223 935 233 474 936 420 223 937 180 226 938 67 455 939 706 477 940 332 450 941 387 478 942 568 479 943 706 477 944 706 477 945 59 480 946 618 481 947 332 450 948 618 481 949 61 448 950 16 333 951 707 482 952 425 483 953 290 332 954 448 247 955 707 482 956 707 482 957 108 484 958 450 485 959 425 483 960 450 485 961 20 220 962 65 486 963 708 487 964 223 488 965 619 489 966 569 490 967 708 487 968 569 490 969 567 133 970 708 487 971 223 488 972 567 133 973 101 491 974 204 382 975 709 492 976 276 193 977 616 493 978 310 459 979 709 492 980 709 492 981 54 456 982 439 494 983 276 193 984 439 494 985 199 194 986 7 166 987 710 495 988 230 496 989 465 165 990 298 352 991 710 495 992 710 495 993 75 349 994 462 497 995 230 496 996 462 497 997 37 498 998 180 226 999 711 499 1000 233 474 1001 481 500 1002 359 342 1003 711 499 1004 711 499 1005 206 75 1006 469 74 1007 233 474 1008 469 74 1009 211 79 1010 319 20 1011 578 335 1012 19 21 1013 146 66 1014 712 501 1015 319 20 1016 273 142 1017 545 386 1018 712 501 1019 712 501 1020 104 502 1021 578 335 1022 199 194 1023 713 503 1024 318 463 1025 439 494 1026 501 504 1027 713 503 1028 501 504 1029 557 351 1030 713 503 1031 713 503 1032 126 355 1033 318 463 1034 165 353 1035 714 505 1036 565 416 1037 249 303 1038 504 90 1039 714 505 1040 714 505 1041 81 95 1042 562 506 1043 565 416 1044 562 506 1045 89 417 1046 9 507 1047 715 508 1048 577 509 1049 437 510 1050 232 367 1051 715 508 1052 715 508 1053 170 155 1054 414 154 1055 577 509 1056 414 154 1057 116 153 1058 206 75 1059 716 511 1060 236 73 1061 360 346 1062 540 512 1063 716 511 1064 716 511 1065 128 45 1066 457 44 1067 236 73 1068 457 44 1069 132 13 1070 192 513 1071 717 514 1072 263 515 1073 526 516 1074 308 517 1075 717 514 1076 308 517 1077 605 518 1078 717 514 1079 717 514 1080 188 519 1081 263 515 1082 103 128 1083 718 520 1084 282 521 1085 386 127 1086 281 522 1087 718 520 1088 718 520 1089 90 523 1090 224 524 1091 282 521 1092 224 524 1093 102 525 1094 57 526 1095 719 527 1096 291 528 1097 269 529 1098 451 530 1099 719 527 1100 719 527 1101 77 531 1102 502 532 1103 291 528 1104 502 532 1105 78 533 1106 571 534 1107 387 478 1108 67 455 1109 88 535 1110 720 536 1111 571 534 1112 566 537 1113 509 393 1114 720 536 1115 720 536 1116 69 395 1117 387 478 1118 7 166 1119 721 538 1120 397 164 1121 482 539 1122 603 540 1123 721 538 1124 721 538 1125 184 265 1126 490 264 1127 397 164 1128 490 264 1129 34 167 1130 450 485 1131 267 221 1132 20 220 1133 450 485 1134 513 541 1135 722 542 1136 513 541 1137 225 543 1138 722 542 1139 722 542 1140 43 222 1141 267 221 1142 72 256 1143 723 544 1144 378 250 1145 508 419 1146 507 545 1147 723 544 1148 723 544 1149 82 53 1150 561 546 1151 378 250 1152 561 546 1153 73 251 1154 202 547 1155 724 548 1156 411 549 1157 234 550 1158 306 442 1159 724 548 1160 724 548 1161 190 447 1162 361 551 1163 411 549 1164 361 551 1165 210 552 1166 560 553 1167 503 554 1168 49 555 1169 559 556 1170 560 553 1171 53 557 1172 55 558 1173 725 559 1174 559 556 1175 502 532 1176 244 560 1177 78 533 1178 77 531 1179 725 559 1180 502 532 1181 80 561 1182 726 562 1183 452 563 1184 92 49 1185 726 562 1186 383 51 1187 453 564 1188 445 565 1189 726 562 1190 726 562 1191 57 526 1192 452 563 1193 603 540 1194 262 566 1195 184 265 1196 189 567 1197 727 568 1198 603 540 1199 602 569 1200 597 570 1201 727 568 1202 727 568 1203 192 513 1204 262 566 1205 571 534 1206 510 571 1207 88 535 1208 67 455 1209 728 572 1210 571 534 1211 447 454 1212 454 573 1213 728 572 1214 728 572 1215 87 574 1216 510 571 1217 365 575 1218 408 576 1219 172 577 1220 200 578 1221 729 579 1222 365 575 1223 533 580 1224 409 581 1225 729 579 1226 729 579 1227 167 582 1228 408 576 1229 78 533 1230 730 583 1231 291 528 1232 74 584 1233 730 583 1234 380 585 1235 381 586 1236 452 563 1237 730 583 1238 291 528 1239 452 563 1240 57 526 1241 464 587 1242 602 569 1243 189 567 1244 175 161 1245 731 588 1246 464 587 1247 523 160 1248 601 589 1249 731 588 1250 731 588 1251 185 590 1252 602 569 1253 541 591 1254 623 592 1255 183 34 1256 191 593 1257 732 594 1258 541 591 1259 526 516 1260 597 570 1261 732 594 1262 732 594 1263 185 590 1264 623 592 1265 190 447 1266 733 595 1267 353 596 1268 174 445 1269 733 595 1270 535 446 1271 547 597 1272 600 598 1273 733 595 1274 733 595 1275 186 425 1276 353 596 1277 507 545 1278 369 47 1279 82 53 1280 89 417 1281 734 599 1282 507 545 1283 562 506 1284 505 600 1285 734 599 1286 734 599 1287 93 48 1288 369 47 1289 153 381 1290 735 601 1291 299 602 1292 295 380 1293 539 603 1294 735 601 1295 735 601 1296 209 604 1297 305 605 1298 299 602 1299 305 605 1300 213 606 1301 150 234 1302 736 607 1303 350 308 1304 522 320 1305 521 391 1306 736 607 1307 736 607 1308 120 608 1309 612 609 1310 350 308 1311 612 609 1312 121 309 1313 73 251 1314 737 610 1315 220 611 1316 561 546 1317 442 52 1318 737 610 1319 737 610 1320 80 561 1321 381 586 1322 220 611 1323 381 586 1324 74 584 1325 252 384 1326 616 493 1327 204 382 1328 252 384 1329 312 137 1330 738 612 1331 312 137 1332 303 613 1333 738 612 1334 738 612 1335 48 614 1336 616 493 1337 93 48 1338 739 615 1339 331 46 1340 88 535 1341 739 615 1342 443 616 1343 510 571 1344 506 617 1345 739 615 1346 331 46 1347 506 617 1348 92 49 1349 205 345 1350 740 618 1351 540 512 1352 468 619 1353 363 359 1354 740 618 1355 740 618 1356 131 120 1357 518 119 1358 540 512 1359 518 119 1360 128 45 1361 568 479 1362 544 620 1363 59 480 1364 69 395 1365 741 621 1366 568 479 1367 570 394 1368 573 622 1369 741 621 1370 741 621 1371 155 623 1372 544 620 1373 37 498 1374 742 624 1375 257 271 1376 462 497 1377 501 504 1378 742 624 1379 501 504 1380 227 458 1381 742 624 1382 742 624 1383 105 462 1384 257 271 1385 187 625 1386 743 626 1387 412 627 1388 308 517 1389 475 628 1390 743 626 1391 743 626 1392 197 115 1393 228 629 1394 412 627 1395 228 629 1396 207 630 1397 157 343 1398 744 631 1399 372 341 1400 524 632 1401 352 274 1402 744 631 1403 744 631 1404 159 156 1405 297 182 1406 372 341 1407 297 182 1408 156 181 1409 271 633 1410 468 619 1411 205 345 1412 271 633 1413 480 180 1414 745 634 1415 745 634 1416 154 241 1417 536 240 1418 745 634 1419 203 360 1420 468 619 1421 373 635 1422 304 636 1423 208 637 1424 194 113 1425 746 638 1426 373 635 1427 746 638 1428 201 440 1429 234 550 1430 304 636 1431 234 550 1432 202 547 1433 582 639 1434 463 640 1435 5 70 1436 15 300 1437 747 641 1438 582 639 1439 396 329 1440 382 259 1441 747 641 1442 747 641 1443 25 262 1444 463 640 1445 119 15 1446 748 642 1447 546 56 1448 584 43 1449 398 102 1450 748 642 1451 748 642 1452 125 104 1453 456 643 1454 546 56 1455 456 643 1456 127 55 1457 171 58 1458 749 644 1459 356 645 1460 302 646 1461 605 518 1462 749 644 1463 749 644 1464 187 625 1465 421 647 1466 356 645 1467 421 647 1468 172 577 1469 173 65 1470 750 648 1471 300 60 1472 625 340 1473 604 649 1474 750 648 1475 750 648 1476 188 519 1477 302 646 1478 300 60 1479 302 646 1480 171 58 1481 44 650 1482 751 651 1483 497 652 1484 617 124 1485 514 653 1486 751 651 1487 751 651 1488 111 654 1489 391 655 1490 497 652 1491 391 655 1492 36 656 1493 613 657 1494 235 78 1495 152 77 1496 174 445 1497 752 658 1498 613 657 1499 752 658 1500 161 659 1501 485 475 1502 752 658 1503 211 79 1504 235 78 1505 3 338 1506 753 660 1507 529 362 1508 403 337 1509 606 661 1510 753 660 1511 753 660 1512 70 325 1513 384 324 1514 529 362 1515 384 324 1516 86 316 1517 143 662 1518 754 663 1519 250 664 1520 492 665 1521 430 86 1522 754 663 1523 754 663 1524 31 85 1525 552 298 1526 250 664 1527 552 298 1528 142 296 1529 406 238 1530 610 216 1531 100 215 1532 406 238 1533 622 460 1534 755 666 1535 755 666 1536 48 614 1537 303 613 1538 610 216 1539 303 613 1540 107 139 1541 317 667 1542 357 668 1543 194 113 1544 317 667 1545 484 476 1546 756 669 1547 756 669 1548 161 659 1549 467 443 1550 357 668 1551 467 443 1552 201 440 1553 16 333 1554 757 670 1555 487 331 1556 376 671 1557 375 672 1558 757 670 1559 757 670 1560 1 23 1561 241 22 1562 487 331 1563 241 22 1564 19 21 1565 172 577 1566 758 673 1567 365 575 1568 421 647 1569 412 627 1570 758 673 1571 758 673 1572 207 630 1573 537 674 1574 365 575 1575 537 674 1576 200 578 1577 58 675 1578 759 676 1579 451 530 1580 333 677 1581 574 678 1582 759 676 1583 759 676 1584 113 679 1585 390 680 1586 451 530 1587 390 680 1588 77 531 1589 189 567 1590 760 681 1591 464 587 1592 482 539 1593 230 496 1594 760 681 1595 760 681 1596 37 498 1597 491 270 1598 464 587 1599 491 270 1600 175 161 1601 478 307 1602 615 434 1603 151 229 1604 122 311 1605 761 682 1606 478 307 1607 471 683 1608 590 374 1609 761 682 1610 761 682 1611 149 376 1612 615 434 1613 425 483 1614 376 671 1615 16 333 1616 20 220 1617 762 684 1618 425 483 1619 216 219 1620 427 685 1621 762 684 1622 762 684 1623 2 686 1624 376 671 1625 115 121 1626 763 687 1627 514 653 1628 99 134 1629 763 687 1630 286 688 1631 763 687 1632 64 689 1633 575 690 1634 514 653 1635 575 690 1636 111 654 1637 473 691 1638 321 11 1639 130 8 1640 182 692 1641 764 693 1642 473 691 1643 547 597 1644 613 657 1645 764 693 1646 764 693 1647 152 77 1648 321 11 1649 213 606 1650 765 694 1651 299 602 1652 316 695 1653 411 549 1654 765 694 1655 765 694 1656 210 552 1657 229 696 1658 299 602 1659 229 696 1660 153 381 1661 157 343 1662 766 697 1663 524 632 1664 481 500 1665 296 225 1666 766 697 1667 766 697 1668 181 37 1669 593 471 1670 766 697 1671 160 275 1672 524 632 1673 168 698 1674 767 699 1675 470 700 1676 198 701 1677 767 699 1678 483 702 1679 767 699 1680 213 606 1681 305 605 1682 470 700 1683 305 605 1684 209 604 1685 88 535 1686 768 703 1687 566 537 1688 443 616 1689 505 600 1690 768 703 1691 768 703 1692 81 95 1693 284 94 1694 566 537 1695 284 94 1696 97 93 1697 110 136 1698 769 704 1699 248 131 1700 335 705 1701 334 706 1702 769 704 1703 334 706 1704 221 707 1705 769 704 1706 769 704 1707 109 129 1708 248 131 1709 225 543 1710 579 467 1711 43 222 1712 113 679 1713 770 708 1714 225 543 1715 770 708 1716 56 709 1717 338 710 1718 770 708 1719 71 711 1720 579 467 1721 207 630 1722 771 712 1723 537 674 1724 528 713 1725 264 714 1726 771 712 1727 771 712 1728 198 701 1729 538 715 1730 537 674 1731 538 715 1732 200 578 1733 125 104 1734 772 716 1735 456 643 1736 459 717 1737 588 429 1738 772 716 1739 772 716 1740 133 432 1741 621 718 1742 456 643 1743 621 718 1744 127 55 1745 170 155 1746 773 719 1747 436 151 1748 320 366 1749 432 720 1750 773 719 1751 773 719 1752 35 406 1753 476 405 1754 436 151 1755 476 405 1756 38 2 1757 135 211 1758 774 721 1759 587 206 1760 459 717 1761 517 103 1762 774 721 1763 774 721 1764 124 108 1765 292 348 1766 587 206 1767 292 348 1768 139 204 1769 263 515 1770 262 566 1771 192 513 1772 188 519 1773 775 722 1774 263 515 1775 604 649 1776 531 263 1777 775 722 1778 775 722 1779 184 265 1780 262 566 1781 358 114 1782 228 629 1783 197 115 1784 358 114 1785 373 635 1786 776 723 1787 776 723 1788 208 637 1789 528 713 1790 776 723 1791 207 630 1792 228 629 1793 83 80 1794 777 724 1795 572 282 1796 371 101 1797 294 198 1798 777 724 1799 777 724 1800 144 203 1801 349 725 1802 572 282 1803 349 725 1804 134 280 1805 141 209 1806 778 726 1807 401 430 1808 520 727 1809 348 232 1810 778 726 1811 348 232 1812 586 422 1813 778 726 1814 401 430 1815 586 422 1816 140 427 1817 74 584 1818 779 728 1819 240 729 1820 380 585 1821 244 560 1822 779 728 1823 779 728 1824 55 558 1825 559 556 1826 240 729 1827 559 556 1828 53 557 1829 573 622 1830 311 730 1831 155 623 1832 193 327 1833 780 731 1834 573 622 1835 598 326 1836 388 732 1837 780 731 1838 780 731 1839 62 733 1840 311 730 1841 153 381 1842 781 734 1843 589 375 1844 229 696 1845 407 735 1846 781 734 1847 407 735 1848 608 435 1849 781 734 1850 781 734 1851 149 376 1852 589 375 1853 32 736 1854 782 737 1855 393 738 1856 429 739 1857 428 740 1858 782 737 1859 782 737 1860 24 29 1861 542 188 1862 393 738 1863 542 188 1864 22 187 1865 9 507 1866 783 741 1867 437 510 1868 307 742 1869 367 389 1870 783 741 1871 783 741 1872 17 199 1873 461 743 1874 437 510 1875 461 743 1876 42 368 1877 29 402 1878 784 744 1879 495 745 1880 554 404 1881 325 746 1882 784 744 1883 784 744 1884 23 747 1885 551 748 1886 495 745 1887 551 748 1888 33 749 1889 49 555 1890 785 750 1891 389 246 1892 77 531 1893 785 750 1894 503 554 1895 390 680 1896 513 541 1897 785 750 1898 785 750 1899 108 484 1900 389 246 1901 5 70 1902 786 751 1903 255 71 1904 463 640 1905 231 752 1906 786 751 1907 786 751 1908 52 356 1909 581 213 1910 255 71 1911 581 213 1912 21 72 1913 400 118 1914 458 261 1915 117 116 1916 131 120 1917 787 753 1918 400 118 1919 343 358 1920 231 752 1921 787 753 1922 787 753 1923 25 262 1924 458 261 1925 42 368 1926 788 754 1927 242 369 1928 461 743 1929 374 197 1930 788 754 1931 788 754 1932 76 99 1933 564 96 1934 242 369 1935 564 96 1936 27 98 1937 493 755 1938 551 748 1939 23 747 1940 30 31 1941 789 756 1942 493 755 1943 494 30 1944 428 740 1945 789 756 1946 789 756 1947 33 749 1948 551 748 1949 250 664 1950 323 757 1951 143 662 1952 142 296 1953 790 758 1954 250 664 1955 415 415 1956 493 755 1957 790 758 1958 790 758 1959 23 747 1960 323 757 1961 0 174 1962 791 759 1963 606 661 1964 288 173 1965 422 760 1966 791 759 1967 791 759 1968 62 733 1969 388 732 1970 606 661 1971 388 732 1972 70 325 1973 12 24 1974 792 761 1975 424 27 1976 322 371 1977 375 672 1978 792 761 1979 792 761 1980 2 686 1981 488 762 1982 424 27 1983 488 762 1984 13 183 1985 18 148 1986 793 763 1987 215 146 1988 339 465 1989 226 764 1990 793 763 1991 226 764 1992 366 186 1993 793 763 1994 215 146 1995 366 186 1996 14 149 1997 394 410 1998 417 765 1999 85 411 2000 32 736 2001 794 766 2002 394 410 2003 794 766 2004 22 187 2005 226 764 2006 794 766 2007 79 469 2008 417 765 2009 133 432 2010 795 767 2011 614 768 2012 140 427 2013 795 767 2014 519 431 2015 238 426 2016 600 598 2017 795 767 2018 795 767 2019 182 692 2020 614 768 2021 621 718 2022 256 57 2023 127 55 2024 621 718 2025 614 768 2026 796 769 2027 614 768 2028 473 691 2029 796 769 2030 796 769 2031 130 8 2032 256 57 2033 340 408 2034 342 397 2035 28 401 2036 114 413 2037 797 770 2038 340 408 2039 419 771 2040 395 285 2041 797 770 2042 797 770 2043 41 287 2044 342 397 2045 35 406 2046 798 772 2047 325 746 2048 432 720 2049 516 773 2050 798 772 2051 798 772 2052 143 662 2053 323 757 2054 325 746 2055 323 757 2056 23 747 2057 134 280 2058 799 774 2059 345 208 2060 349 725 2061 402 317 2062 799 774 2063 799 774 2064 138 321 2065 520 727 2066 345 208 2067 520 727 2068 141 209 2069 191 593 2070 800 775 2071 475 628 2072 183 34 2073 800 775 2074 541 591 2075 800 775 2076 162 39 2077 466 110 2078 475 628 2079 466 110 2080 197 115 2081 90 523 2082 801 776 2083 245 777 2084 85 411 2085 801 776 2086 247 778 2087 417 765 2088 246 468 2089 801 776 2090 801 776 2091 71 711 2092 245 777 2093 251 244 2094 449 439 2095 47 242 2096 251 244 2097 620 336 2098 802 779 2099 802 779 2100 104 502 2101 512 385 2102 802 779 2103 45 189 2104 449 439 2105 154 241 2106 803 780 2107 624 237 2108 596 179 2109 525 273 2110 803 780 2111 803 780 2112 105 462 2113 260 461 2114 624 237 2115 260 461 2116 96 235 2117 543 452 2118 455 781 2119 68 453 2120 63 782 2121 804 783 2122 543 452 2123 515 784 2124 223 488 2125 804 783 2126 804 783 2127 101 491 2128 455 781 2129 496 400 2130 580 409 2131 28 401 2132 496 400 2133 495 745 2134 805 785 2135 805 785 2136 33 749 2137 429 739 2138 580 409 2139 429 739 2140 32 736 2141 73 251 2142 806 786 2143 440 249 2144 220 611 2145 240 729 2146 806 786 2147 806 786 2148 53 557 2149 379 787 2150 440 249 2151 379 787 2152 51 252 2153 506 617 2154 453 564 2155 92 49 2156 87 574 2157 807 788 2158 506 617 2159 341 789 2160 221 707 2161 807 788 2162 807 788 2163 98 790 2164 453 564 2165 423 791 2166 408 576 2167 167 582 2168 166 792 2169 808 793 2170 423 791 2171 301 61 2172 356 645 2173 808 793 2174 808 793 2175 172 577 2176 408 576 2177 210 552 2178 809 794 2179 407 735 2180 361 551 2181 353 596 2182 809 794 2183 353 596 2184 354 424 2185 809 794 2186 809 794 2187 212 436 2188 407 735 2189 112 126 2190 810 795 2191 281 522 2192 114 413 2193 810 795 2194 222 796 2195 268 412 2196 247 778 2197 810 795 2198 281 522 2199 247 778 2200 90 523 2201 136 363 2202 811 797 2203 516 773 2204 431 365 2205 555 97 2206 811 797 2207 811 797 2208 26 87 2209 492 665 2210 516 773 2211 492 665 2212 143 662 2213 576 132 2214 455 781 2215 101 491 2216 109 129 2217 812 798 2218 576 132 2219 341 789 2220 454 573 2221 812 798 2222 812 798 2223 68 453 2224 455 781 2225 538 715 2226 533 580 2227 200 578 2228 538 715 2229 483 702 2230 813 799 2231 483 702 2232 534 800 2233 813 799 2234 813 799 2235 169 801 2236 533 580 2237 385 123 2238 286 688 2239 115 121 2240 103 128 2241 814 802 2242 385 123 2243 814 802 2244 110 136 2245 287 135 2246 286 688 2247 287 135 2248 99 134 2249 95 803 2250 815 804 2251 334 706 2252 58 675 2253 815 804 2254 289 805 2255 269 529 2256 445 565 2257 815 804 2258 815 804 2259 98 790 2260 334 706 2261 44 650 2262 816 806 2263 511 125 2264 39 288 2265 816 806 2266 416 807 2267 419 771 2268 222 796 2269 816 806 2270 511 125 2271 222 796 2272 112 126 2273 183 34 2274 817 808 2275 315 32 2276 623 592 2277 601 589 2278 817 808 2279 817 808 2280 176 279 2281 479 278 2282 315 32 2283 479 278 2284 178 472 2285 336 809 2286 289 805 2287 95 803 2288 336 809 2289 337 810 2290 818 811 2291 818 811 2292 56 709 2293 333 677 2294 289 805 2295 333 677 2296 58 675 2297 418 812 2298 335 705 2299 110 136 2300 418 812 2301 282 521 2302 819 813 2303 819 813 2304 102 525 2305 336 809 2306 819 813 2307 95 803 2308 335 705 2309 208 637 2310 820 814 2311 264 714 2312 202 547 2313 820 814 2314 304 636 2315 316 695 2316 265 815 2317 820 814 2318 264 714 2319 265 815 2320 198 701 2321 416 807 2322 433 290 2323 39 288 2324 416 807 2325 497 652 2326 821 816 2327 497 652 2328 434 817 2329 821 816 2330 821 816 2331 11 818 2332 433 290 2333 13 183 2334 822 819 2335 413 185 2336 488 762 2337 427 685 2338 822 819 2339 822 819 2340 4 143 2341 266 145 2342 413 185 2343 266 145 2344 14 149 2345 486 294 2346 218 373 2347 179 295 2348 15 300 2349 823 820 2350 486 294 2351 582 639 2352 489 69 2353 823 820 2354 823 820 2355 177 16 2356 218 373 2357 102 525 2358 824 821 2359 337 810 2360 224 524 2361 245 777 2362 824 821 2363 824 821 2364 71 711 2365 338 710 2366 337 810 2367 338 710 2368 56 709 2369 51 252 2370 825 822 2371 330 438 2372 379 787 2373 560 553 2374 825 822 2375 825 822 2376 49 555 2377 368 245 2378 330 438 2379 368 245 2380 47 242 2381 41 287 2382 826 823 2383 377 396 2384 326 286 2385 309 824 2386 826 823 2387 826 823 2388 8 825 2389 217 5 2390 377 396 2391 217 5 2392 40 3 2393 277 0 2394 627 4 2395 435 1 2396 40 3 2397 217 5 2398 627 4 2399 217 5 2400 8 825 2401 392 6 2402 627 4 2403 392 6 2404 6 7 2405 130 8 2406 321 11 2407 628 9 2408 321 11 2409 152 77 2410 253 12 2411 628 9 2412 253 12 2413 132 13 2414 399 10 2415 628 9 2416 344 14 2417 177 16 2418 243 19 2419 629 17 2420 243 19 2421 146 66 2422 319 20 2423 629 17 2424 319 20 2425 19 21 2426 274 18 2427 629 17 2428 241 22 2429 12 24 2430 424 27 2431 630 25 2432 424 27 2433 13 183 2434 275 28 2435 630 25 2436 275 28 2437 24 29 2438 553 26 2439 630 25 2440 494 30 2441 315 32 2442 631 36 2443 474 33 2444 315 32 2445 178 472 2446 261 35 2447 631 36 2448 261 35 2449 181 37 2450 474 33 2451 631 36 2452 237 38 2453 118 40 2454 584 43 2455 632 41 2456 584 43 2457 119 15 2458 344 14 2459 632 41 2460 344 14 2461 132 13 2462 585 42 2463 632 41 2464 457 44 2465 331 46 2466 633 50 2467 369 47 2468 92 49 2469 383 51 2470 633 50 2471 383 51 2472 80 561 2473 442 52 2474 633 50 2475 442 52 2476 82 53 2477 119 15 2478 546 56 2479 634 54 2480 127 55 2481 256 57 2482 634 54 2483 399 10 2484 634 54 2485 256 57 2486 171 58 2487 301 61 2488 635 59 2489 301 61 2490 166 792 2491 549 62 2492 635 59 2493 549 62 2494 164 63 2495 300 60 2496 635 59 2497 607 64 2498 146 66 2499 243 19 2500 636 67 2501 243 19 2502 177 16 2503 489 69 2504 636 67 2505 489 69 2506 5 70 2507 426 68 2508 636 67 2509 255 71 2510 236 73 2511 637 76 2512 469 74 2513 236 73 2514 132 13 2515 253 12 2516 637 76 2517 253 12 2518 152 77 2519 469 74 2520 637 76 2521 235 78 2522 83 80 2523 355 83 2524 638 81 2525 355 83 2526 46 284 2527 499 84 2528 638 81 2529 499 84 2530 31 85 2531 293 82 2532 638 81 2533 430 86 2534 195 88 2535 278 91 2536 639 89 2537 278 91 2538 129 312 2539 446 92 2540 639 89 2541 446 92 2542 97 93 2543 504 90 2544 639 89 2545 284 94 2546 564 96 2547 640 100 2548 555 97 2549 76 99 2550 371 101 2551 640 100 2552 371 101 2553 83 80 2554 293 82 2555 640 100 2556 293 82 2557 26 87 2558 398 102 2559 641 105 2560 517 103 2561 118 40 2562 583 106 2563 641 105 2564 583 106 2565 117 116 2566 254 107 2567 641 105 2568 254 107 2569 124 108 2570 364 109 2571 642 112 2572 466 110 2573 163 111 2574 317 667 2575 642 112 2576 642 112 2577 317 667 2578 194 113 2579 642 112 2580 358 114 2581 197 115 2582 117 116 2583 583 106 2584 643 117 2585 583 106 2586 118 40 2587 585 42 2588 643 117 2589 585 42 2590 128 45 2591 400 118 2592 643 117 2593 518 119 2594 115 121 2595 617 124 2596 644 122 2597 617 124 2598 44 650 2599 511 125 2600 644 122 2601 511 125 2602 112 126 2603 385 123 2604 644 122 2605 386 127 2606 109 129 2607 576 132 2608 645 130 2609 576 132 2610 101 491 2611 567 133 2612 645 130 2613 567 133 2614 99 134 2615 248 131 2616 645 130 2617 287 135 2618 312 137 2619 646 141 2620 370 138 2621 148 140 2622 273 142 2623 646 141 2624 273 142 2625 146 66 2626 426 68 2627 646 141 2628 426 68 2629 21 72 2630 4 143 2631 272 147 2632 647 144 2633 215 146 2634 647 144 2635 272 147 2636 14 149 2637 266 145 2638 647 144 2639 38 2 2640 435 1 2641 648 150 2642 435 1 2643 6 7 2644 362 152 2645 648 150 2646 362 152 2647 116 153 2648 436 151 2649 648 150 2650 414 154 2651 159 156 2652 594 159 2653 649 157 2654 594 159 2655 176 279 2656 523 160 2657 649 157 2658 523 160 2659 175 161 2660 595 158 2661 649 157 2662 405 162 2663 397 164 2664 650 168 2665 465 165 2666 34 167 2667 599 169 2668 650 168 2669 599 169 2670 84 305 2671 527 170 2672 650 168 2673 527 170 2674 91 171 2675 609 172 2676 651 175 2677 288 173 2678 173 65 2679 607 64 2680 651 175 2681 607 64 2682 164 63 2683 592 176 2684 651 175 2685 592 176 2686 94 177 2687 158 163 2688 596 179 2689 652 178 2690 596 179 2691 154 241 2692 480 180 2693 652 178 2694 480 180 2695 156 181 2696 595 158 2697 652 178 2698 297 182 2699 13 183 2700 413 185 2701 653 184 2702 413 185 2703 14 149 2704 366 186 2705 653 184 2706 366 186 2707 22 187 2708 275 28 2709 653 184 2710 542 188 2711 45 189 2712 410 192 2713 654 190 2714 410 192 2715 204 382 2716 276 193 2717 654 190 2718 276 193 2719 199 194 2720 500 191 2721 654 190 2722 558 195 2723 374 197 2724 655 200 2725 294 198 2726 17 199 2727 460 201 2728 655 200 2729 460 201 2730 147 318 2731 404 202 2732 655 200 2733 404 202 2734 144 203 2735 139 204 2736 347 207 2737 656 205 2738 347 207 2739 134 280 2740 345 208 2741 656 205 2742 345 208 2743 141 209 2744 587 206 2745 656 205 2746 258 210 2747 21 72 2748 581 213 2749 657 212 2750 581 213 2751 52 356 2752 314 214 2753 657 212 2754 314 214 2755 100 215 2756 370 138 2757 657 212 2758 610 216 2759 18 148 2760 272 147 2761 658 217 2762 272 147 2763 4 143 2764 216 219 2765 658 217 2766 216 219 2767 20 220 2768 280 218 2769 658 217 2770 267 221 2771 364 109 2772 659 224 2773 420 223 2774 162 39 2775 237 38 2776 659 224 2777 237 38 2778 181 37 2779 296 225 2780 659 224 2781 296 225 2782 180 226 2783 259 227 2784 660 231 2785 328 228 2786 137 230 2787 348 232 2788 660 231 2789 348 232 2790 138 321 2791 591 233 2792 660 231 2793 591 233 2794 150 234 2795 96 235 2796 406 238 2797 661 236 2798 100 215 2799 626 239 2800 661 236 2801 626 239 2802 203 360 2803 536 240 2804 624 237 2805 661 236 2806 536 240 2807 47 242 2808 368 245 2809 662 243 2810 368 245 2811 49 555 2812 389 246 2813 389 246 2814 108 484 2815 448 247 2816 662 243 2817 448 247 2818 106 248 2819 440 249 2820 663 253 2821 378 250 2822 51 252 2823 329 254 2824 663 253 2825 329 254 2826 50 196 2827 279 255 2828 663 253 2829 279 255 2830 72 256 2831 60 257 2832 548 260 2833 664 258 2834 548 260 2835 124 108 2836 254 107 2837 664 258 2838 254 107 2839 117 116 2840 382 259 2841 664 258 2842 458 261 2843 531 263 2844 665 267 2845 490 264 2846 196 266 2847 530 268 2848 665 267 2849 530 268 2850 3 338 2851 313 269 2852 665 267 2853 313 269 2854 34 167 2855 491 270 2856 666 272 2857 405 162 2858 491 270 2859 37 498 2860 257 271 2861 257 271 2862 105 462 2863 525 273 2864 666 272 2865 525 273 2866 158 163 2867 352 274 2868 667 276 2869 594 159 2870 160 275 2871 270 277 2872 667 276 2873 270 277 2874 178 472 2875 479 278 2876 667 276 2877 479 278 2878 176 279 2879 134 280 2880 347 207 2881 668 281 2882 347 207 2883 139 204 2884 346 283 2885 668 281 2886 346 283 2887 46 284 2888 572 282 2889 668 281 2890 355 83 2891 395 285 2892 669 289 2893 326 286 2894 39 288 2895 433 290 2896 669 289 2897 433 290 2898 11 818 2899 327 291 2900 669 289 2901 327 291 2902 10 292 2903 283 293 2904 670 297 2905 486 294 2906 142 296 2907 552 298 2908 670 297 2909 552 298 2910 31 85 2911 324 299 2912 670 297 2913 324 299 2914 15 300 2915 195 88 2916 249 303 2917 671 301 2918 249 303 2919 165 353 2920 441 304 2921 671 301 2922 441 304 2923 91 171 2924 563 302 2925 671 301 2926 527 170 2927 151 229 2928 328 228 2929 672 306 2930 328 228 2931 150 234 2932 350 308 2933 672 306 2934 350 308 2935 121 309 2936 478 307 2937 672 306 2938 472 310 2939 129 312 2940 278 91 2941 673 313 2942 278 91 2943 195 88 2944 563 302 2945 673 313 2946 563 302 2947 84 305 2948 673 313 2949 532 315 2950 86 316 2951 404 202 2952 674 319 2953 402 317 2954 147 318 2955 522 320 2956 674 319 2957 522 320 2958 150 234 2959 591 233 2960 674 319 2961 591 233 2962 138 321 2963 129 312 2964 444 314 2965 675 322 2966 444 314 2967 86 316 2968 384 324 2969 675 322 2970 384 324 2971 70 325 2972 285 323 2973 675 322 2974 598 326 2975 15 300 2976 324 299 2977 676 328 2978 324 299 2979 31 85 2980 499 84 2981 676 328 2982 499 84 2983 46 284 2984 396 329 2985 676 328 2986 214 330 2987 487 331 2988 677 334 2989 290 332 2990 19 21 2991 578 335 2992 677 334 2993 578 335 2994 104 502 2995 620 336 2996 677 334 2997 620 336 2998 106 248 2999 530 268 3000 678 339 3001 403 337 3002 196 266 3003 625 340 3004 678 339 3005 625 340 3006 173 65 3007 609 172 3008 678 339 3009 609 172 3010 0 174 3011 372 341 3012 679 344 3013 359 342 3014 156 181 3015 271 633 3016 679 344 3017 679 344 3018 271 633 3019 205 345 3020 359 342 3021 679 344 3022 360 346 3023 124 108 3024 548 260 3025 680 347 3026 548 260 3027 60 257 3028 214 330 3029 214 330 3030 46 284 3031 346 283 3032 680 347 3033 346 283 3034 139 204 3035 75 349 3036 298 352 3037 681 350 3038 298 352 3039 91 171 3040 441 304 3041 681 350 3042 441 304 3043 165 353 3044 557 351 3045 681 350 3046 498 354 3047 52 356 3048 343 358 3049 682 357 3050 343 358 3051 131 120 3052 363 359 3053 682 357 3054 363 359 3055 203 360 3056 314 214 3057 682 357 3058 626 239 3059 86 316 3060 532 315 3061 683 361 3062 84 305 3063 599 169 3064 683 361 3065 599 169 3066 34 167 3067 313 269 3068 683 361 3069 313 269 3070 3 338 3071 136 363 3072 320 366 3073 684 364 3074 320 366 3075 170 155 3076 232 367 3077 684 364 3078 232 367 3079 42 368 3080 431 365 3081 684 364 3082 242 369 3083 351 370 3084 685 372 3085 322 371 3086 179 295 3087 218 373 3088 685 372 3089 218 373 3090 177 16 3091 274 18 3092 685 372 3093 274 18 3094 1 23 3095 590 374 3096 686 378 3097 589 375 3098 123 377 3099 611 379 3100 686 378 3101 611 379 3102 145 826 3103 295 380 3104 589 375 3105 686 378 3106 295 380 3107 204 382 3108 410 192 3109 687 383 3110 410 192 3111 45 189 3112 512 385 3113 512 385 3114 104 502 3115 545 386 3116 687 383 3117 545 386 3118 148 140 3119 66 387 3120 556 390 3121 688 388 3122 556 390 3123 120 608 3124 521 391 3125 688 388 3126 521 391 3127 147 318 3128 367 389 3129 688 388 3130 460 201 3131 97 93 3132 446 92 3133 689 392 3134 446 92 3135 129 312 3136 285 323 3137 689 392 3138 285 323 3139 193 327 3140 509 393 3141 689 392 3142 570 394 3143 377 396 3144 690 398 3145 342 397 3146 40 3 3147 219 399 3148 690 398 3149 219 399 3150 29 402 3151 496 400 3152 690 398 3153 496 400 3154 28 401 3155 29 402 3156 219 399 3157 691 403 3158 219 399 3159 40 3 3160 277 0 3161 691 403 3162 277 0 3163 38 2 3164 554 404 3165 691 403 3166 476 405 3167 28 401 3168 580 409 3169 692 407 3170 580 409 3171 32 736 3172 394 410 3173 692 407 3174 394 410 3175 85 411 3176 340 408 3177 692 407 3178 268 412 3179 351 370 3180 693 414 3181 283 293 3182 12 24 3183 553 26 3184 693 414 3185 693 414 3186 553 26 3187 30 31 3188 283 293 3189 693 414 3190 415 415 3191 565 416 3192 694 418 3193 498 354 3194 89 417 3195 508 419 3196 694 418 3197 508 419 3198 72 256 3199 438 420 3200 694 418 3201 438 420 3202 126 355 3203 137 230 3204 239 423 3205 695 421 3206 239 423 3207 212 436 3208 354 424 3209 695 421 3210 354 424 3211 186 425 3212 586 422 3213 695 421 3214 238 426 3215 135 211 3216 258 210 3217 696 428 3218 258 210 3219 141 209 3220 401 430 3221 696 428 3222 401 430 3223 140 427 3224 588 429 3225 696 428 3226 519 431 3227 151 229 3228 615 434 3229 697 433 3230 615 434 3231 149 376 3232 608 435 3233 697 433 3234 608 435 3235 212 436 3236 259 227 3237 697 433 3238 239 423 3239 50 196 3240 329 254 3241 698 437 3242 329 254 3243 51 252 3244 330 438 3245 698 437 3246 330 438 3247 47 242 3248 500 191 3249 698 437 3250 449 439 3251 201 440 3252 467 443 3253 699 441 3254 467 443 3255 161 659 3256 550 444 3257 699 441 3258 550 444 3259 174 445 3260 306 442 3261 699 441 3262 535 446 3263 61 448 3264 477 451 3265 700 449 3266 477 451 3267 63 782 3268 543 452 3269 700 449 3270 543 452 3271 68 453 3272 332 450 3273 700 449 3274 447 454 3275 54 456 3276 310 459 3277 701 457 3278 310 459 3279 48 614 3280 622 460 3281 701 457 3282 622 460 3283 96 235 3284 227 458 3285 701 457 3286 260 461 3287 318 463 3288 702 464 3289 558 195 3290 318 463 3291 126 355 3292 438 420 3293 438 420 3294 72 256 3295 279 255 3296 702 464 3297 279 255 3298 50 196 3299 280 218 3300 703 466 3301 339 465 3302 43 222 3303 579 467 3304 703 466 3305 579 467 3306 71 711 3307 246 468 3308 703 466 3309 246 468 3310 79 469 3311 160 275 3312 593 471 3313 704 470 3314 261 35 3315 704 470 3316 593 471 3317 178 472 3318 270 277 3319 704 470 3320 211 79 3321 485 475 3322 705 473 3323 485 475 3324 161 659 3325 484 476 3326 705 473 3327 484 476 3328 163 111 3329 233 474 3330 705 473 3331 420 223 3332 67 455 3333 387 478 3334 706 477 3335 387 478 3336 69 395 3337 568 479 3338 706 477 3339 568 479 3340 59 480 3341 332 450 3342 706 477 3343 618 481 3344 16 333 3345 290 332 3346 707 482 3347 290 332 3348 106 248 3349 448 247 3350 707 482 3351 448 247 3352 108 484 3353 425 483 3354 707 482 3355 450 485 3356 65 486 3357 619 489 3358 708 487 3359 619 489 3360 64 689 3361 569 490 3362 569 490 3363 99 134 3364 567 133 3365 223 488 3366 708 487 3367 567 133 3368 204 382 3369 616 493 3370 709 492 3371 616 493 3372 48 614 3373 310 459 3374 709 492 3375 310 459 3376 54 456 3377 276 193 3378 709 492 3379 439 494 3380 7 166 3381 465 165 3382 710 495 3383 465 165 3384 91 171 3385 298 352 3386 710 495 3387 298 352 3388 75 349 3389 230 496 3390 710 495 3391 462 497 3392 180 226 3393 481 500 3394 711 499 3395 481 500 3396 157 343 3397 359 342 3398 711 499 3399 359 342 3400 206 75 3401 233 474 3402 711 499 3403 469 74 3404 319 20 3405 712 501 3406 578 335 3407 146 66 3408 273 142 3409 712 501 3410 273 142 3411 148 140 3412 545 386 3413 712 501 3414 545 386 3415 104 502 3416 199 194 3417 439 494 3418 713 503 3419 439 494 3420 54 456 3421 501 504 3422 501 504 3423 75 349 3424 557 351 3425 713 503 3426 557 351 3427 126 355 3428 165 353 3429 249 303 3430 714 505 3431 249 303 3432 195 88 3433 504 90 3434 714 505 3435 504 90 3436 81 95 3437 565 416 3438 714 505 3439 562 506 3440 9 507 3441 437 510 3442 715 508 3443 437 510 3444 42 368 3445 232 367 3446 715 508 3447 232 367 3448 170 155 3449 577 509 3450 715 508 3451 414 154 3452 206 75 3453 360 346 3454 716 511 3455 360 346 3456 205 345 3457 540 512 3458 716 511 3459 540 512 3460 128 45 3461 236 73 3462 716 511 3463 457 44 3464 192 513 3465 526 516 3466 717 514 3467 526 516 3468 191 593 3469 308 517 3470 308 517 3471 187 625 3472 605 518 3473 717 514 3474 605 518 3475 188 519 3476 103 128 3477 386 127 3478 718 520 3479 386 127 3480 112 126 3481 281 522 3482 718 520 3483 281 522 3484 90 523 3485 282 521 3486 718 520 3487 224 524 3488 57 526 3489 269 529 3490 719 527 3491 269 529 3492 58 675 3493 451 530 3494 719 527 3495 451 530 3496 77 531 3497 291 528 3498 719 527 3499 502 532 3500 571 534 3501 720 536 3502 387 478 3503 88 535 3504 566 537 3505 720 536 3506 566 537 3507 97 93 3508 509 393 3509 720 536 3510 509 393 3511 69 395 3512 7 166 3513 482 539 3514 721 538 3515 482 539 3516 189 567 3517 603 540 3518 721 538 3519 603 540 3520 184 265 3521 397 164 3522 721 538 3523 490 264 3524 450 485 3525 722 542 3526 267 221 3527 450 485 3528 108 484 3529 513 541 3530 513 541 3531 113 679 3532 225 543 3533 722 542 3534 225 543 3535 43 222 3536 72 256 3537 508 419 3538 723 544 3539 508 419 3540 89 417 3541 507 545 3542 723 544 3543 507 545 3544 82 53 3545 378 250 3546 723 544 3547 561 546 3548 202 547 3549 234 550 3550 724 548 3551 234 550 3552 201 440 3553 306 442 3554 724 548 3555 306 442 3556 190 447 3557 411 549 3558 724 548 3559 361 551 3560 560 553 3561 725 559 3562 503 554 3563 559 556 3564 725 559 3565 560 553 3566 55 558 3567 244 560 3568 725 559 3569 502 532 3570 725 559 3571 244 560 3572 77 531 3573 503 554 3574 725 559 3575 80 561 3576 383 51 3577 726 562 3578 92 49 3579 453 564 3580 726 562 3581 453 564 3582 98 790 3583 445 565 3584 726 562 3585 445 565 3586 57 526 3587 603 540 3588 727 568 3589 262 566 3590 189 567 3591 602 569 3592 727 568 3593 602 569 3594 185 590 3595 597 570 3596 727 568 3597 597 570 3598 192 513 3599 571 534 3600 728 572 3601 510 571 3602 67 455 3603 447 454 3604 728 572 3605 447 454 3606 68 453 3607 454 573 3608 728 572 3609 454 573 3610 87 574 3611 365 575 3612 729 579 3613 408 576 3614 200 578 3615 533 580 3616 729 579 3617 533 580 3618 169 801 3619 409 581 3620 729 579 3621 409 581 3622 167 582 3623 78 533 3624 380 585 3625 730 583 3626 74 584 3627 381 586 3628 730 583 3629 381 586 3630 80 561 3631 452 563 3632 291 528 3633 730 583 3634 452 563 3635 464 587 3636 731 588 3637 602 569 3638 175 161 3639 523 160 3640 731 588 3641 523 160 3642 176 279 3643 601 589 3644 731 588 3645 601 589 3646 185 590 3647 541 591 3648 732 594 3649 623 592 3650 191 593 3651 526 516 3652 732 594 3653 526 516 3654 192 513 3655 597 570 3656 732 594 3657 597 570 3658 185 590 3659 190 447 3660 535 446 3661 733 595 3662 174 445 3663 547 597 3664 733 595 3665 547 597 3666 182 692 3667 600 598 3668 733 595 3669 600 598 3670 186 425 3671 507 545 3672 734 599 3673 369 47 3674 89 417 3675 562 506 3676 734 599 3677 562 506 3678 81 95 3679 505 600 3680 734 599 3681 505 600 3682 93 48 3683 153 381 3684 295 380 3685 735 601 3686 295 380 3687 145 826 3688 539 603 3689 735 601 3690 539 603 3691 209 604 3692 299 602 3693 735 601 3694 305 605 3695 150 234 3696 522 320 3697 736 607 3698 522 320 3699 147 318 3700 521 391 3701 736 607 3702 521 391 3703 120 608 3704 350 308 3705 736 607 3706 612 609 3707 73 251 3708 561 546 3709 737 610 3710 561 546 3711 82 53 3712 442 52 3713 737 610 3714 442 52 3715 80 561 3716 220 611 3717 737 610 3718 381 586 3719 252 384 3720 738 612 3721 616 493 3722 252 384 3723 148 140 3724 312 137 3725 312 137 3726 107 139 3727 303 613 3728 738 612 3729 303 613 3730 48 614 3731 93 48 3732 443 616 3733 739 615 3734 88 535 3735 510 571 3736 739 615 3737 510 571 3738 87 574 3739 506 617 3740 331 46 3741 739 615 3742 506 617 3743 205 345 3744 468 619 3745 740 618 3746 468 619 3747 203 360 3748 363 359 3749 740 618 3750 363 359 3751 131 120 3752 540 512 3753 740 618 3754 518 119 3755 568 479 3756 741 621 3757 544 620 3758 69 395 3759 570 394 3760 741 621 3761 570 394 3762 193 327 3763 573 622 3764 741 621 3765 573 622 3766 155 623 3767 37 498 3768 462 497 3769 742 624 3770 462 497 3771 75 349 3772 501 504 3773 501 504 3774 54 456 3775 227 458 3776 742 624 3777 227 458 3778 105 462 3779 187 625 3780 308 517 3781 743 626 3782 308 517 3783 191 593 3784 475 628 3785 743 626 3786 475 628 3787 197 115 3788 412 627 3789 743 626 3790 228 629 3791 157 343 3792 524 632 3793 744 631 3794 524 632 3795 160 275 3796 352 274 3797 744 631 3798 352 274 3799 159 156 3800 372 341 3801 744 631 3802 297 182 3803 271 633 3804 745 634 3805 468 619 3806 271 633 3807 156 181 3808 480 180 3809 745 634 3810 480 180 3811 154 241 3812 745 634 3813 536 240 3814 203 360 3815 373 635 3816 746 638 3817 304 636 3818 194 113 3819 357 668 3820 746 638 3821 746 638 3822 357 668 3823 201 440 3824 304 636 3825 746 638 3826 234 550 3827 582 639 3828 747 641 3829 463 640 3830 15 300 3831 396 329 3832 747 641 3833 396 329 3834 60 257 3835 382 259 3836 747 641 3837 382 259 3838 25 262 3839 119 15 3840 584 43 3841 748 642 3842 584 43 3843 118 40 3844 398 102 3845 748 642 3846 398 102 3847 125 104 3848 546 56 3849 748 642 3850 456 643 3851 171 58 3852 302 646 3853 749 644 3854 302 646 3855 188 519 3856 605 518 3857 749 644 3858 605 518 3859 187 625 3860 356 645 3861 749 644 3862 421 647 3863 173 65 3864 625 340 3865 750 648 3866 625 340 3867 196 266 3868 604 649 3869 750 648 3870 604 649 3871 188 519 3872 300 60 3873 750 648 3874 302 646 3875 44 650 3876 617 124 3877 751 651 3878 617 124 3879 115 121 3880 514 653 3881 751 651 3882 514 653 3883 111 654 3884 497 652 3885 751 651 3886 391 655 3887 613 657 3888 752 658 3889 235 78 3890 174 445 3891 550 444 3892 752 658 3893 752 658 3894 550 444 3895 161 659 3896 752 658 3897 485 475 3898 211 79 3899 3 338 3900 403 337 3901 753 660 3902 403 337 3903 0 174 3904 606 661 3905 753 660 3906 606 661 3907 70 325 3908 529 362 3909 753 660 3910 384 324 3911 143 662 3912 492 665 3913 754 663 3914 492 665 3915 26 87 3916 430 86 3917 754 663 3918 430 86 3919 31 85 3920 250 664 3921 754 663 3922 552 298 3923 406 238 3924 755 666 3925 610 216 3926 406 238 3927 96 235 3928 622 460 3929 755 666 3930 622 460 3931 48 614 3932 610 216 3933 755 666 3934 303 613 3935 317 667 3936 756 669 3937 357 668 3938 317 667 3939 163 111 3940 484 476 3941 756 669 3942 484 476 3943 161 659 3944 357 668 3945 756 669 3946 467 443 3947 16 333 3948 376 671 3949 757 670 3950 376 671 3951 2 686 3952 375 672 3953 757 670 3954 375 672 3955 1 23 3956 487 331 3957 757 670 3958 241 22 3959 172 577 3960 421 647 3961 758 673 3962 421 647 3963 187 625 3964 412 627 3965 758 673 3966 412 627 3967 207 630 3968 365 575 3969 758 673 3970 537 674 3971 58 675 3972 333 677 3973 759 676 3974 333 677 3975 56 709 3976 574 678 3977 759 676 3978 574 678 3979 113 679 3980 451 530 3981 759 676 3982 390 680 3983 189 567 3984 482 539 3985 760 681 3986 482 539 3987 7 166 3988 230 496 3989 760 681 3990 230 496 3991 37 498 3992 464 587 3993 760 681 3994 491 270 3995 478 307 3996 761 682 3997 615 434 3998 122 311 3999 471 683 4000 761 682 4001 471 683 4002 123 377 4003 590 374 4004 761 682 4005 590 374 4006 149 376 4007 425 483 4008 762 684 4009 376 671 4010 20 220 4011 216 219 4012 762 684 4013 216 219 4014 4 143 4015 427 685 4016 762 684 4017 427 685 4018 2 686 4019 115 121 4020 286 688 4021 763 687 4022 99 134 4023 569 490 4024 763 687 4025 763 687 4026 569 490 4027 64 689 4028 514 653 4029 763 687 4030 575 690 4031 473 691 4032 764 693 4033 321 11 4034 182 692 4035 547 597 4036 764 693 4037 547 597 4038 174 445 4039 613 657 4040 764 693 4041 613 657 4042 152 77 4043 213 606 4044 316 695 4045 765 694 4046 316 695 4047 202 547 4048 411 549 4049 765 694 4050 411 549 4051 210 552 4052 299 602 4053 765 694 4054 229 696 4055 157 343 4056 481 500 4057 766 697 4058 481 500 4059 180 226 4060 296 225 4061 766 697 4062 296 225 4063 181 37 4064 766 697 4065 593 471 4066 160 275 4067 168 698 4068 483 702 4069 767 699 4070 198 701 4071 265 815 4072 767 699 4073 767 699 4074 265 815 4075 213 606 4076 470 700 4077 767 699 4078 305 605 4079 88 535 4080 443 616 4081 768 703 4082 443 616 4083 93 48 4084 505 600 4085 768 703 4086 505 600 4087 81 95 4088 566 537 4089 768 703 4090 284 94 4091 110 136 4092 335 705 4093 769 704 4094 335 705 4095 95 803 4096 334 706 4097 334 706 4098 98 790 4099 221 707 4100 769 704 4101 221 707 4102 109 129 4103 225 543 4104 770 708 4105 579 467 4106 113 679 4107 574 678 4108 770 708 4109 770 708 4110 574 678 4111 56 709 4112 770 708 4113 338 710 4114 71 711 4115 207 630 4116 528 713 4117 771 712 4118 528 713 4119 208 637 4120 264 714 4121 771 712 4122 264 714 4123 198 701 4124 537 674 4125 771 712 4126 538 715 4127 125 104 4128 459 717 4129 772 716 4130 459 717 4131 135 211 4132 588 429 4133 772 716 4134 588 429 4135 133 432 4136 456 643 4137 772 716 4138 621 718 4139 170 155 4140 320 366 4141 773 719 4142 320 366 4143 136 363 4144 432 720 4145 773 719 4146 432 720 4147 35 406 4148 436 151 4149 773 719 4150 476 405 4151 135 211 4152 459 717 4153 774 721 4154 459 717 4155 125 104 4156 517 103 4157 774 721 4158 517 103 4159 124 108 4160 587 206 4161 774 721 4162 292 348 4163 263 515 4164 775 722 4165 262 566 4166 188 519 4167 604 649 4168 775 722 4169 604 649 4170 196 266 4171 531 263 4172 775 722 4173 531 263 4174 184 265 4175 358 114 4176 776 723 4177 228 629 4178 358 114 4179 194 113 4180 373 635 4181 776 723 4182 373 635 4183 208 637 4184 776 723 4185 528 713 4186 207 630 4187 83 80 4188 371 101 4189 777 724 4190 371 101 4191 76 99 4192 294 198 4193 777 724 4194 294 198 4195 144 203 4196 572 282 4197 777 724 4198 349 725 4199 141 209 4200 520 727 4201 778 726 4202 520 727 4203 138 321 4204 348 232 4205 348 232 4206 137 230 4207 586 422 4208 401 430 4209 778 726 4210 586 422 4211 74 584 4212 380 585 4213 779 728 4214 380 585 4215 78 533 4216 244 560 4217 779 728 4218 244 560 4219 55 558 4220 240 729 4221 779 728 4222 559 556 4223 573 622 4224 780 731 4225 311 730 4226 193 327 4227 598 326 4228 780 731 4229 598 326 4230 70 325 4231 388 732 4232 780 731 4233 388 732 4234 62 733 4235 153 381 4236 229 696 4237 781 734 4238 229 696 4239 210 552 4240 407 735 4241 407 735 4242 212 436 4243 608 435 4244 781 734 4245 608 435 4246 149 376 4247 32 736 4248 429 739 4249 782 737 4250 429 739 4251 33 749 4252 428 740 4253 782 737 4254 428 740 4255 24 29 4256 393 738 4257 782 737 4258 542 188 4259 9 507 4260 307 742 4261 783 741 4262 307 742 4263 66 387 4264 367 389 4265 783 741 4266 367 389 4267 17 199 4268 437 510 4269 783 741 4270 461 743 4271 29 402 4272 554 404 4273 784 744 4274 554 404 4275 35 406 4276 325 746 4277 784 744 4278 325 746 4279 23 747 4280 495 745 4281 784 744 4282 551 748 4283 49 555 4284 503 554 4285 785 750 4286 77 531 4287 390 680 4288 785 750 4289 390 680 4290 113 679 4291 513 541 4292 785 750 4293 513 541 4294 108 484 4295 5 70 4296 463 640 4297 786 751 4298 463 640 4299 25 262 4300 231 752 4301 786 751 4302 231 752 4303 52 356 4304 255 71 4305 786 751 4306 581 213 4307 400 118 4308 787 753 4309 458 261 4310 131 120 4311 343 358 4312 787 753 4313 343 358 4314 52 356 4315 231 752 4316 787 753 4317 231 752 4318 25 262 4319 42 368 4320 461 743 4321 788 754 4322 461 743 4323 17 199 4324 374 197 4325 788 754 4326 374 197 4327 76 99 4328 242 369 4329 788 754 4330 564 96 4331 493 755 4332 789 756 4333 551 748 4334 30 31 4335 494 30 4336 789 756 4337 494 30 4338 24 29 4339 428 740 4340 789 756 4341 428 740 4342 33 749 4343 250 664 4344 790 758 4345 323 757 4346 142 296 4347 415 415 4348 790 758 4349 415 415 4350 30 31 4351 493 755 4352 790 758 4353 493 755 4354 23 747 4355 0 174 4356 288 173 4357 791 759 4358 288 173 4359 94 177 4360 422 760 4361 791 759 4362 422 760 4363 62 733 4364 606 661 4365 791 759 4366 388 732 4367 12 24 4368 322 371 4369 792 761 4370 322 371 4371 1 23 4372 375 672 4373 792 761 4374 375 672 4375 2 686 4376 424 27 4377 792 761 4378 488 762 4379 18 148 4380 339 465 4381 793 763 4382 339 465 4383 79 469 4384 226 764 4385 226 764 4386 22 187 4387 366 186 4388 215 146 4389 793 763 4390 366 186 4391 394 410 4392 794 766 4393 417 765 4394 32 736 4395 393 738 4396 794 766 4397 794 766 4398 393 738 4399 22 187 4400 794 766 4401 226 764 4402 79 469 4403 133 432 4404 519 431 4405 795 767 4406 140 427 4407 238 426 4408 795 767 4409 238 426 4410 186 425 4411 600 598 4412 795 767 4413 600 598 4414 182 692 4415 621 718 4416 796 769 4417 256 57 4418 621 718 4419 133 432 4420 614 768 4421 614 768 4422 182 692 4423 473 691 4424 796 769 4425 473 691 4426 130 8 4427 340 408 4428 797 770 4429 342 397 4430 114 413 4431 419 771 4432 797 770 4433 419 771 4434 39 288 4435 395 285 4436 797 770 4437 395 285 4438 41 287 4439 35 406 4440 432 720 4441 798 772 4442 432 720 4443 136 363 4444 516 773 4445 798 772 4446 516 773 4447 143 662 4448 325 746 4449 798 772 4450 323 757 4451 134 280 4452 349 725 4453 799 774 4454 349 725 4455 144 203 4456 402 317 4457 799 774 4458 402 317 4459 138 321 4460 345 208 4461 799 774 4462 520 727 4463 191 593 4464 541 591 4465 800 775 4466 183 34 4467 474 33 4468 800 775 4469 800 775 4470 474 33 4471 162 39 4472 475 628 4473 800 775 4474 466 110 4475 90 523 4476 247 778 4477 801 776 4478 85 411 4479 417 765 4480 801 776 4481 417 765 4482 79 469 4483 246 468 4484 801 776 4485 246 468 4486 71 711 4487 251 244 4488 802 779 4489 449 439 4490 251 244 4491 106 248 4492 620 336 4493 802 779 4494 620 336 4495 104 502 4496 802 779 4497 512 385 4498 45 189 4499 154 241 4500 596 179 4501 803 780 4502 596 179 4503 158 163 4504 525 273 4505 803 780 4506 525 273 4507 105 462 4508 624 237 4509 803 780 4510 260 461 4511 543 452 4512 804 783 4513 455 781 4514 63 782 4515 515 784 4516 804 783 4517 515 784 4518 65 486 4519 223 488 4520 804 783 4521 223 488 4522 101 491 4523 496 400 4524 805 785 4525 580 409 4526 496 400 4527 29 402 4528 495 745 4529 805 785 4530 495 745 4531 33 749 4532 580 409 4533 805 785 4534 429 739 4535 73 251 4536 220 611 4537 806 786 4538 220 611 4539 74 584 4540 240 729 4541 806 786 4542 240 729 4543 53 557 4544 440 249 4545 806 786 4546 379 787 4547 506 617 4548 807 788 4549 453 564 4550 87 574 4551 341 789 4552 807 788 4553 341 789 4554 109 129 4555 221 707 4556 807 788 4557 221 707 4558 98 790 4559 423 791 4560 808 793 4561 408 576 4562 166 792 4563 301 61 4564 808 793 4565 301 61 4566 171 58 4567 356 645 4568 808 793 4569 356 645 4570 172 577 4571 210 552 4572 361 551 4573 809 794 4574 361 551 4575 190 447 4576 353 596 4577 353 596 4578 186 425 4579 354 424 4580 809 794 4581 354 424 4582 212 436 4583 112 126 4584 222 796 4585 810 795 4586 114 413 4587 268 412 4588 810 795 4589 268 412 4590 85 411 4591 247 778 4592 281 522 4593 810 795 4594 247 778 4595 136 363 4596 431 365 4597 811 797 4598 431 365 4599 27 98 4600 555 97 4601 811 797 4602 555 97 4603 26 87 4604 516 773 4605 811 797 4606 492 665 4607 576 132 4608 812 798 4609 455 781 4610 109 129 4611 341 789 4612 812 798 4613 341 789 4614 87 574 4615 454 573 4616 812 798 4617 454 573 4618 68 453 4619 538 715 4620 813 799 4621 533 580 4622 538 715 4623 198 701 4624 483 702 4625 483 702 4626 168 698 4627 534 800 4628 813 799 4629 534 800 4630 169 801 4631 385 123 4632 814 802 4633 286 688 4634 103 128 4635 418 812 4636 814 802 4637 814 802 4638 418 812 4639 110 136 4640 286 688 4641 814 802 4642 287 135 4643 95 803 4644 289 805 4645 815 804 4646 58 675 4647 269 529 4648 815 804 4649 269 529 4650 57 526 4651 445 565 4652 815 804 4653 445 565 4654 98 790 4655 44 650 4656 416 807 4657 816 806 4658 39 288 4659 419 771 4660 816 806 4661 419 771 4662 114 413 4663 222 796 4664 511 125 4665 816 806 4666 222 796 4667 183 34 4668 623 592 4669 817 808 4670 623 592 4671 185 590 4672 601 589 4673 817 808 4674 601 589 4675 176 279 4676 315 32 4677 817 808 4678 479 278 4679 336 809 4680 818 811 4681 289 805 4682 336 809 4683 102 525 4684 337 810 4685 818 811 4686 337 810 4687 56 709 4688 289 805 4689 818 811 4690 333 677 4691 418 812 4692 819 813 4693 335 705 4694 418 812 4695 103 128 4696 282 521 4697 819 813 4698 282 521 4699 102 525 4700 819 813 4701 336 809 4702 95 803 4703 208 637 4704 304 636 4705 820 814 4706 202 547 4707 316 695 4708 820 814 4709 316 695 4710 213 606 4711 265 815 4712 264 714 4713 820 814 4714 265 815 4715 416 807 4716 821 816 4717 433 290 4718 416 807 4719 44 650 4720 497 652 4721 497 652 4722 36 656 4723 434 817 4724 821 816 4725 434 817 4726 11 818 4727 13 183 4728 488 762 4729 822 819 4730 488 762 4731 2 686 4732 427 685 4733 822 819 4734 427 685 4735 4 143 4736 413 185 4737 822 819 4738 266 145 4739 486 294 4740 823 820 4741 218 373 4742 15 300 4743 582 639 4744 823 820 4745 582 639 4746 5 70 4747 489 69 4748 823 820 4749 489 69 4750 177 16 4751 102 525 4752 224 524 4753 824 821 4754 224 524 4755 90 523 4756 245 777 4757 824 821 4758 245 777 4759 71 711 4760 337 810 4761 824 821 4762 338 710 4763 51 252 4764 379 787 4765 825 822 4766 379 787 4767 53 557 4768 560 553 4769 825 822 4770 560 553 4771 49 555 4772 330 438 4773 825 822 4774 368 245 4775 41 287 4776 326 286 4777 826 823 4778 326 286 4779 10 292 4780 309 824 4781 826 823 4782 309 824 4783 8 825 4784 377 396 4785 826 823 4786 217 5 4787</p>
        </triangles>
      </mesh>
    </geometry>
  </library_geometries>
  <library_visual_scenes>
    <visual_scene id="Scene" name="Scene">
      <node id="bug_headlight_R_lid_animated" name="bug_headlight_R_lid_animated" type="NODE">
        <matrix sid="transform">1 0 0 -0.5 0 1 0 -1.616924 0 0 1 0.6250165 0 0 0 1</matrix>
        <instance_geometry url="#bug_headlight_R_lid_animated-mesh" name="bug_headlight_R_lid_animated">
          <bind_material>
            <technique_common>
              <instance_material symbol="bug_aluminum-material" target="#bug_aluminum-material">
                <bind_vertex_input semantic="headlightl_a-mesh-map-0" input_semantic="TEXCOORD" input_set="0"/>
              </instance_material>
            </technique_common>
          </bind_material>
        </instance_geometry>
      </node>
      <node id="bug_headlight_L_lid_animated" name="bug_headlight_L_lid_animated" type="NODE">
        <matrix sid="transform">1 0 0 0.5 0 1 0 -1.616924 0 0 1 0.6250165 0 0 0 1</matrix>
        <instance_geometry url="#bug_headlight_L_lid_animated-mesh" name="bug_headlight_L_lid_animated">
          <bind_material>
            <technique_common>
              <instance_material symbol="bug_aluminum-material" target="#bug_aluminum-material">
                <bind_vertex_input semantic="headlightl_a-mesh-map-0" input_semantic="TEXCOORD" input_set="0"/>
              </instance_material>
            </technique_common>
          </bind_material>
        </instance_geometry>
      </node>
    </visual_scene>
  </library_visual_scenes>
  <scene>
    <instance_visual_scene url="#Scene"/>
  </scene>
</COLLADA>