<?xml version="1.0" encoding="utf-8"?>
<COLLADA xmlns="http://www.collada.org/2005/11/COLLADASchema" version="1.4.1" xmlns:xsi="http://www.w3.org/2001/XMLSchema-instance">
  <asset>
    <contributor>
      <author>Blender User</author>
      <authoring_tool>Blender 3.1.0 commit date:2022-03-08, commit time:18:16, hash:c77597cd0e15</authoring_tool>
    </contributor>
    <created>2023-04-15T21:15:40</created>
    <modified>2023-04-15T21:15:40</modified>
    <unit name="meter" meter="1"/>
    <up_axis>Z_UP</up_axis>
  </asset>
  <library_effects>
    <effect id="bug_interior_metal_gray-effect">
      <profile_COMMON>
        <technique sid="common">
          <lambert>
            <emission>
              <color sid="emission">0 0 0 1</color>
            </emission>
            <diffuse>
              <color sid="diffuse">0.4341539 0.4341538 0.4341538 1</color>
            </diffuse>
            <reflectivity>
              <float sid="specular">1</float>
            </reflectivity>
            <index_of_refraction>
              <float sid="ior">1.45</float>
            </index_of_refraction>
          </lambert>
        </technique>
      </profile_COMMON>
    </effect>
    <effect id="bug_gascap-effect">
      <profile_COMMON>
        <technique sid="common">
          <lambert>
            <emission>
              <color sid="emission">0 0 0 1</color>
            </emission>
            <diffuse>
              <color sid="diffuse">0.64 0.64 0.64 1</color>
            </diffuse>
            <reflectivity>
              <float sid="specular">1</float>
            </reflectivity>
            <index_of_refraction>
              <float sid="ior">1</float>
            </index_of_refraction>
          </lambert>
        </technique>
      </profile_COMMON>
    </effect>
    <effect id="bug_chrome-effect">
      <profile_COMMON>
        <technique sid="common">
          <lambert>
            <emission>
              <color sid="emission">0 0 0 1</color>
            </emission>
            <diffuse>
              <color sid="diffuse">0.4396572 0.4507859 0.4232677 1</color>
            </diffuse>
            <reflectivity>
              <float sid="specular">1</float>
            </reflectivity>
            <index_of_refraction>
              <float sid="ior">1</float>
            </index_of_refraction>
          </lambert>
        </technique>
      </profile_COMMON>
    </effect>
    <effect id="bug_spoilerR-effect">
      <profile_COMMON>
        <technique sid="common">
          <lambert>
            <emission>
              <color sid="emission">0 0 0 1</color>
            </emission>
            <diffuse>
              <color sid="diffuse">0.004616403 0.004616403 0.004616403 1</color>
            </diffuse>
            <index_of_refraction>
              <float sid="ior">1</float>
            </index_of_refraction>
          </lambert>
        </technique>
      </profile_COMMON>
    </effect>
    <effect id="bug_spoilerF-effect">
      <profile_COMMON>
        <technique sid="common">
          <lambert>
            <emission>
              <color sid="emission">0 0 0 1</color>
            </emission>
            <diffuse>
              <color sid="diffuse">0.004616403 0.004616403 0.004616403 1</color>
            </diffuse>
            <index_of_refraction>
              <float sid="ior">1</float>
            </index_of_refraction>
          </lambert>
        </technique>
      </profile_COMMON>
    </effect>
    <effect id="bug_foglight_carello-effect">
      <profile_COMMON>
        <newparam sid="foglight_carello_png-surface">
          <surface type="2D">
            <init_from>foglight_carello_png</init_from>
          </surface>
        </newparam>
        <newparam sid="foglight_carello_png-sampler">
          <sampler2D>
            <source>foglight_carello_png-surface</source>
          </sampler2D>
        </newparam>
        <technique sid="common">
          <lambert>
            <emission>
              <color sid="emission">0 0 0 1</color>
            </emission>
            <diffuse>
              <texture texture="foglight_carello_png-sampler" texcoord="ID465_001-mesh-map-0"/>
            </diffuse>
            <index_of_refraction>
              <float sid="ior">1</float>
            </index_of_refraction>
          </lambert>
        </technique>
      </profile_COMMON>
    </effect>
    <effect id="bug_tape-effect">
      <profile_COMMON>
        <technique sid="common">
          <lambert>
            <emission>
              <color sid="emission">0 0 0 1</color>
            </emission>
            <diffuse>
              <color sid="diffuse">0.02197916 0.02197916 0.02197916 1</color>
            </diffuse>
            <reflectivity>
              <float sid="specular">0.5</float>
            </reflectivity>
          </lambert>
        </technique>
      </profile_COMMON>
    </effect>
  </library_effects>
  <library_images>
    <image id="foglight_carello_png" name="foglight_carello_png">
      <init_from>foglight_carello.png</init_from>
    </image>
  </library_images>
  <library_materials>
    <material id="bug_interior_metal_gray-material" name="bug_interior_metal_gray">
      <instance_effect url="#bug_interior_metal_gray-effect"/>
    </material>
    <material id="bug_gascap-material" name="bug_gascap">
      <instance_effect url="#bug_gascap-effect"/>
    </material>
    <material id="bug_chrome-material" name="bug_chrome">
      <instance_effect url="#bug_chrome-effect"/>
    </material>
    <material id="bug_spoilerR-material" name="bug_spoilerR">
      <instance_effect url="#bug_spoilerR-effect"/>
    </material>
    <material id="bug_spoilerF-material" name="bug_spoilerF">
      <instance_effect url="#bug_spoilerF-effect"/>
    </material>
    <material id="bug_foglight_carello-material" name="bug_foglight_carello">
      <instance_effect url="#bug_foglight_carello-effect"/>
    </material>
    <material id="bug_tape-material" name="bug_tape">
      <instance_effect url="#bug_tape-effect"/>
    </material>
  </library_materials>
  <library_geometries>
    <geometry id="rollbar_mc-mesh" name="rollbar_mc">
      <mesh>
        <source id="rollbar_mc-mesh-positions">
          <float_array id="rollbar_mc-mesh-positions-array" count="1320">-0.5705021 0.3588898 0.3199237 -0.5204321 0.3439789 1.258464 -0.5641086 0.3578773 0.3199076 -0.5140386 0.3429664 1.258448 -0.5583409 0.3549389 0.3198609 -0.5082709 0.3400279 1.258401 -0.5537636 0.3503622 0.3197882 -0.5036936 0.3354513 1.258328 -0.5508248 0.3445952 0.3196966 -0.5007548 0.3296843 1.258237 -0.5498121 0.3382025 0.319595 -0.4997422 0.3232915 1.258135 -0.5508248 0.3318097 0.3194934 -0.5007548 0.3168988 1.258033 -0.5537636 0.3260428 0.3194018 -0.5036936 0.3111318 1.257942 -0.5583409 0.3214661 0.3193291 -0.5082709 0.3065552 1.257869 -0.5641086 0.3185276 0.3192824 -0.5140386 0.3036168 1.257822 -0.5705021 0.3175151 0.3192663 -0.5204321 0.3026042 1.257806 -0.5768957 0.3185276 0.3192824 -0.5268257 0.3036168 1.257822 -0.5826633 0.3214661 0.3193291 -0.5325934 0.3065552 1.257869 -0.5872406 0.3260428 0.3194018 -0.5371707 0.3111318 1.257942 -0.5901794 0.3318098 0.3194934 -0.5401094 0.3168988 1.258033 -0.591192 0.3382025 0.319595 -0.5411221 0.3232915 1.258135 -0.5901793 0.3445952 0.3196966 -0.5401094 0.3296843 1.258237 -0.5872406 0.3503623 0.3197882 -0.5371707 0.3354513 1.258328 -0.5826633 0.3549389 0.3198609 -0.5325934 0.3400279 1.258401 -0.5768956 0.3578773 0.3199076 -0.5268257 0.3429664 1.258448 -0.5066033 0.3424814 1.288972 -0.5125698 0.3434574 1.291285 -0.5012207 0.3395759 1.286853 -0.4969491 0.3350254 1.285136 -0.4942066 0.3292751 1.283988 -0.4932616 0.3228882 1.283523 -0.4942066 0.3164897 1.283785 -0.4969491 0.310706 1.284749 -0.5012207 0.3061031 1.286321 -0.5066033 0.3031318 1.288347 -0.5125698 0.3020828 1.290627 -0.5185363 0.3030588 1.29294 -0.5239189 0.3059643 1.29506 -0.5281904 0.3105149 1.296777 -0.5309329 0.3162651 1.297924 -0.5318779 0.3226521 1.29839 -0.5309329 0.3290506 1.298127 -0.5281904 0.3348343 1.297163 -0.5239188 0.3394371 1.295591 -0.5185362 0.3424084 1.293566 -0.4845048 0.3420019 1.319156 -0.4891239 0.3429442 1.323592 -0.4803377 0.3391268 1.315122 -0.4770308 0.3346003 1.311885 -0.4749075 0.3288657 1.309762 -0.474176 0.3224841 1.30896 -0.4749075 0.3160802 1.309558 -0.4770308 0.310281 1.311498 -0.4803377 0.305654 1.31459 -0.4845048 0.3026522 1.318531 -0.4891239 0.3015695 1.322934 -0.4937431 0.3025118 1.32737 -0.4979102 0.3053869 1.331404 -0.501217 0.3099133 1.334641 -0.5033403 0.315648 1.336765 -0.504072 0.3220296 1.337566 -0.5033403 0.3284335 1.336968 -0.501217 0.3342327 1.335028 -0.4979101 0.3388596 1.331936 -0.4937431 0.3418614 1.327996 -0.4511429 0.3416863 1.33902 -0.4534117 0.3426038 1.345013 -0.4490961 0.3388335 1.333582 -0.4474717 0.3343248 1.32923 -0.4464289 0.3286015 1.326391 -0.4460695 0.3222238 1.325343 -0.4464289 0.315816 1.326188 -0.4474717 0.3100054 1.328844 -0.4490961 0.3053607 1.33305 -0.4511428 0.3023366 1.338395 -0.4534117 0.3012292 1.344356 -0.4556806 0.3021467 1.350348 -0.4577274 0.3049995 1.355787 -0.4593517 0.3095082 1.360138 -0.4603945 0.3152315 1.362977 -0.4607539 0.3216092 1.364025 -0.4603945 0.328017 1.36318 -0.4593517 0.3338276 1.360525 -0.4577273 0.3384723 1.356318 -0.4556805 0.3414964 1.350974 -0.4177106 0.3416589 1.340742 -0.4177106 0.3425698 1.347151 -0.4177106 0.3388121 1.334929 -0.4177106 0.3343081 1.33028 -0.4177106 0.3285878 1.32725 -0.4177106 0.3222112 1.326135 -0.4177106 0.3158024 1.327046 -0.4177106 0.3099887 1.329893 -0.4177106 0.3053393 1.334397 -0.4177106 0.3023093 1.340117 -0.4177106 0.3011952 1.346494 -0.4177106 0.3021062 1.352903 -0.4177106 0.3049529 1.358716 -0.4177106 0.309457 1.363366 -0.4177106 0.3151773 1.366396 -0.4177106 0.3215539 1.36751 -0.4177106 0.3279627 1.366599 -0.4177106 0.3337764 1.363752 -0.4177106 0.3384257 1.359248 -0.4177106 0.3414558 1.353528 7.86113e-4 0.3416589 1.340742 7.86113e-4 0.3425698 1.347151 7.86113e-4 0.3388121 1.334929 7.86113e-4 0.3343082 1.33028 7.86113e-4 0.3285878 1.32725 7.86113e-4 0.3222112 1.326135 7.86113e-4 0.3158024 1.327046 7.86113e-4 0.3099887 1.329893 7.86113e-4 0.3053393 1.334397 7.86113e-4 0.3023093 1.340117 7.86113e-4 0.3011952 1.346494 7.86113e-4 0.3021062 1.352903 7.86113e-4 0.3049529 1.358716 7.86113e-4 0.309457 1.363366 7.86113e-4 0.3151773 1.366396 7.86113e-4 0.3215539 1.36751 7.86113e-4 0.3279627 1.366599 7.86113e-4 0.3337764 1.363752 7.86113e-4 0.3384257 1.359248 7.86113e-4 0.3414558 1.353528 -0.4797919 0.3386338 1.346153 -0.476685 0.3416467 1.34151 -0.4766851 0.3022971 1.340885 -0.479792 0.305161 1.345621 -0.4626415 0.3287014 1.320102 -0.462096 0.3223217 1.319177 -0.4732411 0.3427418 1.336328 -0.4822576 0.3096786 1.349415 -0.4626415 0.315916 1.319899 -0.4838406 0.3154076 1.351896 -0.4642245 0.310111 1.322197 -0.4843862 0.3217872 1.352821 -0.4666902 0.3054752 1.325846 -0.4697971 0.3418119 1.331114 -0.4838406 0.3281931 1.3521 -0.469797 0.3024623 1.330488 -0.4666902 0.338948 1.326377 -0.4822576 0.333998 1.349802 -0.4732411 0.3013672 1.335671 -0.4642245 0.3344304 1.322583 -0.5194738 0.3159191 1.319706 -0.5203121 0.3223033 1.32034 -0.4893271 0.3104559 1.300485 -0.4931164 0.305841 1.302817 -0.503184 0.3431633 1.3098 -0.4978911 0.3422041 1.306425 -0.5194737 0.3287045 1.319909 -0.4978911 0.3028545 1.3058 -0.4931164 0.3393138 1.303349 -0.5170409 0.334496 1.318457 -0.5031841 0.3017886 1.309143 -0.4893271 0.3347753 1.300872 -0.5132516 0.3391109 1.316125 -0.5084769 0.3027478 1.312517 -0.4868943 0.3290329 1.299236 -0.5084769 0.3420974 1.313142 -0.5132517 0.3056381 1.315594 -0.486056 0.3226487 1.298603 -0.5170409 0.3101766 1.318071 -0.4868943 0.3162475 1.299033 -0.537429 0.316582 1.277979 -0.5384077 0.3229718 1.278262 -0.5245887 0.3426874 1.276007 -0.5184087 0.3437182 1.274874 -0.5066536 0.3398019 1.272627 -0.5022291 0.3352383 1.271732 -0.5022291 0.3109189 1.271345 -0.5066536 0.3063291 1.272095 -0.5122286 0.3427239 1.27371 -0.5301638 0.3062597 1.276464 -0.5345882 0.3108233 1.277359 -0.5345882 0.3351428 1.277746 -0.5301638 0.3397325 1.276996 -0.4984097 0.3230899 1.270829 -0.4993885 0.3166943 1.270909 -0.5184087 0.3023435 1.274217 -0.5245887 0.3033378 1.275381 -0.5374289 0.3293675 1.278182 -0.4993884 0.3294797 1.271112 -0.5122286 0.3033743 1.273084 -0.5705021 0.3481568 0.9954933 -0.5641086 0.3471443 0.9954772 -0.5583409 0.3442059 0.9954305 -0.5537636 0.3396291 0.9953579 -0.5508248 0.3338622 0.9952661 -0.5498121 0.3274694 0.9951645 -0.5508248 0.3210767 0.9950631 -0.5537636 0.3153098 0.9949713 -0.5583409 0.3107331 0.9948987 -0.5641086 0.3077946 0.994852 -0.5705021 0.3067821 0.9948359 -0.5768957 0.3077946 0.994852 -0.5826633 0.3107331 0.9948987 -0.5872406 0.3153098 0.9949713 -0.5901794 0.3210768 0.9950631 -0.591192 0.3274695 0.9951645 -0.5901793 0.3338622 0.9952661 -0.5872406 0.3396292 0.9953579 -0.5826633 0.3442059 0.9954305 -0.5768956 0.3471443 0.9954772 0.5705021 0.3588898 0.3199237 0.5204321 0.3439789 1.258464 0.5641086 0.3578773 0.3199076 0.5140386 0.3429664 1.258448 0.5583409 0.3549389 0.3198609 0.5082709 0.3400279 1.258401 0.5537636 0.3503622 0.3197882 0.5036936 0.3354513 1.258328 0.5508248 0.3445952 0.3196966 0.5007548 0.3296843 1.258237 0.5498121 0.3382025 0.319595 0.4997422 0.3232915 1.258135 0.5508248 0.3318097 0.3194934 0.5007548 0.3168988 1.258033 0.5537636 0.3260428 0.3194018 0.5036936 0.3111318 1.257942 0.5583409 0.3214661 0.3193291 0.5082709 0.3065552 1.257869 0.5641086 0.3185276 0.3192824 0.5140386 0.3036168 1.257822 0.5705021 0.3175151 0.3192663 0.5204321 0.3026042 1.257806 0.5768957 0.3185276 0.3192824 0.5268257 0.3036168 1.257822 0.5826633 0.3214661 0.3193291 0.5325934 0.3065552 1.257869 0.5872406 0.3260428 0.3194018 0.5371707 0.3111318 1.257942 0.5901794 0.3318098 0.3194934 0.5401094 0.3168988 1.258033 0.591192 0.3382025 0.319595 0.5411221 0.3232915 1.258135 0.5901793 0.3445952 0.3196966 0.5401094 0.3296843 1.258237 0.5872406 0.3503623 0.3197882 0.5371707 0.3354513 1.258328 0.5826633 0.3549389 0.3198609 0.5325934 0.3400279 1.258401 0.5768956 0.3578773 0.3199076 0.5268257 0.3429664 1.258448 0.5066033 0.3424814 1.288972 0.5125698 0.3434574 1.291285 0.5012207 0.3395759 1.286853 0.4969491 0.3350254 1.285136 0.4942066 0.3292751 1.283988 0.4932616 0.3228882 1.283523 0.4942066 0.3164897 1.283785 0.4969491 0.310706 1.284749 0.5012207 0.3061031 1.286321 0.5066033 0.3031318 1.288347 0.5125698 0.3020828 1.290627 0.5185363 0.3030588 1.29294 0.5239189 0.3059643 1.29506 0.5281904 0.3105149 1.296777 0.5309329 0.3162651 1.297924 0.5318779 0.3226521 1.29839 0.5309329 0.3290506 1.298127 0.5281904 0.3348343 1.297163 0.5239188 0.3394371 1.295591 0.5185362 0.3424084 1.293566 0.4845048 0.3420019 1.319156 0.4891239 0.3429442 1.323592 0.4803377 0.3391268 1.315122 0.4770308 0.3346003 1.311885 0.4749075 0.3288657 1.309762 0.474176 0.3224841 1.30896 0.4749075 0.3160802 1.309558 0.4770308 0.310281 1.311498 0.4803377 0.305654 1.31459 0.4845048 0.3026522 1.318531 0.4891239 0.3015695 1.322934 0.4937431 0.3025118 1.32737 0.4979102 0.3053869 1.331404 0.501217 0.3099133 1.334641 0.5033403 0.315648 1.336765 0.504072 0.3220296 1.337566 0.5033403 0.3284335 1.336968 0.501217 0.3342327 1.335028 0.4979101 0.3388596 1.331936 0.4937431 0.3418614 1.327996 0.4511429 0.3416863 1.33902 0.4534117 0.3426038 1.345013 0.4490961 0.3388335 1.333582 0.4474717 0.3343248 1.32923 0.4464289 0.3286015 1.326391 0.4460695 0.3222238 1.325343 0.4464289 0.315816 1.326188 0.4474717 0.3100054 1.328844 0.4490961 0.3053607 1.33305 0.4511428 0.3023366 1.338395 0.4534117 0.3012292 1.344356 0.4556806 0.3021467 1.350348 0.4577274 0.3049995 1.355787 0.4593517 0.3095082 1.360138 0.4603945 0.3152315 1.362977 0.4607539 0.3216092 1.364025 0.4603945 0.328017 1.36318 0.4593517 0.3338276 1.360525 0.4577273 0.3384723 1.356318 0.4556805 0.3414964 1.350974 0.4177106 0.3416589 1.340742 0.4177106 0.3425698 1.347151 0.4177106 0.3388121 1.334929 0.4177106 0.3343081 1.33028 0.4177106 0.3285878 1.32725 0.4177106 0.3222112 1.326135 0.4177106 0.3158024 1.327046 0.4177106 0.3099887 1.329893 0.4177106 0.3053393 1.334397 0.4177106 0.3023093 1.340117 0.4177106 0.3011952 1.346494 0.4177106 0.3021062 1.352903 0.4177106 0.3049529 1.358716 0.4177106 0.309457 1.363366 0.4177106 0.3151773 1.366396 0.4177106 0.3215539 1.36751 0.4177106 0.3279627 1.366599 0.4177106 0.3337764 1.363752 0.4177106 0.3384257 1.359248 0.4177106 0.3414558 1.353528 -7.86113e-4 0.3416589 1.340742 -7.86113e-4 0.3425698 1.347151 -7.86113e-4 0.3388121 1.334929 -7.86113e-4 0.3343082 1.33028 -7.86113e-4 0.3285878 1.32725 -7.86113e-4 0.3222112 1.326135 -7.86113e-4 0.3158024 1.327046 -7.86113e-4 0.3099887 1.329893 -7.86113e-4 0.3053393 1.334397 -7.86113e-4 0.3023093 1.340117 -7.86113e-4 0.3011952 1.346494 -7.86113e-4 0.3021062 1.352903 -7.86113e-4 0.3049529 1.358716 -7.86113e-4 0.309457 1.363366 -7.86113e-4 0.3151773 1.366396 -7.86113e-4 0.3215539 1.36751 -7.86113e-4 0.3279627 1.366599 -7.86113e-4 0.3337764 1.363752 -7.86113e-4 0.3384257 1.359248 -7.86113e-4 0.3414558 1.353528 0.4797919 0.3386338 1.346153 0.476685 0.3416467 1.34151 0.4766851 0.3022971 1.340885 0.479792 0.305161 1.345621 0.4626415 0.3287014 1.320102 0.462096 0.3223217 1.319177 0.4732411 0.3427418 1.336328 0.4822576 0.3096786 1.349415 0.4626415 0.315916 1.319899 0.4838406 0.3154076 1.351896 0.4642245 0.310111 1.322197 0.4843862 0.3217872 1.352821 0.4666902 0.3054752 1.325846 0.4697971 0.3418119 1.331114 0.4838406 0.3281931 1.3521 0.469797 0.3024623 1.330488 0.4666902 0.338948 1.326377 0.4822576 0.333998 1.349802 0.4732411 0.3013672 1.335671 0.4642245 0.3344304 1.322583 0.5194738 0.3159191 1.319706 0.5203121 0.3223033 1.32034 0.4893271 0.3104559 1.300485 0.4931164 0.305841 1.302817 0.503184 0.3431633 1.3098 0.4978911 0.3422041 1.306425 0.5194737 0.3287045 1.319909 0.4978911 0.3028545 1.3058 0.4931164 0.3393138 1.303349 0.5170409 0.334496 1.318457 0.5031841 0.3017886 1.309143 0.4893271 0.3347753 1.300872 0.5132516 0.3391109 1.316125 0.5084769 0.3027478 1.312517 0.4868943 0.3290329 1.299236 0.5084769 0.3420974 1.313142 0.5132517 0.3056381 1.315594 0.486056 0.3226487 1.298603 0.5170409 0.3101766 1.318071 0.4868943 0.3162475 1.299033 0.537429 0.316582 1.277979 0.5384077 0.3229718 1.278262 0.5245887 0.3426874 1.276007 0.5184087 0.3437182 1.274874 0.5066536 0.3398019 1.272627 0.5022291 0.3352383 1.271732 0.5022291 0.3109189 1.271345 0.5066536 0.3063291 1.272095 0.5122286 0.3427239 1.27371 0.5301638 0.3062597 1.276464 0.5345882 0.3108233 1.277359 0.5345882 0.3351428 1.277746 0.5301638 0.3397325 1.276996 0.4984097 0.3230899 1.270829 0.4993885 0.3166943 1.270909 0.5184087 0.3023435 1.274217 0.5245887 0.3033378 1.275381 0.5374289 0.3293675 1.278182 0.4993884 0.3294797 1.271112 0.5122286 0.3033743 1.273084 0.5705021 0.3481568 0.9954933 0.5641086 0.3471443 0.9954772 0.5583409 0.3442059 0.9954305 0.5537636 0.3396291 0.9953579 0.5508248 0.3338622 0.9952661 0.5498121 0.3274694 0.9951645 0.5508248 0.3210767 0.9950631 0.5537636 0.3153098 0.9949713 0.5583409 0.3107331 0.9948987 0.5641086 0.3077946 0.994852 0.5705021 0.3067821 0.9948359 0.5768957 0.3077946 0.994852 0.5826633 0.3107331 0.9948987 0.5872406 0.3153098 0.9949713 0.5901794 0.3210768 0.9950631 0.591192 0.3274695 0.9951645 0.5901793 0.3338622 0.9952661 0.5872406 0.3396292 0.9953579 0.5826633 0.3442059 0.9954305 0.5768956 0.3471443 0.9954772</float_array>
          <technique_common>
            <accessor source="#rollbar_mc-mesh-positions-array" count="440" stride="3">
              <param name="X" type="float"/>
              <param name="Y" type="float"/>
              <param name="Z" type="float"/>
            </accessor>
          </technique_common>
        </source>
        <source id="rollbar_mc-mesh-normals">
          <float_array id="rollbar_mc-mesh-normals-array" count="1266">0.00315696 0.9998825 0.01500415 0.3003325 0.9537504 -0.01268196 -0.009364068 0.9998001 0.01766782 0.311733 0.9495735 -0.03365814 0.5806692 0.8130604 -0.04190659 0.5878512 0.8052819 -0.07715123 0.8033597 0.5917237 -0.06690651 0.8045442 0.5833207 -0.111561 0.9462754 0.3119561 -0.08512651 0.9422218 0.3067463 -0.134629 0.9954954 0.001501142 -0.0947985 0.9422195 -0.3023225 -0.1443039 0.9462718 -0.3091042 -0.09499609 0.8045372 -0.5794923 -0.130033 0.8033508 -0.5893121 -0.08566784 0.587855 -0.8024215 -0.1026957 0.5806654 -0.8113214 -0.0677151 0.3117339 -0.9480247 -0.06380653 0.3003371 -0.9528647 -0.04297387 0.003159344 -0.9998546 -0.01676476 -0.009361922 -0.9998568 -0.01410168 -0.3059464 -0.9514626 0.03340661 -0.3172222 -0.9482194 0.01581138 -0.5832814 -0.8082246 0.08096891 -0.5927866 -0.8041715 0.04372966 -0.8011696 -0.5861663 0.1205667 -0.8097453 -0.5829344 0.0670827 -0.9395906 -0.3086361 0.1480313 -0.9481452 -0.3065493 0.08395493 -0.9869846 -0.002564013 0.1607943 -0.9956605 -0.001481175 0.09304893 -0.9481474 0.3037211 0.09364891 -0.9395895 0.3037827 0.1577589 -0.8097505 0.5805016 0.08556932 -0.8011679 0.5820426 0.1391279 -0.5927801 0.8023815 0.06925177 -0.9295787 -0.3054298 0.2063887 -0.9212619 -0.006172001 0.3888941 -0.9751689 -0.00351262 0.2214348 -0.5832942 0.805235 0.1066045 -0.317209 0.9472432 0.04592406 -0.3059481 0.9499205 0.06361508 0.5979901 -0.4237099 -0.6803512 -0.739156 0.01070719 -0.6734493 0.5979876 0.4451162 -0.6665452 -0.7765838 -0.3088943 0.5490919 -0.6720772 -0.01175224 0.7403879 -0.8142175 -0.009218156 0.5804868 -0.01061105 0.9997692 0.01868736 -0.2903888 0.9466044 0.1400523 -0.005665302 0.9998137 0.01845484 0.7852458 0.5915738 -0.1828376 0.5375049 0.8135707 -0.2217912 0.740585 0.5930761 -0.315903 0.7852523 -0.5854597 -0.2015339 0.5374996 -0.8061192 -0.2475203 0.5689227 -0.8086375 -0.1497747 0.2944077 0.9541319 -0.05437529 0.2803073 0.9539747 -0.1065844 -0.5846531 -0.8021628 0.1213083 -0.7478172 -0.5879561 0.3083457 -0.7959543 -0.580372 0.1721195 -0.5846543 0.797903 0.146732 -0.7478008 0.5778874 0.3268641 -0.5460009 0.8008392 0.246048 0.9701921 0.003839671 -0.2423067 0.8702348 -0.3029432 -0.3884801 0.9229851 -0.305507 -0.234017 -0.01061809 -0.9998581 -0.01308161 -0.2903739 -0.9505818 0.1098973 -0.3141182 -0.9476241 0.05778014 -0.9295797 0.2987169 0.2159854 -0.8768687 0.2999777 0.3756521 0.9229838 0.3127922 -0.2241921 0.8702325 0.31514 -0.3786584 0.280306 -0.9501079 -0.136834 0.2944046 -0.9519242 -0.0846557 -0.8768732 -0.311746 0.3659343 -0.314125 0.9453074 0.08786094 0.5689249 0.812986 -0.1240097 0.7405932 -0.5827298 -0.334586 -0.5460029 -0.8082501 0.2204827 -0.7959575 0.5746051 0.1904756 0.9148671 0.006411671 -0.4037045 -0.005660295 -0.9998953 -0.01331955 -0.1701768 0.9407143 0.2934222 -0.1486208 0.7894674 0.5955277 -0.07725 0.9399129 0.3325604 0.6447302 -0.58269 -0.4947681 0.385307 -0.8007431 -0.4586384 0.4671018 -0.80723 -0.3608265 0.240694 0.9570931 -0.1613668 -0.003057479 0.9998041 0.01955491 0.2022491 0.9550097 -0.2169141 -0.7765799 0.2913138 0.5586233 -0.6392645 0.2941362 0.7105103 0.2022424 -0.947641 -0.2471325 0.2406784 -0.9514887 -0.191685 0.4671168 0.8182727 -0.3350102 0.3853141 0.8148954 -0.4329881 -0.665948 0.5667917 0.4850366 -0.5441617 0.5727675 0.6130461 -0.003050923 -0.9999208 -0.0122199 -0.01283383 -0.9999019 -0.005620539 0.6447147 0.5981342 -0.4760028 0.5292734 0.5944282 -0.6054129 -0.4904652 0.7914016 0.3648663 -0.3961787 0.7972046 0.4555296 -0.2095957 -0.9524211 0.2212778 -0.2654038 -0.9477037 0.1772528 0.7572354 0.3196765 -0.5695626 0.6203494 0.3187475 -0.7166357 -0.2654101 0.941592 0.2072724 -0.2096124 0.9449042 0.2514337 -0.3961787 -0.8112662 0.4299879 -0.4904643 -0.8025895 0.3395508 0.7957278 0.009622693 -0.605578 0.6514694 0.01209795 -0.7585785 -0.01282793 0.999576 0.02614188 -0.5441468 -0.5919647 0.5945435 -0.665955 -0.5818959 0.4667989 0.6203566 -0.2958009 -0.7264018 0.7572278 -0.3013969 -0.5794532 -0.6392482 -0.3165888 0.7008091 0.529272 -0.5749133 -0.623976 -0.2464472 0.2875334 0.9255207 -0.03984326 -0.01586347 0.9990801 -0.03739523 0.2921802 0.955632 -0.17019 -0.9495564 0.2633972 -0.1486303 -0.8079614 0.570182 -0.3158413 -0.8052505 0.5018128 0.509285 0.01366811 -0.8604895 0.1868833 0.3254004 -0.9269246 0.1944215 0.01558035 -0.9807944 -0.0066486 0.9996013 0.02744191 -0.00248605 0.9994453 0.0332117 -0.2076043 -0.5896691 0.7805069 -0.4290297 -0.5850199 0.688248 0.1868597 -0.2958161 -0.9367904 0.4851233 -0.2954857 -0.8230088 -0.2464545 -0.316825 0.915905 -0.5000328 -0.3126052 0.8076171 0.1635836 -0.578516 -0.7990993 0.415259 -0.5757122 -0.7043547 -0.2600055 -0.01532751 0.9654855 -0.5241103 -0.01357942 0.8515423 0.1233837 -0.8048473 -0.5805147 0.3026382 -0.8021961 -0.5146763 0.1569202 0.957252 -0.2429911 0.06674098 0.9596154 -0.2732836 -0.5000411 0.286746 0.817151 0.0667352 -0.9504535 -0.3036195 0.1569445 -0.9490382 -0.273304 0.3026246 0.8181573 -0.488914 0.123387 0.8228892 -0.5546431 -0.4290133 0.5628857 0.7064754 -0.2075889 0.5645822 0.7988454 -0.002490639 -0.9999959 0.001464247 -0.006654143 -0.9999685 -0.004319667 0.4152612 0.5977743 -0.6857289 0.1635896 0.6036198 -0.7803088 -0.3158158 0.7889299 0.5271148 -0.07723414 -0.9500181 0.3024905 0.4851055 0.3214616 -0.8132252 -0.02107077 -0.816158 0.5774445 0 -0.6005751 0.7995684 -0.0306738 -0.598128 0.8008133 0.007038414 -0.946596 -0.3223456 0.007039427 0.9563559 -0.2921197 0.01143884 0.8186865 -0.5741269 -0.03067082 0.5723898 0.8194079 -4.47397e-4 -0.999914 -0.01310783 0.01325291 0.6007165 -0.7993523 -0.02107411 0.7973863 0.6031013 -0.01035034 -0.9548013 0.2970646 0.01381474 0.3242588 -0.9458676 -0.0103476 0.9448857 0.327237 0.01398158 0.01594835 -0.9997751 -4.46406e-4 0.9998259 0.01865649 0.01380831 -0.2940077 -0.9557034 -0.03739833 -0.3223688 0.9458752 0.01323986 -0.5750537 -0.8180087 0.01143085 -0.8000542 -0.5998188 0 -0.2938818 -0.9558418 0 -0.3240749 0.9460315 0 -0.5748651 -0.8182482 0 -0.015877 0.999874 0 -0.7995715 -0.6005712 0 0.9558408 -0.2938852 0 0.2938818 0.9558418 0 -0.9460267 -0.3240891 0 0.8182327 -0.5748873 0 0.5748714 0.8182438 0 -0.9998741 -0.01587587 0 0.6005414 -0.7995938 0 0.7995731 0.6005689 0 -0.9558392 0.2938904 0 0.324141 -0.9460088 0 0.9460268 0.3240885 0 -0.8182554 0.574855 0 0.01594954 -0.9998729 0 0.999874 0.01587581 0.9893386 0.002318799 -0.1456154 3.92453e-6 0.7497637 -0.6617057 -0.2284135 0.7135897 -0.6622817 -0.4344499 0.6086135 -0.66396 -0.597994 0.4451106 -0.6665432 -0.7029762 0.2390894 -0.6698215 -0.7029545 -0.2176878 -0.677102 -0.5979932 -0.4237071 -0.6803503 -0.4344765 -0.5872076 -0.6829477 -0.2284206 -0.6921913 -0.6846132 -1.30275e-6 -0.7283513 -0.6852039 0.2284176 -0.6921913 -0.6846143 0.4344704 -0.5872181 -0.6829424 0.7029758 -0.217684 -0.6770811 0.7391539 0.01070851 -0.6734516 0.7029985 0.2390911 -0.6697974 0.4344635 0.6086106 -0.6639539 0.2284032 0.7135911 -0.6622837 -0.3003318 0.9537505 -0.01268172 -0.003157556 0.9998825 0.01500403 0.009364664 0.9998001 0.01766836 -0.5806679 0.8130612 -0.04190653 -0.3117336 0.9495733 -0.0336582 -0.8033595 0.591724 -0.06690639 -0.5878522 0.8052811 -0.07715123 -0.9462753 0.3119563 -0.08512645 -0.8045437 0.5833214 -0.1115605 -0.9954954 0.001501142 -0.09479856 -0.9422209 0.306749 -0.1346283 -0.9422197 -0.3023217 -0.1443041 -0.9893386 0.002320706 -0.1456153 -0.9462717 -0.3091047 -0.09499609 -0.8045375 -0.5794919 -0.1300333 -0.8033514 -0.5893112 -0.08566784 -0.5878548 -0.8024215 -0.1026959 -0.5806663 -0.8113207 -0.0677151 -0.3117336 -0.9480248 -0.06380641 -0.3003371 -0.9528647 -0.04297387 -0.003159344 -0.9998546 -0.01676476 0.009361803 -0.9998568 -0.01410168 0.3059459 -0.9514627 0.03340697 0.3172222 -0.9482194 0.01581138 0.5832821 -0.8082241 0.08096921 0.5927867 -0.8041715 0.0437296 0.8011709 -0.5861645 0.120567 0.8097457 -0.5829339 0.0670827 0.9395909 -0.3086354 0.1480314 0.9481454 -0.3065487 0.08395493 0.9869847 -0.002563357 0.1607941 0.9481458 0.3037261 0.09364831 0.9956605 -0.001478374 0.09304869 0.8097494 0.5805033 0.08556872 0.9395894 0.3037827 0.157759 0.5927806 0.8023812 0.06925183 0.801168 0.5820423 0.1391277 0.9212619 -0.006170809 0.3888939 0.929578 -0.3054315 0.2063891 0.9751688 -0.003514707 0.2214351 0.3172096 0.9472429 0.0459246 0.5832947 0.8052348 0.106604 0.3059485 0.9499204 0.0636149 0.5979928 -0.4237108 -0.6803483 -0.5979889 0.4451152 -0.6665446 -0.228412 0.7135909 -0.6622809 0.6720784 -0.01175302 0.7403868 0.7765827 -0.3088968 0.5490921 0.8142171 -0.009219169 0.5804873 0.01061105 0.9997692 0.01868736 0.2903888 0.9466044 0.1400523 0.314125 0.9453074 0.08786094 -0.7852458 0.5915738 -0.1828376 -0.5375047 0.8135709 -0.2217912 -0.5689249 0.812986 -0.1240097 -0.5374992 -0.8061193 -0.2475205 -0.7852517 -0.5854604 -0.2015339 -0.5689225 -0.8086375 -0.1497753 -0.2944077 0.9541319 -0.05437529 0.005665302 0.9998137 0.01845484 0.7478177 -0.5879552 0.3083463 0.5846505 -0.8021646 0.1213086 0.795954 -0.5803723 0.1721203 0.5846543 0.797903 0.146732 0.7478009 0.5778874 0.3268641 0.7959575 0.5746051 0.1904756 -0.8702345 -0.3029437 -0.3884806 -0.9701921 0.00383979 -0.2423072 -0.9229846 -0.3055084 -0.2340173 0.2903744 -0.9505814 0.1098982 0.01061832 -0.9998582 -0.01308107 0.3141162 -0.9476247 0.05777996 0.9295798 0.2987169 0.2159854 -0.9229837 0.3127922 -0.224192 -0.7405852 0.593076 -0.3159027 -0.2803061 -0.9501079 -0.136834 -0.2944036 -0.9519245 -0.08465522 0.8768743 -0.3117427 0.3659347 0.5460009 0.8008392 0.246048 -0.2803072 0.9539747 -0.1065844 -0.7405927 -0.5827302 -0.3345862 0.5460024 -0.8082504 0.220483 0.8768687 0.2999777 0.3756521 -0.8702332 0.3151392 -0.3786578 0.005659759 -0.9998953 -0.01331913 0.1701768 0.9407143 0.2934222 0.1486208 0.7894674 0.5955277 0.3158158 0.78893 0.5271148 -0.3853075 -0.8007428 -0.4586386 -0.6447311 -0.5826899 -0.494767 -0.4671022 -0.8072293 -0.3608273 -0.2406941 0.9570931 -0.1613669 0.003057479 0.9998041 0.01955491 0.01282793 0.999576 0.02614188 0.7765797 0.2913138 0.5586234 -0.2022421 -0.9476411 -0.2471328 -0.240678 -0.9514886 -0.1916861 -0.4671167 0.818273 -0.3350098 -0.2022492 0.9550097 -0.2169142 0.6659479 0.5667917 0.4850366 0.6392644 0.2941362 0.7105103 0.003050923 -0.9999207 -0.01221901 0.01283329 -0.999902 -0.005619823 -0.6447147 0.5981343 -0.4760025 -0.3853141 0.8148953 -0.4329881 0.4904652 0.7914016 0.3648663 0.5441617 0.5727675 0.6130461 0.2095956 -0.9524211 0.221278 0.2654039 -0.9477034 0.1772541 -0.7572351 0.3196762 -0.5695631 -0.5292743 0.5944279 -0.6054126 0.2654101 0.941592 0.2072724 0.3961787 0.7972046 0.4555296 0.3961774 -0.8112671 0.4299875 0.4904649 -0.8025889 0.3395516 -0.7957282 0.009622871 -0.6055775 -0.620351 0.3187474 -0.7166344 0.2096124 0.9449041 0.2514337 0.5441462 -0.5919651 0.5945438 0.6659542 -0.5818968 0.466799 -0.6203568 -0.2958006 -0.7264017 -0.7572289 -0.3013966 -0.5794519 0.6392494 -0.3165893 0.7008078 -0.5292724 -0.5749137 -0.6239752 0.2464472 0.2875334 0.9255207 0.03984379 -0.01586341 0.9990801 0.2600057 -0.01532793 0.9654855 0.1486308 -0.8079617 0.5701814 0.1701908 -0.9495565 0.2633966 0.3158415 -0.805251 0.5018119 -0.5092858 0.01366811 -0.860489 -0.1868833 0.3254005 -0.9269247 -0.4851058 0.3214616 -0.813225 0.0066486 0.9996014 0.02744191 0.07725 0.9399128 0.3325604 0.2076037 -0.5896697 0.7805065 0.4290297 -0.5850192 0.6882486 -0.1868588 -0.2958168 -0.9367904 -0.485125 -0.2954861 -0.8230077 0.2464539 -0.3168259 0.915905 0.500034 -0.312605 0.8076165 -0.163584 -0.5785164 -0.799099 -0.4152618 -0.5757123 -0.704353 0.5241116 -0.0135802 0.8515413 -0.123385 -0.8048478 -0.5805137 -0.3026404 -0.8021957 -0.5146756 -0.1569202 0.957252 -0.2429911 0.00248605 0.9994453 0.0332117 0.500041 0.2867459 0.817151 -0.06673514 -0.9504534 -0.3036193 -0.1569449 -0.9490382 -0.2733041 -0.3026246 0.8181573 -0.488914 -0.06674098 0.9596154 -0.2732836 0.4290133 0.5628857 0.7064754 0.002490639 -0.9999959 0.001463115 0.006654322 -0.9999685 -0.004319548 -0.4152618 0.5977748 -0.6857281 -0.123387 0.8228892 -0.5546431 0.2075889 0.5645822 0.7988454 0.07723438 -0.9500184 0.3024895 -0.1635896 0.6036198 -0.7803088 0.02107036 -0.816158 0.5774446 0.03067308 -0.5981281 0.8008134 -0.007038652 -0.946596 -0.3223454 -0.007039427 0.9563559 -0.2921197 0.03739523 0.2921802 0.955632 4.47291e-4 -0.999914 -0.01310783 -0.01143884 0.8186865 -0.5741269 0.03067082 0.5723897 0.8194079 0.01035034 -0.9548013 0.2970646 -0.01325291 0.6007165 -0.7993524 0.02107411 0.7973863 0.6031013 -0.1944215 0.01558005 -0.9807944 -0.01381474 0.3242588 -0.9458676 0.0103476 0.9448857 0.327237 -0.01380872 -0.2940077 -0.9557034 0.03739857 -0.3223688 0.9458752 -0.01323926 -0.5750537 -0.8180087 -0.01143074 -0.8000542 -0.5998189 4.46406e-4 0.9998258 0.01865649 -0.01398211 0.01594835 -0.9997751 0 0.6005414 -0.7995938 0 0.324141 -0.9460088 -0.6514713 0.01209974 -0.7585769 -0.9148668 0.006409466 -0.403705 -7.88024e-7 0.7497634 -0.661706 0.2284138 0.7135884 -0.662283 0.434445 0.6086151 -0.6639618 0.5979956 0.4451113 -0.6665413 0.7029814 0.239083 -0.6698183 0.7391559 0.01070713 -0.6734493 0.7029601 -0.2176871 -0.6770963 0.4344691 -0.5872119 -0.6829487 0.2284189 -0.6921904 -0.6846147 1.57608e-6 -0.7283513 -0.6852039 -0.228417 -0.6921912 -0.6846145 -0.4344738 -0.587212 -0.6829456 -0.5979895 -0.4237079 -0.680353 -0.7029671 -0.2176833 -0.6770904 -0.73916 0.0107063 -0.6734448 -0.7029924 0.239093 -0.6698032 -0.4344699 0.6086079 -0.6639522</float_array>
          <technique_common>
            <accessor source="#rollbar_mc-mesh-normals-array" count="422" stride="3">
              <param name="X" type="float"/>
              <param name="Y" type="float"/>
              <param name="Z" type="float"/>
            </accessor>
          </technique_common>
        </source>
        <vertices id="rollbar_mc-mesh-vertices">
          <input semantic="POSITION" source="#rollbar_mc-mesh-positions"/>
        </vertices>
        <triangles material="bug_interior_metal_gray-material" count="836">
          <input semantic="VERTEX" source="#rollbar_mc-mesh-vertices" offset="0"/>
          <input semantic="NORMAL" source="#rollbar_mc-mesh-normals" offset="1"/>
          <p>1 0 201 1 200 2 3 3 202 4 201 1 5 5 203 6 202 4 7 7 204 8 203 6 9 9 205 10 204 8 205 10 13 11 206 12 206 12 15 13 207 14 207 14 17 15 208 16 208 16 19 17 209 18 209 18 21 19 210 20 210 20 23 21 211 22 211 22 25 23 212 24 212 24 27 25 213 26 213 26 29 27 214 28 214 28 31 29 215 30 31 29 216 31 215 30 33 32 217 33 216 31 35 34 218 35 217 33 180 36 55 37 181 38 37 39 219 40 218 35 39 41 200 2 219 40 14 42 30 43 6 44 160 45 75 46 161 47 183 48 59 49 41 50 185 51 42 52 43 53 186 54 48 55 187 56 188 57 41 50 40 58 189 59 53 60 190 61 192 62 57 63 58 64 193 65 46 66 194 67 195 68 51 69 196 70 197 71 55 37 56 72 198 73 43 53 44 74 187 56 49 75 199 76 190 61 54 77 180 36 182 78 58 64 59 49 184 79 40 58 42 52 194 67 47 80 186 54 196 70 52 81 189 59 191 82 56 72 57 63 193 65 44 74 45 83 199 76 50 84 195 68 141 85 98 86 99 87 162 88 68 89 163 90 165 91 61 92 60 93 166 94 75 46 76 95 163 90 69 96 167 97 168 98 60 93 62 99 169 100 76 95 77 101 167 97 70 102 170 103 171 104 62 99 63 105 172 106 77 101 78 107 170 103 71 108 173 109 174 110 63 105 64 111 175 112 78 107 79 113 173 109 72 114 176 115 177 116 64 111 65 117 164 118 79 113 61 92 176 115 73 119 178 120 177 116 66 121 179 122 178 120 74 123 160 45 179 122 67 124 162 88 96 125 115 126 116 127 142 128 92 129 143 130 145 131 84 132 85 133 146 134 99 87 81 135 143 130 93 136 147 137 145 131 86 138 148 139 147 137 94 140 149 141 148 139 87 142 150 143 149 141 95 144 151 145 150 143 88 146 152 147 153 148 81 135 80 149 154 150 95 144 96 125 152 147 89 151 155 152 156 153 80 149 82 154 157 155 96 125 97 156 155 152 90 157 158 158 159 159 82 154 83 160 140 161 97 156 98 86 158 158 91 162 142 128 144 163 83 160 84 132 112 164 133 165 113 166 88 146 109 167 89 151 82 154 100 168 102 169 97 156 116 127 117 170 89 151 110 171 90 157 83 160 102 169 103 172 98 86 117 170 118 173 90 157 111 174 91 162 84 132 103 172 104 175 99 87 118 173 119 176 91 162 112 164 92 129 85 133 104 175 105 177 81 135 119 176 101 178 92 129 113 166 93 136 85 133 106 179 86 138 93 136 114 180 94 140 86 138 107 181 87 142 94 140 115 126 95 144 87 142 108 182 88 146 80 149 101 178 100 168 105 177 126 183 106 179 113 166 134 184 114 180 106 179 127 185 107 181 114 180 135 186 115 126 107 181 128 187 108 182 101 178 120 188 100 168 115 126 136 189 116 127 108 182 129 190 109 167 100 168 122 191 102 169 116 127 137 192 117 170 109 167 130 193 110 171 102 169 123 194 103 172 117 170 138 195 118 173 110 171 131 196 111 174 103 172 124 197 104 175 118 173 139 198 119 176 111 174 132 199 112 164 104 175 125 200 105 177 119 176 121 201 101 178 63 105 144 163 64 111 70 102 142 128 71 108 78 107 157 155 140 161 63 105 156 153 159 159 69 96 158 158 70 102 77 101 154 150 157 155 62 99 153 148 156 153 68 89 155 152 69 96 76 95 151 145 154 150 60 93 146 134 153 148 67 124 152 147 68 89 74 123 151 145 75 46 67 124 148 139 150 143 73 119 149 141 74 123 66 121 145 131 148 139 72 114 147 137 73 119 61 92 141 85 146 134 64 111 145 131 65 117 71 108 143 130 72 114 79 113 140 161 141 85 47 80 179 122 162 88 53 60 160 45 54 77 46 66 177 116 179 122 52 81 178 120 53 60 41 50 175 112 164 118 44 74 177 116 45 83 51 69 176 115 52 81 59 49 172 106 175 112 43 53 174 110 44 74 50 84 173 109 51 69 58 64 169 100 172 106 42 52 171 104 43 53 49 75 170 103 50 84 57 63 166 94 169 100 40 58 168 98 42 52 49 75 163 90 167 97 56 72 161 47 166 94 40 58 164 118 165 91 48 55 162 88 163 90 54 77 161 47 55 37 19 17 195 68 21 19 11 202 198 73 193 65 35 34 197 71 191 82 23 21 189 59 25 23 13 11 186 54 15 13 5 5 188 57 184 79 39 41 192 62 182 78 27 25 180 36 29 27 17 15 199 76 19 17 9 9 185 51 198 73 33 32 181 38 197 71 21 19 196 70 23 21 11 202 194 67 13 11 37 39 191 82 192 62 25 23 190 61 27 25 3 3 183 48 188 57 15 13 187 56 17 15 7 7 184 79 185 51 1 0 182 78 183 48 29 27 181 38 31 29 219 40 0 203 38 204 36 205 219 40 38 204 34 206 218 35 36 205 216 31 34 206 32 207 215 30 32 207 30 43 28 208 215 30 30 43 213 26 28 208 26 209 24 210 213 26 26 209 211 22 24 210 22 211 210 20 22 211 20 212 18 213 210 20 20 212 16 214 209 18 18 213 207 14 16 214 14 42 12 215 207 14 14 42 205 10 12 215 10 216 204 8 10 216 8 217 6 44 204 8 8 217 202 4 6 44 4 218 201 1 4 218 2 219 0 203 201 1 2 219 421 220 221 221 420 222 422 223 223 224 421 220 423 225 225 226 422 223 424 227 227 228 423 225 425 229 229 230 424 227 425 229 233 231 231 232 426 233 235 234 233 231 427 235 237 236 235 234 428 237 239 238 237 236 429 239 241 240 239 238 430 241 243 242 241 240 431 243 245 244 243 242 432 245 247 246 245 244 433 247 249 248 247 246 434 249 251 250 249 248 436 251 251 250 435 252 437 253 253 254 436 251 438 255 255 256 437 253 275 257 400 258 401 259 439 260 257 261 438 255 420 222 259 262 439 260 246 263 226 264 222 265 295 266 380 267 381 268 403 269 279 270 402 271 405 272 262 273 404 274 268 275 406 276 407 277 408 278 261 279 403 269 273 280 409 281 410 282 412 283 277 284 411 285 266 286 413 287 414 288 271 289 415 290 416 291 417 292 275 257 401 259 418 293 263 294 405 272 269 295 407 277 419 296 274 297 410 282 400 258 402 271 278 298 412 283 404 274 260 299 408 278 267 300 414 288 406 276 272 301 416 291 409 281 411 285 276 302 417 292 413 287 264 303 418 293 270 304 419 296 415 290 361 305 318 306 360 307 288 308 382 309 383 310 385 311 281 312 384 313 386 314 295 266 381 268 289 315 383 310 387 316 388 317 280 318 385 311 389 319 296 320 386 314 290 321 387 316 390 322 391 323 282 324 388 317 392 325 297 326 389 319 291 327 390 322 393 328 394 329 283 330 391 323 395 331 298 332 392 325 292 333 393 328 396 334 397 335 284 336 394 329 384 313 299 337 395 331 293 338 396 334 398 339 286 340 397 335 399 341 294 342 398 339 380 267 287 343 399 341 382 309 316 344 335 345 315 346 312 347 362 348 363 349 365 350 304 351 364 352 366 353 319 354 361 305 313 355 363 349 367 356 306 357 365 350 368 358 314 359 367 356 369 360 307 361 368 358 370 362 315 346 369 360 371 363 308 364 370 362 372 365 373 366 301 367 366 353 374 368 315 346 371 363 309 369 372 365 375 370 376 371 300 372 373 366 377 373 316 344 374 368 310 374 375 370 378 375 379 376 302 377 376 371 360 307 317 378 377 373 311 379 378 375 362 348 364 352 303 380 379 376 353 165 332 381 333 382 329 383 308 364 309 369 302 377 320 384 300 372 317 378 336 385 316 344 330 386 309 369 310 374 303 380 322 387 302 377 318 306 337 388 317 378 331 389 310 374 311 379 304 351 323 390 303 380 319 354 338 391 318 306 332 381 311 379 312 347 305 392 324 393 304 351 301 367 339 394 319 354 333 382 312 347 313 355 326 395 305 392 306 357 334 396 313 355 314 359 327 397 306 357 307 361 335 345 314 359 315 346 328 398 307 361 308 364 300 372 321 399 301 367 346 183 325 400 326 395 354 184 333 382 334 396 347 185 326 395 327 397 355 186 334 396 335 345 348 187 327 397 328 398 340 188 321 399 320 384 356 189 335 345 336 385 349 190 328 398 329 383 342 191 320 384 322 387 357 192 336 385 337 388 350 193 329 383 330 386 343 401 322 387 323 390 358 195 337 388 338 391 351 196 330 386 331 389 344 402 323 390 324 393 359 198 338 391 339 394 352 199 331 389 332 381 345 200 324 393 325 400 341 201 339 394 321 399 364 352 283 330 284 336 362 348 290 321 291 327 298 332 377 373 297 326 283 330 376 371 282 324 378 375 289 315 290 321 297 326 374 368 296 320 282 324 373 366 280 318 375 370 288 308 289 315 296 320 371 363 295 266 280 318 366 353 281 312 372 365 287 343 288 308 371 363 294 342 295 266 287 343 368 358 286 340 369 360 293 338 294 342 286 340 365 350 285 403 367 356 292 333 293 338 281 312 361 305 299 337 365 350 284 336 285 403 363 349 291 327 292 333 299 337 360 307 298 332 267 300 399 341 266 286 380 267 273 280 274 297 266 286 397 335 265 404 398 339 272 301 273 280 261 279 395 331 279 270 397 335 264 303 265 404 396 334 271 289 272 301 279 270 392 325 278 298 394 329 263 294 264 303 393 328 270 304 271 289 278 298 389 319 277 284 391 323 262 273 263 294 390 322 269 295 270 304 277 284 386 314 276 302 388 317 260 299 262 273 269 295 383 310 268 275 276 302 381 268 275 257 260 299 384 313 261 279 268 275 382 309 267 300 381 268 274 297 275 257 415 290 239 238 241 240 231 232 418 293 229 230 255 256 417 292 253 254 409 281 243 242 245 244 406 276 233 231 235 234 225 226 408 278 223 224 259 262 412 283 257 261 400 258 247 246 249 248 419 296 237 236 239 238 229 230 405 272 227 228 253 254 401 259 251 250 416 291 241 240 243 242 414 288 231 232 233 231 257 261 411 285 255 256 410 282 245 244 247 246 223 224 403 269 221 221 407 277 235 234 237 236 227 228 404 274 225 226 221 221 402 271 259 262 401 259 249 248 251 250 220 405 439 260 258 406 256 407 439 260 438 255 254 408 438 255 437 253 254 408 436 251 252 409 252 409 435 252 250 410 248 411 435 252 434 249 248 411 433 247 246 263 244 412 433 247 432 245 244 412 431 243 242 413 242 413 430 241 240 414 238 415 430 241 429 239 236 416 429 239 428 237 236 416 427 235 234 417 232 418 427 235 426 233 232 418 425 229 230 419 230 419 424 227 228 420 226 264 424 227 423 225 226 264 422 223 224 421 224 421 421 220 222 265 220 405 421 220 420 222 1 0 3 3 201 1 3 3 5 5 202 4 5 5 7 7 203 6 7 7 9 9 204 8 9 9 11 202 205 10 205 10 11 202 13 11 206 12 13 11 15 13 207 14 15 13 17 15 208 16 17 15 19 17 209 18 19 17 21 19 210 20 21 19 23 21 211 22 23 21 25 23 212 24 25 23 27 25 213 26 27 25 29 27 214 28 29 27 31 29 31 29 33 32 216 31 33 32 35 34 217 33 35 34 37 39 218 35 180 36 54 77 55 37 37 39 39 41 219 40 39 41 1 0 200 2 38 204 0 203 6 44 2 219 4 218 6 44 6 44 8 217 10 216 10 216 12 215 6 44 14 42 16 214 18 213 18 213 20 212 22 211 22 211 24 210 30 43 26 209 28 208 30 43 30 43 32 207 38 204 34 206 36 205 38 204 0 203 2 219 6 44 6 44 12 215 14 42 14 42 18 213 30 43 24 210 26 209 30 43 32 207 34 206 38 204 38 204 6 44 30 43 18 213 22 211 30 43 160 45 74 123 75 46 183 48 182 78 59 49 185 51 184 79 42 52 186 54 47 80 48 55 188 57 183 48 41 50 189 59 52 81 53 60 192 62 191 82 57 63 193 65 45 83 46 66 195 68 50 84 51 69 197 71 181 38 55 37 198 73 185 51 43 53 187 56 48 55 49 75 190 61 53 60 54 77 182 78 192 62 58 64 184 79 188 57 40 58 194 67 46 66 47 80 196 70 51 69 52 81 191 82 197 71 56 72 193 65 198 73 44 74 199 76 49 75 50 84 141 85 140 161 98 86 162 88 67 124 68 89 165 91 164 118 61 92 166 94 161 47 75 46 163 90 68 89 69 96 168 98 165 91 60 93 169 100 166 94 76 95 167 97 69 96 70 102 171 104 168 98 62 99 172 106 169 100 77 101 170 103 70 102 71 108 174 110 171 104 63 105 175 112 172 106 78 107 173 109 71 108 72 114 177 116 174 110 64 111 164 118 175 112 79 113 176 115 72 114 73 119 177 116 65 117 66 121 178 120 73 119 74 123 179 122 66 121 67 124 96 125 95 144 115 126 142 128 91 162 92 129 145 131 144 163 84 132 146 134 141 85 99 87 143 130 92 129 93 136 145 131 85 133 86 138 147 137 93 136 94 140 148 139 86 138 87 142 149 141 94 140 95 144 150 143 87 142 88 146 153 148 146 134 81 135 154 150 151 145 95 144 152 147 88 146 89 151 156 153 153 148 80 149 157 155 154 150 96 125 155 152 89 151 90 157 159 159 156 153 82 154 140 161 157 155 97 156 158 158 90 157 91 162 144 163 159 159 83 160 112 164 132 199 133 165 88 146 108 182 109 167 82 154 80 149 100 168 97 156 96 125 116 127 89 151 109 167 110 171 83 160 82 154 102 169 98 86 97 156 117 170 90 157 110 171 111 174 84 132 83 160 103 172 99 87 98 86 118 173 91 162 111 174 112 164 85 133 84 132 104 175 81 135 99 87 119 176 92 129 112 164 113 166 85 133 105 177 106 179 93 136 113 166 114 180 86 138 106 179 107 181 94 140 114 180 115 126 87 142 107 181 108 182 80 149 81 135 101 178 105 177 125 200 126 183 113 166 133 165 134 184 106 179 126 183 127 185 114 180 134 184 135 186 107 181 127 185 128 187 101 178 121 201 120 188 115 126 135 186 136 189 108 182 128 187 129 190 100 168 120 188 122 191 116 127 136 189 137 192 109 167 129 190 130 193 102 169 122 191 123 194 117 170 137 192 138 195 110 171 130 193 131 196 103 172 123 194 124 197 118 173 138 195 139 198 111 174 131 196 132 199 104 175 124 197 125 200 119 176 139 198 121 201 63 105 159 159 144 163 70 102 158 158 142 128 78 107 77 101 157 155 63 105 62 99 156 153 69 96 155 152 158 158 77 101 76 95 154 150 62 99 60 93 153 148 68 89 152 147 155 152 76 95 75 46 151 145 60 93 61 92 146 134 67 124 150 143 152 147 74 123 149 141 151 145 67 124 66 121 148 139 73 119 147 137 149 141 66 121 65 117 145 131 72 114 143 130 147 137 61 92 79 113 141 85 64 111 144 163 145 131 71 108 142 128 143 130 79 113 78 107 140 161 47 80 46 66 179 122 53 60 178 120 160 45 46 66 45 83 177 116 52 81 176 115 178 120 41 50 59 49 175 112 44 74 174 110 177 116 51 69 173 109 176 115 59 49 58 64 172 106 43 53 171 104 174 110 50 84 170 103 173 109 58 64 57 63 169 100 42 52 168 98 171 104 49 75 167 97 170 103 57 63 56 72 166 94 40 58 165 91 168 98 49 75 48 55 163 90 56 72 55 37 161 47 40 58 41 50 164 118 48 55 47 80 162 88 54 77 160 45 161 47 19 17 199 76 195 68 11 202 9 9 198 73 35 34 33 32 197 71 23 21 196 70 189 59 13 11 194 67 186 54 5 5 3 3 188 57 39 41 37 39 192 62 27 25 190 61 180 36 17 15 187 56 199 76 9 9 7 7 185 51 33 32 31 29 181 38 21 19 195 68 196 70 11 202 193 65 194 67 37 39 35 34 191 82 25 23 189 59 190 61 3 3 1 0 183 48 15 13 186 54 187 56 7 7 5 5 184 79 1 0 39 41 182 78 29 27 180 36 181 38 219 40 200 2 0 203 36 205 218 35 219 40 34 206 217 33 218 35 216 31 217 33 34 206 215 30 216 31 32 207 28 208 214 28 215 30 213 26 214 28 28 208 24 210 212 24 213 26 211 22 212 24 24 210 210 20 211 22 22 211 18 213 209 18 210 20 16 214 208 16 209 18 207 14 208 16 16 214 12 215 206 12 207 14 205 10 206 12 12 215 204 8 205 10 10 216 6 44 203 6 204 8 202 4 203 6 6 44 201 1 202 4 4 218 0 203 200 2 201 1 421 220 223 224 221 221 422 223 225 226 223 224 423 225 227 228 225 226 424 227 229 230 227 228 425 229 231 232 229 230 425 229 426 233 233 231 426 233 427 235 235 234 427 235 428 237 237 236 428 237 429 239 239 238 429 239 430 241 241 240 430 241 431 243 243 242 431 243 432 245 245 244 432 245 433 247 247 246 433 247 434 249 249 248 434 249 435 252 251 250 436 251 253 254 251 250 437 253 255 256 253 254 438 255 257 261 255 256 275 257 274 297 400 258 439 260 259 262 257 261 420 222 221 221 259 262 222 265 220 405 254 408 258 406 256 407 254 408 254 408 252 409 246 263 250 410 248 411 246 263 246 263 244 412 238 415 242 413 240 414 238 415 238 415 236 416 230 419 234 417 232 418 230 419 230 419 228 420 226 264 226 264 224 421 222 265 220 405 258 406 254 408 252 409 250 410 246 263 244 412 242 413 238 415 236 416 234 417 230 419 230 419 226 264 246 263 222 265 254 408 246 263 246 263 238 415 230 419 295 266 294 342 380 267 403 269 261 279 279 270 405 272 263 294 262 273 268 275 267 300 406 276 408 278 260 299 261 279 273 280 272 301 409 281 412 283 278 298 277 284 266 286 265 404 413 287 271 289 270 304 415 290 417 292 276 302 275 257 418 293 264 303 263 294 269 295 268 275 407 277 274 297 273 280 410 282 402 271 279 270 278 298 404 274 262 273 260 299 267 300 266 286 414 288 272 301 271 289 416 291 411 285 277 284 276 302 413 287 265 404 264 303 270 304 269 295 419 296 361 305 319 354 318 306 288 308 287 343 382 309 385 311 280 318 281 312 386 314 296 320 295 266 289 315 288 308 383 310 388 317 282 324 280 318 389 319 297 326 296 320 290 321 289 315 387 316 391 323 283 330 282 324 392 325 298 332 297 326 291 327 290 321 390 322 394 329 284 336 283 330 395 331 299 337 298 332 292 333 291 327 393 328 397 335 285 403 284 336 384 313 281 312 299 337 293 338 292 333 396 334 286 340 285 403 397 335 294 342 293 338 398 339 287 343 286 340 399 341 316 344 336 385 335 345 312 347 311 379 362 348 365 350 305 392 304 351 366 353 301 367 319 354 313 355 312 347 363 349 306 357 305 392 365 350 314 359 313 355 367 356 307 361 306 357 368 358 315 346 314 359 369 360 308 364 307 361 370 362 373 366 300 372 301 367 374 368 316 344 315 346 309 369 308 364 372 365 376 371 302 377 300 372 377 373 317 378 316 344 310 374 309 369 375 370 379 376 303 380 302 377 360 307 318 306 317 378 311 379 310 374 378 375 364 352 304 351 303 380 353 165 352 199 332 381 329 383 328 398 308 364 302 377 322 387 320 384 317 378 337 388 336 385 330 386 329 383 309 369 303 380 323 390 322 387 318 306 338 391 337 388 331 389 330 386 310 374 304 351 324 393 323 390 319 354 339 394 338 391 332 381 331 389 311 379 305 392 325 400 324 393 301 367 321 399 339 394 333 382 332 381 312 347 326 395 325 400 305 392 334 396 333 382 313 355 327 397 326 395 306 357 335 345 334 396 314 359 328 398 327 397 307 361 300 372 320 384 321 399 346 183 345 200 325 400 354 184 353 165 333 382 347 185 346 183 326 395 355 186 354 184 334 396 348 187 347 185 327 397 340 188 341 201 321 399 356 189 355 186 335 345 349 190 348 187 328 398 342 191 340 188 320 384 357 192 356 189 336 385 350 193 349 190 329 383 343 401 342 191 322 387 358 195 357 192 337 388 351 196 350 193 330 386 344 402 343 401 323 390 359 198 358 195 338 391 352 199 351 196 331 389 345 200 344 402 324 393 341 201 359 198 339 394 364 352 379 376 283 330 362 348 378 375 290 321 298 332 360 307 377 373 283 330 379 376 376 371 378 375 375 370 289 315 297 326 377 373 374 368 282 324 376 371 373 366 375 370 372 365 288 308 296 320 374 368 371 363 280 318 373 366 366 353 372 365 370 362 287 343 371 363 369 360 294 342 287 343 370 362 368 358 369 360 367 356 293 338 286 340 368 358 365 350 367 356 363 349 292 333 281 312 366 353 361 305 365 350 364 352 284 336 363 349 362 348 291 327 299 337 361 305 360 307 267 300 382 309 399 341 380 267 398 339 273 280 266 286 399 341 397 335 398 339 396 334 272 301 261 279 384 313 395 331 397 335 394 329 264 303 396 334 393 328 271 289 279 270 395 331 392 325 394 329 391 323 263 294 393 328 390 322 270 304 278 298 392 325 389 319 391 323 388 317 262 273 390 322 387 316 269 295 277 284 389 319 386 314 388 317 385 311 260 299 269 295 387 316 383 310 276 302 386 314 381 268 260 299 385 311 384 313 268 275 383 310 382 309 381 268 380 267 274 297 415 290 419 296 239 238 231 232 413 287 418 293 255 256 411 285 417 292 409 281 416 291 243 242 406 276 414 288 233 231 225 226 404 274 408 278 259 262 402 271 412 283 400 258 410 282 247 246 419 296 407 277 237 236 229 230 418 293 405 272 253 254 417 292 401 259 416 291 415 290 241 240 414 288 413 287 231 232 257 261 412 283 411 285 410 282 409 281 245 244 223 224 408 278 403 269 407 277 406 276 235 234 227 228 405 272 404 274 221 221 403 269 402 271 401 259 400 258 249 248 220 405 420 222 439 260 256 407 258 406 439 260 254 408 256 407 438 255 254 408 437 253 436 251 252 409 436 251 435 252 248 411 250 410 435 252 248 411 434 249 433 247 244 412 246 263 433 247 244 412 432 245 431 243 242 413 431 243 430 241 238 415 240 414 430 241 236 416 238 415 429 239 236 416 428 237 427 235 232 418 234 417 427 235 232 418 426 233 425 229 230 419 425 229 424 227 226 264 228 420 424 227 226 264 423 225 422 223 224 421 422 223 421 220 220 405 222 265 421 220</p>
        </triangles>
      </mesh>
    </geometry>
    <geometry id="rollbar_tlb-mesh" name="rollbar_tlb">
      <mesh>
        <source id="rollbar_tlb-mesh-positions">
          <float_array id="rollbar_tlb-mesh-positions-array" count="2208">-0.5746716 0.3553651 0.3176724 -0.5205433 0.3420365 1.256438 -0.5682767 0.3543523 0.317658 -0.5141484 0.3410238 1.256423 -0.5625077 0.3514132 0.3176163 -0.5083795 0.3380846 1.256382 -0.5579295 0.3468354 0.3175513 -0.5038012 0.3335068 1.256317 -0.55499 0.3410671 0.3174694 -0.5008618 0.3277385 1.256235 -0.5539772 0.3346729 0.3173786 -0.4998489 0.3195013 1.256118 -0.5549901 0.3282786 0.3172879 -0.5008618 0.3167929 1.256079 -0.5579295 0.3225102 0.3172059 -0.5038012 0.3091816 1.255971 -0.5625077 0.3179324 0.3171409 -0.5083795 0.3046039 1.255906 -0.5682767 0.3149933 0.3170992 -0.5141484 0.3016647 1.255865 -0.5746716 0.3139805 0.3170849 -0.5205433 0.300652 1.25585 -0.5810664 0.3149933 0.3170992 -0.5269382 0.3016647 1.255865 -0.5868354 0.3179324 0.3171409 -0.5327072 0.3046039 1.255906 -0.5914136 0.3225102 0.3172059 -0.5372854 0.3091816 1.255971 -0.5943531 0.3282786 0.3172879 -0.5402248 0.31495 1.256053 -0.5953659 0.3346729 0.3173786 -0.5412377 0.3213443 1.256144 -0.594353 0.3410671 0.3174694 -0.5402248 0.3277385 1.256235 -0.5914136 0.3468355 0.3175513 -0.5372854 0.3335069 1.256317 -0.5868353 0.3514132 0.3176163 -0.5327071 0.3380847 1.256382 -0.5810664 0.3543524 0.317658 -0.5269382 0.3410238 1.256423 -0.5067114 0.3405903 1.286955 -0.5126792 0.3415704 1.289267 -0.5013278 0.3376806 1.284841 -0.4970553 0.3331261 1.283131 -0.4943122 0.3273728 1.281993 -0.493367 0.3191407 1.281512 -0.4943122 0.3164272 1.281837 -0.4970553 0.3088009 1.282785 -0.5013278 0.3041998 1.284365 -0.5067114 0.3012312 1.286396 -0.5126792 0.3001858 1.288679 -0.5186471 0.301166 1.290991 -0.5240308 0.3040757 1.293106 -0.5283032 0.3086301 1.294816 -0.5310463 0.3143835 1.295954 -0.5319915 0.3207726 1.296408 -0.5310463 0.327172 1.296135 -0.5283032 0.3329554 1.295161 -0.5240306 0.3375565 1.293581 -0.518647 0.340525 1.29155 -0.4846082 0.3401616 1.317146 -0.4892283 0.3411116 1.321582 -0.4804403 0.3372791 1.313116 -0.4771326 0.3327462 1.309886 -0.4750089 0.3270068 1.307772 -0.4742772 0.3187795 1.306955 -0.4750089 0.3160611 1.307617 -0.4771326 0.308421 1.309541 -0.4804403 0.3037983 1.312641 -0.4846082 0.3008025 1.316587 -0.4892283 0.299727 1.320994 -0.4938485 0.300677 1.325429 -0.4980165 0.3035596 1.329459 -0.5013241 0.3080924 1.332689 -0.5034478 0.3138319 1.334804 -0.5041795 0.3202162 1.335595 -0.5034478 0.3266204 1.334985 -0.5013241 0.3324176 1.333035 -0.4980164 0.3370404 1.329935 -0.4938485 0.3400361 1.325988 -0.4512392 0.3398795 1.337015 -0.4535085 0.3408073 1.343008 -0.449192 0.3370169 1.331581 -0.4475672 0.3324999 1.327236 -0.4465242 0.3267706 1.324406 -0.4461647 0.3185468 1.323342 -0.4465242 0.315825 1.324251 -0.4475672 0.3081747 1.32689 -0.449192 0.3035362 1.331106 -0.4512391 0.3005204 1.336457 -0.4535085 0.2994229 1.34242 -0.4557778 0.3003507 1.348413 -0.4578251 0.3032132 1.353847 -0.4594497 0.3077303 1.358192 -0.4604928 0.3134596 1.361022 -0.4608522 0.3198404 1.36206 -0.4604928 0.3262482 1.361204 -0.4594497 0.3320555 1.358538 -0.457825 0.3366941 1.354323 -0.4557778 0.3397098 1.348972 -0.4177997 0.339855 1.338738 -0.4177997 0.340777 1.345147 -0.4177997 0.3369978 1.332928 -0.4177997 0.332485 1.328285 -0.4177997 0.3267584 1.325264 -0.4177997 0.3185356 1.324135 -0.4177997 0.3158128 1.325109 -0.4177997 0.3081598 1.32794 -0.4177997 0.3035171 1.332453 -0.4177997 0.300496 1.338179 -0.4177997 0.2993925 1.344559 -0.4177997 0.3003144 1.350968 -0.4177997 0.3031716 1.356778 -0.4177997 0.3076845 1.361421 -0.4177997 0.3134111 1.364442 -0.4177997 0.3197909 1.365545 -0.4177997 0.3261996 1.364623 -0.4177997 0.3320097 1.361766 -0.4177997 0.3366525 1.357253 -0.4177997 0.3396735 1.351527 7.86722e-4 0.339855 1.338738 7.86722e-4 0.340777 1.345147 7.86722e-4 0.3369978 1.332928 7.86722e-4 0.332485 1.328285 7.86722e-4 0.3267584 1.325264 7.86722e-4 0.3203786 1.324161 7.86722e-4 0.3139699 1.325083 7.86722e-4 0.3081598 1.32794 7.86722e-4 0.3035171 1.332453 7.86722e-4 0.300496 1.338179 7.86722e-4 0.2993925 1.344559 7.86722e-4 0.3003144 1.350968 7.86722e-4 0.3031716 1.356778 7.86722e-4 0.3076845 1.361421 7.86722e-4 0.3134111 1.364442 7.86722e-4 0.3197909 1.365545 7.86722e-4 0.3261996 1.364623 7.86722e-4 0.3320097 1.361766 7.86722e-4 0.3366525 1.357253 7.86722e-4 0.3396735 1.351527 -0.4798944 0.3368384 1.344155 -0.4767868 0.3398441 1.339506 -0.4767869 0.3004851 1.338947 -0.4798945 0.3033576 1.343679 -0.4627403 0.3268599 1.318115 -0.4621946 0.3186344 1.317175 -0.4733421 0.3409307 1.334321 -0.4823606 0.3078826 1.347467 -0.4627403 0.3159143 1.31796 -0.4839439 0.313617 1.349939 -0.4643236 0.3082691 1.320242 -0.4844896 0.3199995 1.350853 -0.4667898 0.3036385 1.323899 -0.4698974 0.3399918 1.329107 -0.4839439 0.3264055 1.35012 -0.4698973 0.3006327 1.328548 -0.4667898 0.3371193 1.324375 -0.4823606 0.3322078 1.347812 -0.4733421 0.2995462 1.333733 -0.4643236 0.3325943 1.320587 -0.5195847 0.3140742 1.317741 -0.5204232 0.3204609 1.318364 -0.4894316 0.3085774 1.298525 -0.4932217 0.3039655 1.300865 -0.5032914 0.3413075 1.307787 -0.4979975 0.3403424 1.304413 -0.5195847 0.3268626 1.317922 -0.4979975 0.3009834 1.303854 -0.4932217 0.3374463 1.301341 -0.5171514 0.3326529 1.31646 -0.5032915 0.2999229 1.307199 -0.4894316 0.3329027 1.298871 -0.5133612 0.3372649 1.31412 -0.5085855 0.300888 1.310573 -0.4869982 0.3271563 1.297245 -0.5085854 0.340247 1.311131 -0.5133613 0.3037841 1.313645 -0.4861598 0.3189266 1.296596 -0.5171514 0.3083277 1.316115 -0.4869983 0.3162106 1.297089 -0.5375437 0.3146668 1.276004 -0.5385227 0.3210584 1.276276 -0.5247007 0.3407744 1.273987 -0.5185194 0.3418034 1.272852 -0.5067618 0.3378826 1.270611 -0.5023364 0.3333165 1.269724 -0.5023364 0.3089913 1.269378 -0.5067618 0.3044018 1.270136 -0.5123381 0.340807 1.271689 -0.5302771 0.3043398 1.274506 -0.5347024 0.3089059 1.275393 -0.5347024 0.3332311 1.275739 -0.5302771 0.3378206 1.274981 -0.4985161 0.319321 1.268815 -0.4994952 0.31661 1.268958 -0.5185194 0.3004189 1.272265 -0.5247008 0.3014153 1.273428 -0.5375437 0.3274553 1.276185 -0.4994951 0.3275556 1.269114 -0.5123381 0.301448 1.27113 -0.5746716 0.3472203 0.8913277 -0.5682767 0.3462076 0.8913133 -0.5625077 0.3432685 0.8912717 -0.5579295 0.3386907 0.8912066 -0.55499 0.3329223 0.8911247 -0.5539772 0.3265281 0.891034 -0.5549901 0.3201338 0.8909432 -0.5579295 0.3143655 0.8908613 -0.5625077 0.3097877 0.8907963 -0.5682767 0.3068485 0.8907546 -0.5746716 0.3058358 0.8907402 -0.5810664 0.3068485 0.8907546 -0.5868354 0.3097877 0.8907963 -0.5914136 0.3143655 0.8908613 -0.5943531 0.3201338 0.8909432 -0.5953659 0.3265281 0.891034 -0.594353 0.3329223 0.8911247 -0.5914136 0.3386907 0.8912066 -0.5868353 0.3432685 0.8912717 -0.5810664 0.3462076 0.8913133 -0.5029734 0.3196435 1.253458 -0.5040644 0.3167263 1.253416 -0.4959917 0.3192552 1.28081 -0.4970097 0.3163323 1.28116 -0.4754298 0.3188661 1.308215 -0.4762179 0.3159381 1.308928 -0.4451495 0.3186154 1.325866 -0.4455366 0.3156837 1.326845 -0.4145971 0.3186033 1.326719 -0.4145971 0.3156706 1.327769 -0.4624155 0.3187098 1.319223 -0.4630032 0.3157799 1.320068 -0.4882286 0.3190245 1.297057 -0.4891318 0.3160991 1.297589 -0.5015378 0.3194493 1.267134 -0.5025924 0.3165293 1.267288 -0.4912834 0.3165755 1.264038 -0.4785023 0.3164247 1.27466 -0.4657213 0.3162738 1.285282 -0.4529402 0.316123 1.295904 -0.4401592 0.3159722 1.306525 -0.4273781 0.3158214 1.317147 -0.4903482 0.3194949 1.263924 -0.477723 0.3193463 1.27439 -0.4650979 0.3191977 1.284856 -0.4524727 0.3190491 1.295322 -0.4398475 0.3189005 1.305788 -0.4272223 0.3187519 1.316254 -0.5029734 0.3196435 1.253458 -0.5040644 0.3167263 1.253416 -0.4959917 0.3192552 1.28081 -0.4970097 0.3163323 1.28116 -0.4754298 0.3188661 1.308215 -0.4762179 0.3159381 1.308928 -0.4451495 0.3186154 1.325866 -0.4455366 0.3156837 1.326845 -0.4145971 0.3186033 1.326719 -0.4145971 0.3156706 1.327769 -0.4624155 0.3187098 1.319223 -0.4630032 0.3157799 1.320068 -0.4882286 0.3190245 1.297057 -0.4891318 0.3160991 1.297589 -0.5015378 0.3194493 1.267134 -0.5025924 0.3165293 1.267288 -0.4912834 0.3165755 1.264038 -0.4785023 0.3164247 1.27466 -0.4657213 0.3162738 1.285282 -0.4529402 0.316123 1.295904 -0.4401592 0.3159722 1.306525 -0.4273781 0.3158214 1.317147 -0.4903482 0.3194949 1.263924 -0.477723 0.3193463 1.27439 -0.4650979 0.3191977 1.284856 -0.4524727 0.3190491 1.295322 -0.4398475 0.3189005 1.305788 -0.4272223 0.3187519 1.316254 -0.5746716 0.3335025 0.9195929 -0.5664228 0.3322814 0.9177506 -0.5603843 0.3289451 0.9127175 -0.558174 0.3243877 0.9058421 -0.5603843 0.3198302 0.8989664 -0.5664228 0.3164939 0.8939333 -0.5746716 0.3152728 0.8920912 -0.5829203 0.3164939 0.8939333 -0.5889589 0.3198302 0.8989664 -0.5911691 0.3243877 0.9058421 -0.5889589 0.3289451 0.9127175 -0.5829204 0.3322814 0.9177506 -0.6224957 0.7198008 0.3138607 -0.6164572 0.7140297 0.3123103 -0.6142469 0.7061462 0.3101922 -0.6164572 0.6982627 0.3080744 -0.6224957 0.6924915 0.3065239 -0.6307445 0.6903793 0.3059564 -0.6389932 0.6924915 0.3065239 -0.6450318 0.6982627 0.3080744 -0.647242 0.7061462 0.3101922 -0.6450318 0.7140297 0.3123103 -0.6389933 0.7198008 0.3138607 -0.6307445 0.7219132 0.3144282 -0.6307445 0.645779 0.5971364 -0.6389933 0.6437726 0.5962654 -0.6450318 0.6382911 0.5938856 -0.647242 0.6308035 0.5906345 -0.6450318 0.6233157 0.5873836 -0.6389932 0.6178342 0.5850037 -0.6307445 0.615828 0.5841327 -0.6224957 0.6178342 0.5850037 -0.6164572 0.6233157 0.5873836 -0.6142469 0.6308035 0.5906345 -0.6164572 0.6382911 0.5938856 -0.6224957 0.6437726 0.5962654 -0.6120535 0.4728143 0.8213067 -0.6038047 0.4714714 0.8195746 -0.5977662 0.4678023 0.814842 -0.5955559 0.4627902 0.8083769 -0.5977662 0.4577781 0.8019121 -0.6038047 0.454109 0.7971792 -0.6120535 0.4527661 0.795447 -0.6203023 0.454109 0.7971792 -0.6263408 0.4577781 0.8019121 -0.628551 0.4627902 0.8083769 -0.6263408 0.4678022 0.814842 -0.6203023 0.4714714 0.8195746 -0.6224957 0.5428137 0.7584144 -0.6164572 0.5383026 0.7544952 -0.6142469 0.5321407 0.7491412 -0.6164572 0.5259785 0.7437874 -0.6224957 0.5214676 0.7398681 -0.6307445 0.5198166 0.7384335 -0.6389932 0.5214676 0.7398681 -0.6450318 0.5259785 0.7437874 -0.647242 0.5321407 0.7491412 -0.6450318 0.5383026 0.7544952 -0.6389933 0.5428137 0.7584144 -0.6307445 0.5444648 0.759849 -0.5706468 0.3450397 1.044913 -0.5642519 0.3440269 1.044899 -0.558483 0.3410878 1.044857 -0.5539047 0.3365101 1.044792 -0.5509653 0.3307417 1.04471 -0.5499525 0.3235722 1.044608 -0.5509653 0.3187285 1.04454 -0.5539047 0.3121848 1.044447 -0.558483 0.3076071 1.044382 -0.5642519 0.3046679 1.04434 -0.5706468 0.3036552 1.044326 -0.5770417 0.3046679 1.04434 -0.5828106 0.3076071 1.044382 -0.5873889 0.3121848 1.044447 -0.5903283 0.3179532 1.044529 -0.5913411 0.3243475 1.044619 -0.5903283 0.3307417 1.04471 -0.5873889 0.3365101 1.044792 -0.5828106 0.3410879 1.044857 -0.5770417 0.3440269 1.044899 -0.5824337 0.3624295 0.8991845 -0.5741849 0.3611831 0.8973652 -0.5681464 0.3577777 0.8923944 -0.5659361 0.3531258 0.8856042 -0.5681464 0.3484739 0.8788139 -0.5741849 0.3450686 0.8738431 -0.5824337 0.3438221 0.8720238 -0.5906824 0.3450686 0.8738431 -0.5967209 0.3484739 0.8788139 -0.5989312 0.3531258 0.8856042 -0.5967209 0.3577776 0.8923944 -0.5906825 0.3611831 0.8973652 0.5746716 0.3553651 0.3176724 0.5205433 0.3420365 1.256438 0.5682767 0.3543523 0.317658 0.5141484 0.3410238 1.256423 0.5625077 0.3514132 0.3176163 0.5083795 0.3380846 1.256382 0.5579295 0.3468354 0.3175513 0.5038012 0.3335068 1.256317 0.55499 0.3410671 0.3174694 0.5008618 0.3277385 1.256235 0.5539772 0.3346729 0.3173786 0.4998489 0.3195013 1.256118 0.5549901 0.3282786 0.3172879 0.5008618 0.3167929 1.256079 0.5579295 0.3225102 0.3172059 0.5038012 0.3091816 1.255971 0.5625077 0.3179324 0.3171409 0.5083795 0.3046039 1.255906 0.5682767 0.3149933 0.3170992 0.5141484 0.3016647 1.255865 0.5746716 0.3139805 0.3170849 0.5205433 0.300652 1.25585 0.5810664 0.3149933 0.3170992 0.5269382 0.3016647 1.255865 0.5868354 0.3179324 0.3171409 0.5327072 0.3046039 1.255906 0.5914136 0.3225102 0.3172059 0.5372854 0.3091816 1.255971 0.5943531 0.3282786 0.3172879 0.5402248 0.31495 1.256053 0.5953659 0.3346729 0.3173786 0.5412377 0.3213443 1.256144 0.594353 0.3410671 0.3174694 0.5402248 0.3277385 1.256235 0.5914136 0.3468355 0.3175513 0.5372854 0.3335069 1.256317 0.5868353 0.3514132 0.3176163 0.5327071 0.3380847 1.256382 0.5810664 0.3543524 0.317658 0.5269382 0.3410238 1.256423 0.5067114 0.3405903 1.286955 0.5126792 0.3415704 1.289267 0.5013278 0.3376806 1.284841 0.4970553 0.3331261 1.283131 0.4943122 0.3273728 1.281993 0.493367 0.3191407 1.281512 0.4943122 0.3164272 1.281837 0.4970553 0.3088009 1.282785 0.5013278 0.3041998 1.284365 0.5067114 0.3012312 1.286396 0.5126792 0.3001858 1.288679 0.5186471 0.301166 1.290991 0.5240308 0.3040757 1.293106 0.5283032 0.3086301 1.294816 0.5310463 0.3143835 1.295954 0.5319915 0.3207726 1.296408 0.5310463 0.327172 1.296135 0.5283032 0.3329554 1.295161 0.5240306 0.3375565 1.293581 0.518647 0.340525 1.29155 0.4846082 0.3401616 1.317146 0.4892283 0.3411116 1.321582 0.4804403 0.3372791 1.313116 0.4771326 0.3327462 1.309886 0.4750089 0.3270068 1.307772 0.4742772 0.3187795 1.306955 0.4750089 0.3160611 1.307617 0.4771326 0.308421 1.309541 0.4804403 0.3037983 1.312641 0.4846082 0.3008025 1.316587 0.4892283 0.299727 1.320994 0.4938485 0.300677 1.325429 0.4980165 0.3035596 1.329459 0.5013241 0.3080924 1.332689 0.5034478 0.3138319 1.334804 0.5041795 0.3202162 1.335595 0.5034478 0.3266204 1.334985 0.5013241 0.3324176 1.333035 0.4980164 0.3370404 1.329935 0.4938485 0.3400361 1.325988 0.4512392 0.3398795 1.337015 0.4535085 0.3408073 1.343008 0.449192 0.3370169 1.331581 0.4475672 0.3324999 1.327236 0.4465242 0.3267706 1.324406 0.4461647 0.3185468 1.323342 0.4465242 0.315825 1.324251 0.4475672 0.3081747 1.32689 0.449192 0.3035362 1.331106 0.4512391 0.3005204 1.336457 0.4535085 0.2994229 1.34242 0.4557778 0.3003507 1.348413 0.4578251 0.3032132 1.353847 0.4594497 0.3077303 1.358192 0.4604928 0.3134596 1.361022 0.4608522 0.3198404 1.36206 0.4604928 0.3262482 1.361204 0.4594497 0.3320555 1.358538 0.457825 0.3366941 1.354323 0.4557778 0.3397098 1.348972 0.4177997 0.339855 1.338738 0.4177997 0.340777 1.345147 0.4177997 0.3369978 1.332928 0.4177997 0.332485 1.328285 0.4177997 0.3267584 1.325264 0.4177997 0.3185356 1.324135 0.4177997 0.3158128 1.325109 0.4177997 0.3081598 1.32794 0.4177997 0.3035171 1.332453 0.4177997 0.300496 1.338179 0.4177997 0.2993925 1.344559 0.4177997 0.3003144 1.350968 0.4177997 0.3031716 1.356778 0.4177997 0.3076845 1.361421 0.4177997 0.3134111 1.364442 0.4177997 0.3197909 1.365545 0.4177997 0.3261996 1.364623 0.4177997 0.3320097 1.361766 0.4177997 0.3366525 1.357253 0.4177997 0.3396735 1.351527 -7.86722e-4 0.339855 1.338738 -7.86722e-4 0.340777 1.345147 -7.86722e-4 0.3369978 1.332928 -7.86722e-4 0.332485 1.328285 -7.86722e-4 0.3267584 1.325264 -7.86722e-4 0.3203786 1.324161 -7.86722e-4 0.3139699 1.325083 -7.86722e-4 0.3081598 1.32794 -7.86722e-4 0.3035171 1.332453 -7.86722e-4 0.300496 1.338179 -7.86722e-4 0.2993925 1.344559 -7.86722e-4 0.3003144 1.350968 -7.86722e-4 0.3031716 1.356778 -7.86722e-4 0.3076845 1.361421 -7.86722e-4 0.3134111 1.364442 -7.86722e-4 0.3197909 1.365545 -7.86722e-4 0.3261996 1.364623 -7.86722e-4 0.3320097 1.361766 -7.86722e-4 0.3366525 1.357253 -7.86722e-4 0.3396735 1.351527 0.4798944 0.3368384 1.344155 0.4767868 0.3398441 1.339506 0.4767869 0.3004851 1.338947 0.4798945 0.3033576 1.343679 0.4627403 0.3268599 1.318115 0.4621946 0.3186344 1.317175 0.4733421 0.3409307 1.334321 0.4823606 0.3078826 1.347467 0.4627403 0.3159143 1.31796 0.4839439 0.313617 1.349939 0.4643236 0.3082691 1.320242 0.4844896 0.3199995 1.350853 0.4667898 0.3036385 1.323899 0.4698974 0.3399918 1.329107 0.4839439 0.3264055 1.35012 0.4698973 0.3006327 1.328548 0.4667898 0.3371193 1.324375 0.4823606 0.3322078 1.347812 0.4733421 0.2995462 1.333733 0.4643236 0.3325943 1.320587 0.5195847 0.3140742 1.317741 0.5204232 0.3204609 1.318364 0.4894316 0.3085774 1.298525 0.4932217 0.3039655 1.300865 0.5032914 0.3413075 1.307787 0.4979975 0.3403424 1.304413 0.5195847 0.3268626 1.317922 0.4979975 0.3009834 1.303854 0.4932217 0.3374463 1.301341 0.5171514 0.3326529 1.31646 0.5032915 0.2999229 1.307199 0.4894316 0.3329027 1.298871 0.5133612 0.3372649 1.31412 0.5085855 0.300888 1.310573 0.4869982 0.3271563 1.297245 0.5085854 0.340247 1.311131 0.5133613 0.3037841 1.313645 0.4861598 0.3189266 1.296596 0.5171514 0.3083277 1.316115 0.4869983 0.3162106 1.297089 0.5375437 0.3146668 1.276004 0.5385227 0.3210584 1.276276 0.5247007 0.3407744 1.273987 0.5185194 0.3418034 1.272852 0.5067618 0.3378826 1.270611 0.5023364 0.3333165 1.269724 0.5023364 0.3089913 1.269378 0.5067618 0.3044018 1.270136 0.5123381 0.340807 1.271689 0.5302771 0.3043398 1.274506 0.5347024 0.3089059 1.275393 0.5347024 0.3332311 1.275739 0.5302771 0.3378206 1.274981 0.4985161 0.319321 1.268815 0.4994952 0.31661 1.268958 0.5185194 0.3004189 1.272265 0.5247008 0.3014153 1.273428 0.5375437 0.3274553 1.276185 0.4994951 0.3275556 1.269114 0.5123381 0.301448 1.27113 0.5746716 0.3472203 0.8913277 0.5682767 0.3462076 0.8913133 0.5625077 0.3432685 0.8912717 0.5579295 0.3386907 0.8912066 0.55499 0.3329223 0.8911247 0.5539772 0.3265281 0.891034 0.5549901 0.3201338 0.8909432 0.5579295 0.3143655 0.8908613 0.5625077 0.3097877 0.8907963 0.5682767 0.3068485 0.8907546 0.5746716 0.3058358 0.8907402 0.5810664 0.3068485 0.8907546 0.5868354 0.3097877 0.8907963 0.5914136 0.3143655 0.8908613 0.5943531 0.3201338 0.8909432 0.5953659 0.3265281 0.891034 0.594353 0.3329223 0.8911247 0.5914136 0.3386907 0.8912066 0.5868353 0.3432685 0.8912717 0.5810664 0.3462076 0.8913133 0.5029734 0.3196435 1.253458 0.5040644 0.3167263 1.253416 0.4959917 0.3192552 1.28081 0.4970097 0.3163323 1.28116 0.4754298 0.3188661 1.308215 0.4762179 0.3159381 1.308928 0.4451495 0.3186154 1.325866 0.4455366 0.3156837 1.326845 0.4145971 0.3186033 1.326719 0.4145971 0.3156706 1.327769 0.4624155 0.3187098 1.319223 0.4630032 0.3157799 1.320068 0.4882286 0.3190245 1.297057 0.4891318 0.3160991 1.297589 0.5015378 0.3194493 1.267134 0.5025924 0.3165293 1.267288 0.4912834 0.3165755 1.264038 0.4785023 0.3164247 1.27466 0.4657213 0.3162738 1.285282 0.4529402 0.316123 1.295904 0.4401592 0.3159722 1.306525 0.4273781 0.3158214 1.317147 0.4903482 0.3194949 1.263924 0.477723 0.3193463 1.27439 0.4650979 0.3191977 1.284856 0.4524727 0.3190491 1.295322 0.4398475 0.3189005 1.305788 0.4272223 0.3187519 1.316254 0.5029734 0.3196435 1.253458 0.5040644 0.3167263 1.253416 0.4959917 0.3192552 1.28081 0.4970097 0.3163323 1.28116 0.4754298 0.3188661 1.308215 0.4762179 0.3159381 1.308928 0.4451495 0.3186154 1.325866 0.4455366 0.3156837 1.326845 0.4145971 0.3186033 1.326719 0.4145971 0.3156706 1.327769 0.4624155 0.3187098 1.319223 0.4630032 0.3157799 1.320068 0.4882286 0.3190245 1.297057 0.4891318 0.3160991 1.297589 0.5015378 0.3194493 1.267134 0.5025924 0.3165293 1.267288 0.4912834 0.3165755 1.264038 0.4785023 0.3164247 1.27466 0.4657213 0.3162738 1.285282 0.4529402 0.316123 1.295904 0.4401592 0.3159722 1.306525 0.4273781 0.3158214 1.317147 0.4903482 0.3194949 1.263924 0.477723 0.3193463 1.27439 0.4650979 0.3191977 1.284856 0.4524727 0.3190491 1.295322 0.4398475 0.3189005 1.305788 0.4272223 0.3187519 1.316254 0.5746716 0.3335025 0.9195929 0.5664228 0.3322814 0.9177506 0.5603843 0.3289451 0.9127175 0.558174 0.3243877 0.9058421 0.5603843 0.3198302 0.8989664 0.5664228 0.3164939 0.8939333 0.5746716 0.3152728 0.8920912 0.5829203 0.3164939 0.8939333 0.5889589 0.3198302 0.8989664 0.5911691 0.3243877 0.9058421 0.5889589 0.3289451 0.9127175 0.5829204 0.3322814 0.9177506 0.6224957 0.7198008 0.3138607 0.6164572 0.7140297 0.3123103 0.6142469 0.7061462 0.3101922 0.6164572 0.6982627 0.3080744 0.6224957 0.6924915 0.3065239 0.6307445 0.6903793 0.3059564 0.6389932 0.6924915 0.3065239 0.6450318 0.6982627 0.3080744 0.647242 0.7061462 0.3101922 0.6450318 0.7140297 0.3123103 0.6389933 0.7198008 0.3138607 0.6307445 0.7219132 0.3144282 0.6307445 0.645779 0.5971364 0.6389933 0.6437726 0.5962654 0.6450318 0.6382911 0.5938856 0.647242 0.6308035 0.5906345 0.6450318 0.6233157 0.5873836 0.6389932 0.6178342 0.5850037 0.6307445 0.615828 0.5841327 0.6224957 0.6178342 0.5850037 0.6164572 0.6233157 0.5873836 0.6142469 0.6308035 0.5906345 0.6164572 0.6382911 0.5938856 0.6224957 0.6437726 0.5962654 0.6120535 0.4728143 0.8213067 0.6038047 0.4714714 0.8195746 0.5977662 0.4678023 0.814842 0.5955559 0.4627902 0.8083769 0.5977662 0.4577781 0.8019121 0.6038047 0.454109 0.7971792 0.6120535 0.4527661 0.795447 0.6203023 0.454109 0.7971792 0.6263408 0.4577781 0.8019121 0.628551 0.4627902 0.8083769 0.6263408 0.4678022 0.814842 0.6203023 0.4714714 0.8195746 0.6224957 0.5428137 0.7584144 0.6164572 0.5383026 0.7544952 0.6142469 0.5321407 0.7491412 0.6164572 0.5259785 0.7437874 0.6224957 0.5214676 0.7398681 0.6307445 0.5198166 0.7384335 0.6389932 0.5214676 0.7398681 0.6450318 0.5259785 0.7437874 0.647242 0.5321407 0.7491412 0.6450318 0.5383026 0.7544952 0.6389933 0.5428137 0.7584144 0.6307445 0.5444648 0.759849 0.5706468 0.3450397 1.044913 0.5642519 0.3440269 1.044899 0.558483 0.3410878 1.044857 0.5539047 0.3365101 1.044792 0.5509653 0.3307417 1.04471 0.5499525 0.3235722 1.044608 0.5509653 0.3187285 1.04454 0.5539047 0.3121848 1.044447 0.558483 0.3076071 1.044382 0.5642519 0.3046679 1.04434 0.5706468 0.3036552 1.044326 0.5770417 0.3046679 1.04434 0.5828106 0.3076071 1.044382 0.5873889 0.3121848 1.044447 0.5903283 0.3179532 1.044529 0.5913411 0.3243475 1.044619 0.5903283 0.3307417 1.04471 0.5873889 0.3365101 1.044792 0.5828106 0.3410879 1.044857 0.5770417 0.3440269 1.044899 0.5824337 0.3624295 0.8991845 0.5741849 0.3611831 0.8973652 0.5681464 0.3577777 0.8923944 0.5659361 0.3531258 0.8856042 0.5681464 0.3484739 0.8788139 0.5741849 0.3450686 0.8738431 0.5824337 0.3438221 0.8720238 0.5906824 0.3450686 0.8738431 0.5967209 0.3484739 0.8788139 0.5989312 0.3531258 0.8856042 0.5967209 0.3577776 0.8923944 0.5906825 0.3611831 0.8973652</float_array>
          <technique_common>
            <accessor source="#rollbar_tlb-mesh-positions-array" count="736" stride="3">
              <param name="X" type="float"/>
              <param name="Y" type="float"/>
              <param name="Z" type="float"/>
            </accessor>
          </technique_common>
        </source>
        <source id="rollbar_tlb-mesh-normals">
          <float_array id="rollbar_tlb-mesh-normals-array" count="2154">0.005363225 0.9999093 0.01235812 0.2993586 0.9538215 -0.02467978 -0.01026958 0.9998045 0.01690268 0.3135309 0.9485947 -0.04320293 0.5792204 0.8126602 -0.06393188 0.5884017 0.8032799 -0.09233003 0.8009011 0.590949 -0.09662717 0.8032917 0.5810781 -0.1306555 0.9451995 0.3037236 -0.1197909 0.9444428 0.2889575 -0.1566248 0.9909186 -0.03157919 -0.1307029 0.9198349 -0.3473838 -0.1822865 0.9433519 -0.3063378 -0.1274535 0.831629 -0.5345085 -0.1506453 0.8143824 -0.5689277 -0.1144673 0.58839 -0.8003437 -0.1150975 0.5792299 -0.8105103 -0.08698165 0.3135223 -0.9469888 -0.07011514 0.2993598 -0.952736 -0.05174773 0.005369067 -0.999857 -0.01603734 -0.0102697 -0.9998813 -0.01148885 -0.3037949 -0.9518414 0.04131019 -0.3178178 -0.9476969 0.02936774 -0.5810381 -0.8082841 0.09524559 -0.592398 -0.8028884 0.06659477 -0.7983349 -0.5858061 0.1396169 -0.8078386 -0.5814005 0.0968011 -0.9360174 -0.3082759 0.1698162 -0.9448566 -0.3056196 0.1176548 -0.9830835 -0.002605497 0.1831396 -0.9918104 -0.001807749 0.1277064 -0.9448571 0.3021575 0.1262776 -0.9360199 0.3033221 0.1785012 -0.807843 0.5784113 0.1132708 -0.7983309 0.581612 0.1561903 -0.5923938 0.8006773 0.08936136 -0.9295744 -0.3050906 0.2069085 -0.9212679 -0.0055027 0.38889 -0.9751672 -0.00313872 0.2214476 -0.5810199 0.8052678 0.1181512 -0.3178152 0.946482 0.05626267 -0.3037868 0.9502874 0.06831878 0.5979923 -0.4248551 -0.6796349 -0.7391553 0.00956428 -0.6734671 -0.2284197 0.7124707 -0.6634833 -0.7765834 -0.3079698 0.5496116 -0.6720653 -0.01048606 0.7404177 -0.8142247 -0.008214294 0.5804918 -0.01060932 0.9997993 0.01699721 -0.2903864 0.9468408 0.1384492 -0.005671977 0.9998434 0.01676505 0.7852522 0.5912551 -0.1838382 0.5375174 0.8131859 -0.2231677 0.7405886 0.5925353 -0.3169079 0.8122181 -0.5454749 -0.2067825 0.5375111 -0.8065266 -0.246164 0.5689212 -0.8088893 -0.1484147 0.2943984 0.9540416 -0.05598479 0.2803166 0.9537903 -0.1081986 -0.584668 -0.8019455 0.1226651 -0.7478073 -0.5874507 0.3093315 -0.7959588 -0.5800766 0.173092 -0.5846551 0.7981495 0.1453817 -0.7478037 0.5784336 0.32589 -0.5459952 0.8012577 0.2446944 -0.01061296 -0.9998788 -0.01139599 -0.2903853 -0.9503904 0.1115106 -0.3141235 -0.9475233 0.05938112 -0.9295772 0.2990884 0.2154822 -0.8768787 0.3005798 0.3751475 0.927881 0.2963743 -0.2262728 0.8749912 0.2980556 -0.3815146 0.2803207 -0.9503329 -0.1352328 0.2944027 -0.9520661 -0.08304995 -0.8768811 -0.3110995 0.3664652 -0.3141142 0.9454582 0.08626049 0.5689287 0.8127722 -0.1253859 0.9068289 -0.3530241 -0.2302941 0.7669937 -0.5412756 -0.3445889 -0.5460023 -0.8078768 0.2218481 -0.7959579 0.5749255 0.189504 0.9631421 0.123948 -0.2387347 0.9080609 0.1275752 -0.3989362 -0.0056656 -0.9999163 -0.01162827 -0.1701852 0.9412065 0.2918346 -0.1486268 0.7904598 0.5942081 -0.07723945 0.9404836 0.3309453 0.6664241 -0.5439629 -0.5098857 0.3853267 -0.8014963 -0.4573041 0.467106 -0.8078337 -0.3594673 0.2406826 0.9568227 -0.1629794 -0.00306034 0.9998357 0.0178712 0.2022446 0.9546436 -0.2185245 -0.7765793 0.2922622 0.5581287 -0.6392539 0.295368 0.7100086 0.202257 -0.9480495 -0.2455492 0.2406747 -0.9518122 -0.1900772 0.4671086 0.8177085 -0.3363963 0.3853166 0.814162 -0.4343631 -0.6659518 0.567602 0.4840828 -0.5441741 0.573772 0.6120949 -0.003062784 -0.9999399 -0.01052534 -0.01282256 -0.9999101 -0.003934979 0.644718 0.5973125 -0.477029 0.5292665 0.5934089 -0.606418 -0.4904666 0.7920172 0.3635262 -0.3961738 0.7979733 0.4541863 -0.2095991 -0.9520441 0.2228906 -0.2654105 -0.9473994 0.1788628 0.7611393 0.3028712 -0.5735295 0.6237238 0.3011133 -0.7213179 -0.2654111 0.9419419 0.205676 -0.2095898 0.9453372 0.249819 -0.3961774 -0.8105401 0.4313562 -0.490467 -0.8020134 0.3409056 0.7900891 0.1292302 -0.5992152 0.6466523 0.1321217 -0.7512554 -0.01283234 0.9996185 0.02446037 -0.544148 -0.5909649 0.5955363 -0.6659458 -0.5811244 0.4677721 -0.6392412 -0.315428 0.7013387 0.743583 -0.3484911 -0.5706472 0.5480865 -0.5335278 -0.6441657 -0.2464557 0.2891234 0.9250228 -0.03983932 -0.01414513 0.9991061 -0.03738725 0.2937749 0.9551433 -0.1701846 -0.9491102 0.2650038 -0.1486386 -0.8069999 0.5715399 -0.3158219 -0.8044221 0.5031518 0.5057293 0.1323025 -0.852487 0.1876367 0.3078494 -0.9327493 0.1935385 0.1348001 -0.9717879 -0.006650209 0.9996462 0.02575725 -0.002486169 0.9994998 0.03153014 -0.2075911 -0.5883773 0.7814847 -0.4290106 -0.5838859 0.6892222 -0.2464407 -0.3153126 0.9164306 -0.5000367 -0.3112254 0.8081473 0.4763273 -0.3437913 -0.8092712 0.1688451 -0.5395576 -0.8248448 0.4291657 -0.5367545 -0.7264376 -0.2600036 -0.01373732 0.9655099 -0.5241121 -0.01205235 0.851564 0.1233795 -0.8058485 -0.5791249 0.3026505 -0.8030591 -0.5133215 0.1569377 0.9568343 -0.2446194 0.06674438 0.9591507 -0.2749094 -0.5000405 0.2881724 0.8166494 0.06674408 -0.9509593 -0.3020296 0.1569385 -0.9495025 -0.2716897 0.3026262 0.8173314 -0.4902928 0.12339 0.8219383 -0.5560507 -0.4290308 0.5640435 0.7055405 -0.207594 0.5659431 0.7978805 -0.002484142 -0.999992 0.003127992 -0.006645441 -0.9999745 -0.002634882 0.4152551 0.5966495 -0.6867114 0.163586 0.6022907 -0.7813357 -0.3158346 0.7897974 0.525803 -0.07724428 -0.9494972 0.3041192 0.487623 0.3042253 -0.8183342 -0.02107471 -0.815173 0.5788342 0 -0.5992122 0.8005903 -0.0306797 -0.5967664 0.8018284 0.007037699 -0.947133 -0.320764 0.007038116 0.9558638 -0.293726 0.01142901 0.8177413 -0.5754727 -0.03066742 0.5737516 0.8184551 -4.482e-4 -0.9999347 -0.01142549 0.01323789 0.5993937 -0.800345 -0.02106934 0.798408 0.6017482 -0.01034927 -0.9543043 0.2986575 0.01377302 0.3061909 -0.9518705 -0.01034885 0.945435 0.3256465 0.008798956 -0.02185648 -0.9997225 -4.47078e-4 0.9998561 0.0169661 -0.03740441 -0.3207487 0.9464255 0.1816911 -0.344199 -0.921149 0.01334106 -0.5341131 -0.8453078 0.01143455 -0.8010643 -0.5984692 3.32749e-4 -0.2956761 -0.9552882 0.00828433 -0.3435631 -0.9390931 0 -0.3224516 0.946586 0 -0.5762431 -0.8172784 0 -0.01415187 0.9998999 0 -0.8005875 -0.599216 0 0.9553489 -0.2954801 0 0.2954732 0.9553511 0 -0.946567 -0.3225075 0 0.8172873 -0.5762304 0 0.5762348 0.8172843 0 -0.9998992 -0.0142045 0 0.5992204 -0.8005841 0 0.8005859 0.5992181 0 -0.9553522 0.2954698 0 0.3224455 -0.946588 0 0.9465669 0.3225077 0 -0.8172829 0.5762369 3.44202e-4 0.01437109 -0.9998968 0 0.9998992 0.01419901 0.9818279 -0.02777862 -0.1877299 -0.3101896 0.9505124 0.01757353 6.86012e-6 0.7486477 -0.662968 -0.4344715 0.6074916 -0.6649726 -0.8094205 0.5869244 0.01893198 -0.5979863 0.443992 -0.6672957 -0.9511066 0.3084048 0.01682502 -0.7029796 0.2379529 -0.6702225 -0.9511083 -0.3087527 0.008062541 -0.7030035 -0.2188366 -0.6766807 -0.8094195 -0.5872266 0.002261459 -0.5979951 -0.424857 -0.6796312 -0.4344567 -0.5883671 -0.6819615 -0.3101903 -0.9506279 -0.009418725 -0.2284127 -0.6933454 -0.683447 -1.53107e-6 -0.7295481 -0.6839296 0.3078276 -0.9512808 -0.01752567 0.2284101 -0.6933475 -0.6834458 0.5869182 -0.8094192 -0.01917636 0.4344632 -0.588364 -0.6819601 0.8085241 -0.5881579 -0.01894861 0.7029852 -0.2188231 -0.6767041 0.7391475 0.009561479 -0.6734759 0.9508981 -0.3090562 -0.01664584 0.9508563 0.3095273 -0.008075714 0.7029786 0.2379651 -0.6702192 0.808515 0.5884715 -0.002242565 0.5979914 0.4439825 -0.6672974 0.4344662 0.607497 -0.6649712 0.3078231 0.9513964 0.009488523 0.2284113 0.7124696 -0.6634873 2.29073e-6 -0.9998993 -0.0141952 1.47688e-6 -0.9998993 -0.01419574 7.68993e-7 -0.9998993 -0.01419508 -1.08071e-6 -0.9998993 -0.01419728 -8.90313e-7 -0.9998993 -0.0141974 -1.42122e-6 -0.9998992 -0.01419693 -1.25133e-6 -0.9998993 -0.01419609 -1.49929e-6 -0.9998993 -0.01419645 -2.01475e-6 -0.9998993 -0.01419478 -2.39407e-6 -0.9998993 -0.0141977 -8.38649e-7 -0.9998993 -0.01419585 -1.25868e-6 -0.9998992 -0.01419997 5.983e-7 -0.9998993 -0.01419967 4.47399e-7 -0.9998992 -0.01420223 3.64521e-6 -0.9998993 -0.01419633 3.62886e-6 -0.9998993 -0.01419842 3.28961e-6 -0.9998992 -0.01419866 4.59228e-6 -0.9998993 -0.01419925 1.45713e-6 -0.9998992 -0.01419979 7.17944e-7 -0.9998993 -0.01419788 -1.45667e-6 -0.9998993 -0.01419794 -1.21317e-6 -0.9998993 -0.01419585 -2.41026e-7 -0.9998993 -0.01419681 -5.38611e-7 -0.9998993 -0.01419723 9.53592e-7 -0.9998992 -0.01419717 1.05391e-6 -0.9998993 -0.01419669 1.25128e-6 -0.9998993 -0.01419448 1.2859e-6 -0.9998993 -0.01419335 -0.857668 0.3432771 0.38284 -0.9103554 0.3419092 0.2331336 -0.9113293 0.3416194 0.2297284 -0.6111521 0.3372341 0.716077 -0.7458558 0.3363375 0.5749577 -0.7504131 0.3352475 0.5696397 -0.1906 0.3326696 0.9235815 -0.4775258 0.3318004 0.8135587 -0.4806997 0.3306404 0.8121605 0.8441901 0.1788573 0.505325 -0.1790606 0.333374 0.9256345 -0.6104956 0.3386685 0.71596 -0.8570045 0.3443792 0.3833356 -0.2761997 0.1151701 -0.9541748 -0.5901048 0.2318507 -0.7733187 0.6203252 -0.2276058 -0.7505947 0.6202144 -0.2283768 -0.750452 0.614892 -0.2599856 -0.7445236 0.9884848 0.0520994 0.1420688 0.6160323 -0.2536637 -0.7457607 0.6150114 -0.2592257 -0.7446899 0.6167817 -0.2471916 -0.747313 0.6160997 -0.252943 -0.7459498 0.6181076 -0.241195 -0.7481765 0.6166751 -0.2472046 -0.7473966 0.6183016 -0.240459 -0.7482531 0.6191692 -0.2348009 -0.7493318 0.6193203 -0.2340517 -0.7494413 -0.9997008 0.02242743 0.009765803 -0.8640242 0.4861807 0.1307315 -1 -3.54404e-5 3.1988e-5 0.02711433 -0.1083535 0.9937426 0.4944265 0.5858076 0.6421619 -2.35151e-4 0.5763896 0.8171752 -6.67574e-7 -0.917415 -0.3979319 -0.4965416 -0.8384171 -0.2247291 -8.04843e-7 -0.9659139 -0.2588638 0.4187443 -0.1241454 0.8995783 0.8486757 0.4378056 0.2967758 -0.8534966 0.4779336 0.207661 -0.4965288 0.8381974 0.2255759 0.713636 -0.2589339 0.6509048 0.9764584 0.1779918 -0.1218519 -0.9947047 -0.04684954 0.09147483 0.7104889 -0.7037039 -0.00254029 0.850385 -0.1286 -0.5102035 -0.01769769 -0.7599167 -0.6497795 0.5073023 -0.7905782 -0.3429731 0.4938452 -0.6233026 -0.6063091 0.4150397 -0.8839713 -0.2152599 0.4956176 -0.4055324 -0.7680538 0.8450477 0.4554063 0.2801779 0.4865296 0.8012741 0.3482083 0.4731687 0.6964623 0.539492 0.02719163 -0.965018 -0.2607699 1.38816e-4 -0.5750802 -0.8180971 0.8746475 -0.4446886 -0.1929871 0.8674502 -0.3098279 -0.3892776 -0.3383507 -0.9309682 -0.1371752 -0.4943502 -0.5857693 -0.6422556 2.2821e-7 0.9171342 0.3985784 -0.01549071 0.7565844 0.6537126 -0.5904093 -0.7999349 0.1073369 -0.8484896 -0.4383851 -0.2964525 0.9997009 0.02242267 0.009766578 0.9942395 0.08835411 -0.06067538 -0.6819406 -0.6076409 0.4070992 -0.9764832 -0.1776136 0.1222046 0.8640052 -0.4863026 -0.1304026 -0.8506729 0.1299946 0.5093693 -0.5970398 -0.3955449 0.6979168 -0.4958866 0.407552 0.7668102 0.4965374 -0.8384203 -0.2247272 -0.3441905 -0.2114211 0.9147864 0.8534924 0.4779403 0.2076627 0.4965331 0.8381944 0.2255777 -0.4915801 0.4511635 0.7448493 -0.4975017 0.6259288 0.6005874 -0.8472712 0.1681246 0.5038509 -0.8548226 0.3346976 0.3965553 -0.9781106 -0.1590511 0.1341727 -0.8746444 -0.4208672 -0.2405578 -0.5192096 -0.6838272 -0.512642 -0.852461 -0.4457638 -0.2731392 -0.4971401 -0.6133378 -0.6137334 -8.94144e-4 -0.6124959 -0.7904733 0.4956237 -0.4421848 -0.7475492 0.8518581 -0.1550747 -0.5002896 0.8464472 0.4485628 0.2869123 0.4891768 0.6119395 0.621479 -0.001699566 0.6138429 0.7894265 6.81994e-7 0.9656181 0.2599649 1 -4.47181e-5 3.21504e-5 -0.8746501 -0.4446838 -0.1929866 -0.864012 -0.4862902 -0.1304038 0.8640259 0.4861769 0.130734 -0.486532 0.8012719 0.3482097 -0.5072971 -0.7905816 -0.3429729 -0.001306176 0.999898 0.01423084 -0.5886218 0.8081808 0.01919192 -0.9999144 -1.77821e-4 0.01307988 -0.5886225 -0.8083994 -0.003760278 -0.001306295 -0.9998989 -0.01416224 0.9999166 4.72535e-5 -0.01292008 0.5869102 0.8096432 0.003811061 0.9779512 0.1696489 -0.1217814 -0.2993581 0.9538217 -0.02467972 -0.005363166 0.9999094 0.01235818 0.01026874 0.9998044 0.01690256 -0.5792195 0.8126608 -0.06393182 -0.3135308 0.9485947 -0.04320305 -0.8009012 0.5909489 -0.09662717 -0.5884019 0.8032799 -0.09232985 -0.9452 0.303722 -0.119791 -0.8032914 0.5810785 -0.1306552 -0.9909185 -0.03158074 -0.1307026 -0.9444425 0.288959 -0.1566247 -0.9198346 -0.3473847 -0.1822866 -0.9818279 -0.02777743 -0.18773 -0.9433519 -0.3063378 -0.1274535 -0.831628 -0.5345099 -0.1506456 -0.8143824 -0.5689277 -0.1144673 -0.5883891 -0.8003443 -0.1150978 -0.5792298 -0.8105105 -0.08698165 -0.3135217 -0.9469889 -0.07011491 -0.2993598 -0.952736 -0.05174773 -0.005368769 -0.999857 -0.01603728 0.0102697 -0.9998813 -0.01148885 0.303795 -0.9518415 0.04131019 0.3178179 -0.9476969 0.02936774 0.5810377 -0.8082843 0.09524571 0.592398 -0.8028884 0.06659477 0.7983347 -0.5858063 0.1396169 0.8078386 -0.5814005 0.0968011 0.9360172 -0.3082765 0.1698161 0.9448567 -0.3056197 0.1176548 0.9830836 -0.002605319 0.1831393 0.9448579 0.3021548 0.1262776 0.9918104 -0.001808285 0.1277064 0.8078442 0.5784096 0.1132708 0.93602 0.3033218 0.1785011 0.5923933 0.8006778 0.08936107 0.798331 0.5816116 0.1561907 0.9212678 -0.005503475 0.38889 0.9295742 -0.3050912 0.2069085 0.9751672 -0.003141105 0.2214477 0.3178144 0.9464823 0.05626213 0.5810195 0.805268 0.1181513 0.3037868 0.9502875 0.06831902 -0.2284113 -0.6933467 -0.6834462 -0.7391549 0.009567499 -0.6734675 -0.2284103 0.7124696 -0.6634877 0.6720656 -0.01048654 0.7404174 0.7765835 -0.3079718 0.5496104 0.8142254 -0.008215308 0.5804909 0.01060932 0.9997993 0.01699721 0.2903864 0.9468409 0.1384492 0.3141143 0.9454583 0.08626049 -0.7852522 0.5912551 -0.1838382 -0.5375173 0.8131859 -0.2231677 -0.5689287 0.8127722 -0.1253859 -0.5375105 -0.8065268 -0.2461646 -0.8122184 -0.5454745 -0.2067826 -0.5689219 -0.8088886 -0.1484154 -0.2943984 0.9540416 -0.05598479 0.005671977 0.9998434 0.01676499 0.7478069 -0.5874512 0.3093314 0.5846695 -0.8019444 0.1226657 0.79596 -0.5800748 0.1730924 0.5846551 0.7981495 0.1453817 0.7478037 0.5784336 0.32589 0.795958 0.5749256 0.189504 0.2903847 -0.9503905 0.1115111 0.01061284 -0.9998788 -0.01139628 0.314125 -0.9475228 0.05938136 0.9295772 0.2990883 0.2154822 -0.927881 0.2963743 -0.2262728 -0.740588 0.592536 -0.3169079 -0.2803201 -0.950333 -0.1352325 -0.2944036 -0.9520658 -0.08305001 0.8768808 -0.3111008 0.3664649 0.5459953 0.8012577 0.2446944 -0.2803168 0.9537902 -0.1081987 -0.7669936 -0.5412757 -0.3445889 -0.9068295 -0.3530236 -0.2302926 0.546002 -0.807877 0.2218485 0.8768787 0.3005798 0.3751475 -0.9631421 0.123948 -0.2387347 -0.8749912 0.2980551 -0.3815151 0.005666017 -0.9999164 -0.01162761 0.1701852 0.9412065 0.2918346 0.1486268 0.7904598 0.5942082 0.3158346 0.7897973 0.5258029 -0.3853241 -0.801498 -0.4573034 -0.6664235 -0.5439631 -0.5098862 -0.4671053 -0.8078345 -0.3594665 -0.2406832 0.9568225 -0.1629797 0.00306034 0.9998357 0.0178712 0.0128324 0.9996185 0.02446043 0.7765793 0.2922622 0.5581287 -0.2022554 -0.9480502 -0.245548 -0.2406746 -0.9518123 -0.1900767 -0.467109 0.8177081 -0.336397 -0.2022446 0.9546436 -0.2185245 0.6659518 0.567602 0.4840828 0.6392539 0.295368 0.7100086 0.003062963 -0.99994 -0.01052474 0.01282274 -0.9999101 -0.003935396 -0.6447174 0.5973129 -0.4770293 -0.3853166 0.814162 -0.4343631 0.4904666 0.7920172 0.3635262 0.5441741 0.5737721 0.6120949 0.2095987 -0.9520443 0.2228902 0.2654113 -0.9473989 0.1788635 -0.7611393 0.3028711 -0.5735296 -0.5292663 0.5934092 -0.606418 0.2654111 0.9419418 0.205676 0.3961739 0.7979732 0.4541863 0.3961777 -0.81054 0.4313562 0.4904667 -0.8020137 0.3409054 -0.7900894 0.1292286 -0.5992152 -0.6237236 0.301114 -0.7213177 0.2095898 0.9453372 0.249819 0.5441491 -0.5909652 0.5955351 0.6659452 -0.581126 0.467771 0.6392416 -0.3154295 0.7013376 -0.548086 -0.5335294 -0.6441648 -0.7435833 -0.3484907 -0.5706472 0.2464558 0.2891234 0.9250228 0.03983896 -0.01414519 0.999106 0.2600032 -0.01373797 0.9655101 0.1486377 -0.8069992 0.5715413 0.1701851 -0.94911 0.2650042 0.3158217 -0.8044225 0.5031512 -0.5057289 0.1323031 -0.852487 -0.1876367 0.3078494 -0.9327493 -0.4876224 0.3042257 -0.8183344 0.006650209 0.9996462 0.02575725 0.07723945 0.9404836 0.3309453 0.20759 -0.5883765 0.7814854 0.4290111 -0.5838863 0.6892216 0.2464399 -0.3153129 0.9164307 0.5000375 -0.3112263 0.8081465 -0.1688446 -0.5395584 -0.8248444 -0.4763273 -0.3437915 -0.8092711 -0.4291658 -0.5367548 -0.7264373 0.5241125 -0.01205313 0.8515638 -0.1233797 -0.8058485 -0.5791249 -0.3026507 -0.8030595 -0.5133206 -0.1569377 0.9568343 -0.2446194 0.002486169 0.9994997 0.03153014 0.5000405 0.2881724 0.8166494 -0.06674444 -0.9509592 -0.3020296 -0.156938 -0.9495033 -0.2716875 -0.3026262 0.8173314 -0.4902928 -0.06674438 0.9591507 -0.2749094 0.4290308 0.5640435 0.7055405 0.002484261 -0.999992 0.003127455 0.006645739 -0.9999746 -0.002632558 -0.4152551 0.5966495 -0.6867114 -0.12339 0.8219383 -0.5560507 0.207594 0.5659431 0.7978805 0.0772444 -0.9494971 0.3041194 -0.163586 0.6022907 -0.7813357 0.02107459 -0.8151728 0.5788344 0.03067928 -0.5967662 0.8018285 -0.007037699 -0.9471331 -0.320764 -0.007038116 0.9558638 -0.293726 0.03738725 0.2937749 0.9551433 4.48194e-4 -0.9999347 -0.01142543 -0.01142901 0.8177413 -0.5754727 0.03066742 0.5737516 0.8184551 0.01034921 -0.9543043 0.2986575 -0.01323789 0.5993937 -0.8003448 0.02106934 0.7984079 0.6017482 -0.1935385 0.1348001 -0.9717881 -0.01377296 0.3061909 -0.9518705 0.01034885 0.945435 0.3256465 0.03740364 -0.3207488 0.9464255 -0.01334196 -0.5341131 -0.8453078 -0.1816922 -0.3441994 -0.9211487 -0.01143473 -0.8010644 -0.598469 4.47078e-4 0.9998561 0.0169661 -3.32663e-4 -0.2956761 -0.9552882 -0.008798897 -0.02185648 -0.9997225 -0.008285462 -0.3435632 -0.9390931 -3.44114e-4 0.01437109 -0.9998968 -0.6086842 -0.3486728 -0.7126928 -0.6466533 0.1321218 -0.7512546 -0.8537337 -0.3544903 -0.3814126 -0.9080608 0.1275736 -0.3989368 -6.97859e-6 0.7486478 -0.662968 0.3101902 0.9505122 0.01757359 0.2284191 0.7124665 -0.6634879 0.4344639 0.6074925 -0.6649768 0.5886238 0.8081793 0.01919198 0.8094214 0.5869232 0.01893198 0.5979872 0.4439921 -0.6672949 0.9511062 0.3084055 0.01682502 0.702979 0.2379541 -0.6702226 0.7391557 0.009563386 -0.6734669 0.9999144 -1.7804e-4 0.01307994 0.9511084 -0.3087521 0.008062541 0.7030032 -0.2188379 -0.6766805 0.80942 -0.587226 0.002261459 0.5979895 -0.4248598 -0.6796343 0.434465 -0.5883616 -0.6819611 0.5886231 -0.808399 -0.003760278 0.3101909 -0.9506276 -0.009418725 0.2284147 -0.6933463 -0.6834455 1.84448e-6 -0.7295482 -0.6839295 0.001305997 -0.9998989 -0.01416224 -0.3078271 -0.9512809 -0.01752567 -0.5869167 -0.8094202 -0.01917636 -0.4344686 -0.5883621 -0.6819582 -0.8085235 -0.5881589 -0.01894861 -0.5979856 -0.4248453 -0.6796469 -0.7029801 -0.2188308 -0.6767069 -0.9508981 -0.3090562 -0.01664584 -0.9999166 4.64178e-5 -0.01292008 -0.9508564 0.3095272 -0.008075773 -0.7029782 0.2379673 -0.6702189 -0.8085147 0.588472 -0.002242565 -0.5979915 0.4439831 -0.667297 -0.434466 0.6074972 -0.6649711 -0.586911 0.8096426 0.003811061 -0.307824 0.9513961 0.009488582 0.001306354 0.9998979 0.01423084 -2.2035e-6 -0.9998993 -0.0141952 -6.96023e-7 -0.9998993 -0.01419377 -1.47688e-6 -0.9998993 -0.01419574 1.1157e-6 -0.9998993 -0.01419562 1.42807e-6 -0.9998993 -0.0141955 8.76806e-7 -0.9998993 -0.01419699 1.25133e-6 -0.9998993 -0.01419609 1.49929e-6 -0.9998993 -0.01419645 2.01475e-6 -0.9998993 -0.01419383 2.41862e-6 -0.9998993 -0.01419717 8.57463e-7 -0.9998993 -0.01419496 1.29843e-6 -0.9998992 -0.01419997 -5.983e-7 -0.9998993 -0.01419967 -4.47399e-7 -0.9998992 -0.01420223 -3.64521e-6 -0.9998993 -0.01419633 -3.28961e-6 -0.9998992 -0.01419866 -3.62886e-6 -0.9998993 -0.01419842 -4.59228e-6 -0.9998993 -0.01419925 -7.17944e-7 -0.9998993 -0.01419788 -1.45713e-6 -0.9998992 -0.01419979 1.21317e-6 -0.9998993 -0.01419585 1.45667e-6 -0.9998993 -0.01419794 5.38611e-7 -0.9998993 -0.01419723 2.41026e-7 -0.9998993 -0.01419681 -1.05391e-6 -0.9998993 -0.01419669 -9.53592e-7 -0.9998992 -0.01419717 -1.2859e-6 -0.9998993 -0.01419335 -1.25128e-6 -0.9998993 -0.01419448 0.910356 0.3419088 0.233132 0.8576683 0.3432775 0.3828392 0.9113299 0.3416189 0.2297267 0.7458552 0.336339 0.5749577 0.6111528 0.3372353 0.7160758 0.7504124 0.335249 0.5696398 0.4775264 0.3318005 0.8135582 0.1906007 0.33267 0.9235812 0.4807004 0.3306403 0.8121602 0.1790614 0.3333745 0.9256341 -0.8441895 0.178847 0.5053295 0.2761992 0.1151722 -0.9541748 0.5901042 0.2318531 -0.7733183 -0.6203252 -0.2276058 -0.7505947 -0.9884846 0.05208891 0.1420739 -0.6148951 -0.2599865 -0.7445207 -0.6150144 -0.2592259 -0.7446874 -0.6160319 -0.2536585 -0.7457628 -0.6160993 -0.2529376 -0.745952 -0.6167833 -0.2471897 -0.7473123 -0.6181076 -0.241195 -0.7481765 -0.6183016 -0.240459 -0.748253 -0.6191692 -0.2348009 -0.7493318 -0.6193202 -0.2340517 -0.7494414 -0.6202144 -0.2283768 -0.750452 0.9997008 0.02242743 0.009765803 0.8640242 0.4861807 0.1307315 0.8534967 0.4779336 0.207661 -0.4944278 0.5858077 0.6421608 -0.02711081 -0.1083469 0.9937434 2.35515e-4 0.5763902 0.8171747 1.57343e-6 -0.9174152 -0.3979313 0.4965417 -0.8384172 -0.2247291 0.5072971 -0.7905816 -0.3429729 -0.8486761 0.4378055 0.2967746 -0.418752 -0.1241319 0.8995766 0.4965288 0.8381974 0.2255759 0.486532 0.8012719 0.3482097 -0.9764583 0.1779924 -0.1218519 -0.7136309 -0.2589345 0.6509101 0.9947047 -0.04684978 0.09147477 0.8548229 0.3346972 0.3965548 -0.7104871 -0.7037057 -0.002532362 -0.8216565 -0.4731222 0.317862 -0.5073022 -0.7905783 -0.3429733 0.01769804 -0.7599167 -0.6497795 -0.4938448 -0.6233032 -0.6063089 -0.850385 -0.1286 -0.5102035 -0.4150397 -0.8839713 -0.21526 -0.4865309 0.8012734 0.3482081 -0.8450486 0.4554049 0.2801772 -0.4731701 0.6964617 0.5394915 -0.4956176 -0.4055324 -0.7680538 -0.02719241 -0.9650186 -0.2607678 -0.8746479 -0.4446874 -0.1929874 -0.8674499 -0.309829 -0.3892774 -1.38815e-4 -0.5750802 -0.8180971 0.3383512 -0.9309683 -0.1371736 -7.82071e-7 0.9171342 0.3985787 0.01549184 0.7565839 0.6537132 0.4943502 -0.5857694 -0.6422556 0.5904063 -0.7999356 0.107348 -0.999701 0.02242237 0.009766459 -0.9942395 0.08835363 -0.0606755 0.8484896 -0.4383851 -0.2964525 0.6819414 -0.6076408 0.4070979 -0.864005 -0.4863029 -0.1304026 0.8506718 0.1299955 0.5093709 0.9764834 -0.1776127 0.122205 0.4958852 0.4075523 0.766811 0.5970386 -0.3955483 0.6979159 -0.4965366 -0.8384206 -0.2247269 0.3441861 -0.2114193 0.9147885 -0.4965342 0.8381937 0.2255779 -0.8534932 0.4779393 0.2076623 0.4915829 0.4511621 0.7448484 0.4975029 0.6259278 0.6005875 0.8472721 0.1681225 0.50385 0.9781106 -0.1590516 0.1341723 0.8746444 -0.4208672 -0.2405578 0.852461 -0.4457638 -0.2731392 0.5192096 -0.6838272 -0.512642 0.4971401 -0.6133378 -0.6137333 8.94139e-4 -0.6124959 -0.7904733 -0.4956237 -0.4421848 -0.7475492 -0.8518581 -0.1550747 -0.5002896 -0.9779513 0.1696488 -0.1217817 -0.8464476 0.4485625 0.2869116 -0.4891784 0.6119396 0.6214777 0.001699626 0.6138437 0.7894259 -1.64893e-6 0.9656181 0.2599652 -1 -4.27034e-5 3.21135e-5 0.8746501 -0.4446838 -0.1929866 1 -3.54403e-5 3.19881e-5 -0.8640249 0.4861785 0.1307339 0.864012 -0.4862902 -0.1304038 0.853733 -0.3544902 -0.3814143 0.6086832 -0.3486724 -0.7126938 0.821657 -0.4731203 0.3178633 0.8570047 0.3443797 0.3833349 0.6104965 0.3386697 0.7159587 -0.616677 -0.2472028 -0.7473958 1.53117e-6 -0.965914 -0.2588635</float_array>
          <technique_common>
            <accessor source="#rollbar_tlb-mesh-normals-array" count="718" stride="3">
              <param name="X" type="float"/>
              <param name="Y" type="float"/>
              <param name="Z" type="float"/>
            </accessor>
          </technique_common>
        </source>
        <vertices id="rollbar_tlb-mesh-vertices">
          <input semantic="POSITION" source="#rollbar_tlb-mesh-positions"/>
        </vertices>
        <triangles material="bug_interior_metal_gray-material" count="1252">
          <input semantic="VERTEX" source="#rollbar_tlb-mesh-vertices" offset="0"/>
          <input semantic="NORMAL" source="#rollbar_tlb-mesh-normals" offset="1"/>
          <p>1 0 337 1 336 2 3 3 338 4 337 1 5 5 339 6 338 4 7 7 340 8 339 6 9 9 341 10 340 8 341 10 13 11 342 12 342 12 15 13 343 14 343 14 17 15 344 16 344 16 19 17 345 18 345 18 21 19 346 20 346 20 23 21 347 22 347 22 25 23 348 24 348 24 27 25 349 26 349 26 29 27 350 28 350 28 31 29 351 30 31 29 352 31 351 30 33 32 353 33 352 31 35 34 354 35 353 33 180 36 55 37 181 38 37 39 355 40 354 35 39 41 336 2 355 40 14 42 30 43 38 44 160 45 75 46 161 47 183 48 59 49 41 50 185 51 42 52 43 53 186 54 48 55 187 56 188 57 41 50 40 58 189 59 53 60 190 61 192 62 57 63 58 64 195 65 51 66 196 67 197 68 55 37 56 69 198 70 43 53 44 71 187 56 49 72 199 73 190 61 54 74 180 36 182 75 58 64 59 49 184 76 40 58 42 52 194 77 47 78 186 54 196 67 52 79 189 59 191 80 56 69 57 63 193 81 44 71 45 82 199 73 50 83 195 65 141 84 98 85 99 86 162 87 68 88 163 89 165 90 61 91 60 92 166 93 75 46 76 94 163 89 69 95 167 96 168 97 60 92 62 98 169 99 76 94 77 100 167 96 70 101 170 102 171 103 62 98 63 104 172 105 77 100 78 106 170 102 71 107 173 108 174 109 63 104 64 110 175 111 78 106 79 112 173 108 72 113 176 114 177 115 64 110 65 116 164 117 79 112 61 91 176 114 73 118 178 119 178 119 74 120 160 45 179 121 67 122 162 87 96 123 115 124 116 125 142 126 92 127 143 128 145 129 84 130 85 131 146 132 99 86 81 133 143 128 93 134 147 135 147 135 94 136 149 137 148 138 87 139 150 140 149 137 95 141 151 142 150 140 88 143 152 144 153 145 81 133 80 146 154 147 95 141 96 123 152 144 89 148 155 149 156 150 80 146 82 151 157 152 96 123 97 153 155 149 90 154 158 155 159 156 82 151 83 157 140 158 97 153 98 85 158 155 91 159 142 126 144 160 83 157 84 130 112 161 133 162 113 163 88 143 109 164 89 148 82 151 100 165 102 166 97 153 116 125 117 167 89 148 110 168 90 154 83 157 102 166 103 169 98 85 117 167 118 170 90 154 111 171 91 159 84 130 103 169 104 172 99 86 118 170 119 173 91 159 112 161 92 127 85 131 104 172 105 174 81 133 119 173 101 175 92 127 113 163 93 134 93 134 114 176 94 136 86 177 107 178 87 139 94 136 115 124 95 141 87 139 108 179 88 143 80 146 101 175 100 165 105 174 126 180 106 181 113 163 134 182 114 176 107 178 126 180 127 183 114 176 135 184 115 124 107 178 128 185 108 179 101 175 120 186 100 165 115 124 136 187 116 125 108 179 129 188 109 164 100 165 122 189 102 166 116 125 137 190 117 167 109 164 130 191 110 168 102 166 123 192 103 169 117 167 138 193 118 170 110 168 131 194 111 171 103 169 124 195 104 172 118 170 139 196 119 173 111 171 132 197 112 161 104 172 125 198 105 174 119 173 121 199 101 175 63 104 144 160 64 110 70 101 142 126 71 107 78 106 157 152 140 158 63 104 156 150 159 156 69 95 158 155 70 101 77 100 154 147 157 152 62 98 153 145 156 150 68 88 155 149 69 95 76 94 151 142 154 147 60 92 146 132 153 145 67 122 152 144 68 88 74 120 151 142 75 46 67 122 148 138 150 140 73 118 149 137 74 120 72 113 147 135 73 118 61 91 141 84 146 132 64 110 145 129 65 116 71 107 143 128 72 113 79 112 140 158 141 84 47 78 179 121 162 87 53 60 160 45 54 74 52 79 178 119 53 60 41 50 175 111 164 117 44 71 177 115 45 82 51 66 176 114 52 79 59 49 172 105 175 111 43 53 174 109 44 71 50 83 173 108 51 66 58 64 169 99 172 105 42 52 171 103 43 53 49 72 170 102 50 83 57 63 166 93 169 99 40 58 168 97 42 52 49 72 163 89 167 96 56 69 161 47 166 93 40 58 164 117 165 90 48 55 162 87 163 89 54 74 161 47 55 37 19 17 195 65 21 19 11 200 198 70 193 81 35 34 197 68 191 80 23 21 189 59 25 23 13 11 186 54 15 13 5 5 188 57 184 76 39 41 192 62 182 75 27 25 180 36 29 27 17 15 199 73 19 17 9 9 185 51 198 70 33 32 181 38 197 68 21 19 196 67 23 21 37 39 191 80 192 62 25 23 190 61 27 25 3 3 183 48 188 57 15 13 187 56 17 15 7 7 184 76 185 51 1 0 182 75 183 48 29 27 181 38 31 29 219 201 0 202 38 44 36 203 219 201 38 44 217 204 36 203 34 205 216 206 34 205 32 207 30 43 216 206 32 207 214 208 30 43 28 209 213 210 28 209 26 211 24 212 213 210 26 211 211 213 24 212 22 214 20 215 211 213 22 214 209 216 20 215 18 217 208 218 18 217 16 219 207 220 16 219 14 42 12 221 207 220 14 42 10 222 206 223 12 221 204 224 10 222 8 225 203 226 8 225 6 227 4 228 203 226 6 227 201 229 4 228 2 230 0 202 201 229 2 230 234 231 220 232 242 233 242 233 222 234 234 231 232 235 243 236 244 237 224 238 244 237 245 239 230 240 245 239 246 241 226 242 246 241 247 243 247 243 228 244 226 242 221 245 236 246 235 247 223 248 236 246 237 249 233 250 237 249 238 251 225 252 238 251 239 253 231 254 239 253 240 255 227 256 240 255 241 257 229 258 227 256 241 257 251 259 262 260 263 261 253 262 260 263 261 264 255 265 258 266 259 267 257 268 254 269 255 265 253 262 258 266 252 270 251 259 260 263 250 271 263 261 248 272 249 273 264 274 248 272 270 275 269 276 256 277 257 268 268 278 275 279 269 276 267 280 274 281 268 278 267 280 272 282 273 283 266 284 271 285 272 282 265 286 270 275 271 285 303 287 297 288 296 289 276 290 357 291 356 292 306 293 294 294 293 295 277 296 358 297 357 291 302 298 298 299 297 288 278 300 359 301 358 297 332 302 302 298 303 287 359 301 280 303 360 304 329 305 307 306 328 307 360 304 281 308 361 309 325 310 311 311 324 312 361 309 282 313 362 314 328 307 308 315 327 316 362 314 283 317 363 318 324 312 300 319 335 320 363 318 284 321 364 322 327 316 309 323 326 324 364 322 285 325 365 326 307 306 291 327 308 315 285 325 366 328 365 326 286 329 282 313 278 300 286 329 367 330 366 328 306 293 292 331 307 306 287 332 356 292 367 330 310 333 288 334 311 311 323 335 335 320 334 336 322 337 334 336 333 338 321 339 333 338 332 302 331 340 321 339 332 302 330 341 320 342 331 340 329 305 319 343 330 341 328 307 318 344 329 305 327 316 317 345 328 307 326 324 316 346 327 316 314 347 326 324 325 310 313 348 325 310 324 312 312 349 324 312 335 320 311 311 299 350 300 319 308 315 290 351 309 323 304 352 296 289 295 353 309 323 289 354 310 333 301 355 299 350 298 299 329 305 305 356 306 293 326 324 310 333 325 310 331 340 303 287 304 352 334 336 300 319 301 355 330 341 304 352 305 356 333 338 301 355 302 298 305 356 295 353 294 294 355 40 200 357 219 201 354 35 219 201 218 358 353 33 218 358 217 204 352 31 217 204 216 206 351 30 216 206 215 359 214 208 351 30 215 359 213 210 350 28 214 208 212 360 349 26 213 210 211 213 348 24 212 360 210 361 347 22 211 213 209 216 346 20 210 361 208 218 345 18 209 216 207 220 344 16 208 218 206 223 343 14 207 220 205 362 342 12 206 223 340 8 205 362 204 224 339 6 204 224 203 226 338 4 203 226 202 363 337 1 202 363 201 229 336 2 201 229 200 357 367 330 312 349 323 335 366 328 323 335 322 337 365 326 322 337 321 339 320 342 365 326 321 339 319 343 364 322 320 342 318 344 363 318 319 343 317 345 362 314 318 344 316 346 361 309 317 345 315 364 360 304 316 346 358 297 315 364 314 347 357 291 314 347 313 348 356 292 313 348 312 349 705 365 369 366 704 367 706 368 371 369 705 365 707 370 373 371 706 368 708 372 375 373 707 370 709 374 377 375 708 372 709 374 381 376 379 377 710 378 383 379 381 376 711 380 385 381 383 379 712 382 387 383 385 381 713 384 389 385 387 383 714 386 391 387 389 385 715 388 393 389 391 387 716 390 395 391 393 389 717 392 397 393 395 391 718 394 399 395 397 393 720 396 399 395 719 397 721 398 401 399 720 396 722 400 403 401 721 398 423 402 548 403 549 404 723 405 405 406 722 400 704 367 407 407 723 405 386 408 378 409 370 410 443 411 528 412 529 413 551 414 427 415 550 416 553 417 410 418 552 419 416 420 554 421 555 422 556 423 409 424 551 414 421 425 557 426 558 427 560 428 425 429 559 430 419 431 563 432 564 433 565 434 423 402 549 404 566 435 411 436 553 417 417 437 555 422 567 438 422 439 558 427 548 403 550 416 426 440 560 428 552 419 408 441 556 423 415 442 562 443 554 421 420 444 564 433 557 426 559 430 424 445 565 434 561 446 412 447 566 435 418 448 567 438 563 432 509 449 466 450 508 451 436 452 530 453 531 454 533 455 429 456 532 457 534 458 443 411 529 413 437 459 531 454 535 460 536 461 428 462 533 455 537 463 444 464 534 458 438 465 535 460 538 466 539 467 430 468 536 461 540 469 445 470 537 463 439 471 538 466 541 472 542 473 431 474 539 467 543 475 446 476 540 469 440 477 541 472 544 478 545 479 432 480 542 473 532 457 447 481 543 475 441 482 544 478 546 483 442 484 546 483 528 412 435 485 547 486 530 453 464 487 483 488 463 489 460 490 510 491 511 492 513 493 452 494 512 495 514 496 467 497 509 449 461 498 511 492 515 499 462 500 515 499 517 501 455 502 516 503 518 504 463 489 517 501 519 505 456 506 518 504 520 507 521 508 449 509 514 496 522 510 463 489 519 505 457 511 520 507 523 512 524 513 448 514 521 508 525 515 464 487 522 510 458 516 523 512 526 517 527 518 450 519 524 513 508 451 465 520 525 515 459 521 526 517 510 491 512 495 451 522 527 518 501 162 480 523 481 524 477 525 456 506 457 511 450 519 468 526 448 514 465 520 484 527 464 487 478 528 457 511 458 516 451 522 470 529 450 519 466 450 485 530 465 520 479 531 458 516 459 521 452 494 471 532 451 522 467 497 486 533 466 450 480 523 459 521 460 490 453 534 472 535 452 494 449 509 487 536 467 497 481 524 460 490 461 498 482 537 461 498 462 500 475 538 454 539 455 502 483 488 462 500 463 489 476 540 455 502 456 506 448 514 469 541 449 509 494 542 473 543 474 544 502 182 481 524 482 537 475 538 494 542 474 544 503 184 482 537 483 488 496 185 475 538 476 540 488 186 469 541 468 526 504 187 483 488 484 527 497 188 476 540 477 525 490 189 468 526 470 529 505 190 484 527 485 530 498 191 477 525 478 528 491 192 470 529 471 532 506 193 485 530 486 533 499 194 478 528 479 531 492 195 471 532 472 535 507 196 486 533 487 536 500 197 479 531 480 523 493 545 472 535 473 543 489 199 487 536 469 541 512 495 431 474 432 480 510 491 438 465 439 471 446 476 525 515 445 470 431 474 524 513 430 468 526 517 437 459 438 465 445 470 522 510 444 464 430 468 521 508 428 462 523 512 436 452 437 459 444 464 519 505 443 411 428 462 514 496 429 456 520 507 435 485 436 452 519 505 442 484 443 411 435 485 516 503 434 546 517 501 441 482 442 484 515 499 440 477 441 482 429 456 509 449 447 481 513 493 432 480 433 547 511 492 439 471 440 477 447 481 508 451 446 476 415 442 547 486 414 548 528 412 421 425 422 439 546 483 420 444 421 425 409 424 543 475 427 415 545 479 412 447 413 549 544 478 419 431 420 444 427 415 540 469 426 440 542 473 411 436 412 447 541 472 418 448 419 431 426 440 537 463 425 429 539 467 410 418 411 436 538 466 417 437 418 448 425 429 534 458 424 445 536 461 408 441 410 418 417 437 531 454 416 420 424 445 529 413 423 402 408 441 532 457 409 424 416 420 530 453 415 442 529 413 422 439 423 402 563 432 387 383 389 385 379 377 566 435 377 375 403 401 565 434 401 399 557 426 391 387 393 389 554 421 381 376 383 379 373 371 556 423 371 369 407 407 560 428 405 406 548 403 395 391 397 393 567 438 385 381 387 383 377 375 553 417 375 373 401 399 549 404 399 395 564 433 389 385 391 387 405 406 559 430 403 401 558 427 393 389 395 391 371 369 551 414 369 366 555 422 383 379 385 381 375 373 552 419 373 371 369 366 550 416 407 407 549 404 397 393 399 395 368 550 587 551 406 552 404 553 587 551 586 554 404 553 585 555 402 556 402 556 584 557 400 558 398 559 584 557 583 560 398 559 582 561 396 562 396 562 581 563 394 564 392 565 581 563 580 566 392 565 579 567 390 568 388 569 579 567 578 570 388 569 577 571 386 408 386 408 576 572 384 573 384 573 575 574 382 575 380 576 575 574 574 577 378 409 574 577 573 578 378 409 572 579 376 580 376 580 571 581 374 582 372 583 571 581 570 584 372 583 569 585 370 410 368 550 569 585 568 586 602 587 610 588 588 589 590 590 610 588 602 587 611 591 600 592 612 593 612 593 592 594 613 595 613 595 598 596 614 597 614 597 594 598 615 599 615 599 594 598 596 600 589 601 603 602 604 603 591 604 604 603 603 602 601 605 605 606 591 604 593 607 606 608 601 605 599 609 607 610 593 607 595 611 608 612 599 609 597 613 609 614 595 611 630 615 619 616 631 617 628 618 621 619 629 620 626 621 623 622 627 623 622 624 625 625 623 622 621 619 626 621 627 623 619 616 628 618 629 620 616 626 631 617 617 627 632 628 616 626 617 627 624 629 637 630 625 625 643 631 636 632 637 630 642 633 635 634 636 632 635 634 640 635 634 636 634 636 639 637 633 638 633 638 638 639 632 628 671 640 665 641 670 642 725 643 644 644 724 645 674 646 662 647 673 648 726 649 645 650 725 643 670 642 666 651 669 652 727 653 646 654 726 649 700 655 670 642 701 656 727 653 648 657 647 658 675 659 697 660 696 661 728 662 649 663 648 657 679 664 693 665 692 666 729 667 650 668 649 663 676 669 696 661 695 670 730 671 651 672 650 668 668 673 692 666 703 674 731 675 652 676 651 672 677 677 695 670 694 678 732 679 653 680 652 676 659 681 675 659 676 669 734 682 653 680 733 683 650 668 652 676 644 644 735 684 654 685 734 682 660 686 674 646 675 659 724 645 655 687 735 684 656 688 678 689 679 664 703 674 691 690 702 691 702 691 690 692 701 656 701 656 689 693 700 655 699 694 689 693 688 695 698 696 688 695 687 697 697 660 687 697 686 698 696 661 686 698 685 699 695 670 685 699 684 700 694 678 684 700 683 701 694 678 682 702 693 665 693 665 681 703 692 666 692 666 680 704 703 674 667 705 679 664 668 673 658 706 676 669 677 677 672 707 664 708 671 640 657 709 677 677 678 689 669 652 667 705 668 673 697 660 673 648 698 696 678 689 694 678 693 665 699 694 671 640 700 655 702 691 668 673 703 674 698 696 672 707 699 694 701 656 669 652 702 691 673 648 663 710 672 707 568 586 723 405 587 551 587 551 722 400 586 554 586 554 721 398 585 555 585 555 720 396 584 557 584 557 719 397 583 560 582 561 719 397 718 394 581 563 718 394 717 392 580 566 717 392 716 390 579 567 716 390 715 388 578 570 715 388 714 386 577 571 714 386 713 384 576 572 713 384 712 382 575 574 712 382 711 380 574 577 711 380 710 378 573 578 710 378 709 374 573 578 708 372 572 579 572 579 707 370 571 581 571 581 706 368 570 584 570 584 705 365 569 585 569 585 704 367 568 586 680 704 735 684 691 690 691 690 734 682 690 692 690 692 733 683 689 693 688 695 733 683 732 679 687 697 732 679 731 675 686 698 731 675 730 671 685 699 730 671 729 667 684 700 729 667 728 662 683 701 728 662 727 653 683 701 726 649 682 702 682 702 725 643 681 703 681 703 724 645 680 704 1 0 3 3 337 1 3 3 5 5 338 4 5 5 7 7 339 6 7 7 9 9 340 8 9 9 11 200 341 10 341 10 11 200 13 11 342 12 13 11 15 13 343 14 15 13 17 15 344 16 17 15 19 17 345 18 19 17 21 19 346 20 21 19 23 21 347 22 23 21 25 23 348 24 25 23 27 25 349 26 27 25 29 27 350 28 29 27 31 29 31 29 33 32 352 31 33 32 35 34 353 33 35 34 37 39 354 35 180 36 54 74 55 37 37 39 39 41 355 40 39 41 1 0 336 2 38 44 0 202 2 230 2 230 4 228 6 227 6 227 8 225 10 222 10 222 12 221 6 227 14 42 16 219 18 217 18 217 20 215 22 214 22 214 24 212 30 43 26 211 28 209 30 43 30 43 32 207 34 205 34 205 36 203 30 43 38 44 2 230 14 42 6 227 12 221 14 42 14 42 18 217 30 43 24 212 26 211 30 43 30 43 36 203 38 44 2 230 6 227 14 42 18 217 22 214 30 43 160 45 74 120 75 46 183 48 182 75 59 49 185 51 184 76 42 52 186 54 47 78 48 55 188 57 183 48 41 50 189 59 52 79 53 60 192 62 191 80 57 63 195 65 50 83 51 66 197 68 181 38 55 37 198 70 185 51 43 53 187 56 48 55 49 72 190 61 53 60 54 74 182 75 192 62 58 64 184 76 188 57 40 58 194 77 46 711 47 78 196 67 51 66 52 79 191 80 197 68 56 69 193 81 198 70 44 71 199 73 49 72 50 83 141 84 140 158 98 85 162 87 67 122 68 88 165 90 164 117 61 91 166 93 161 47 75 46 163 89 68 88 69 95 168 97 165 90 60 92 169 99 166 93 76 94 167 96 69 95 70 101 171 103 168 97 62 98 172 105 169 99 77 100 170 102 70 101 71 107 174 109 171 103 63 104 175 111 172 105 78 106 173 108 71 107 72 113 177 115 174 109 64 110 164 117 175 111 79 112 176 114 72 113 73 118 178 119 73 118 74 120 179 121 66 712 67 122 96 123 95 141 115 124 142 126 91 159 92 127 145 129 144 160 84 130 146 132 141 84 99 86 143 128 92 127 93 134 147 135 93 134 94 136 148 138 86 177 87 139 149 137 94 136 95 141 150 140 87 139 88 143 153 145 146 132 81 133 154 147 151 142 95 141 152 144 88 143 89 148 156 150 153 145 80 146 157 152 154 147 96 123 155 149 89 148 90 154 159 156 156 150 82 151 140 158 157 152 97 153 158 155 90 154 91 159 144 160 159 156 83 157 112 161 132 197 133 162 88 143 108 179 109 164 82 151 80 146 100 165 97 153 96 123 116 125 89 148 109 164 110 168 83 157 82 151 102 166 98 85 97 153 117 167 90 154 110 168 111 171 84 130 83 157 103 169 99 86 98 85 118 170 91 159 111 171 112 161 85 131 84 130 104 172 81 133 99 86 119 173 92 127 112 161 113 163 93 134 113 163 114 176 86 177 106 181 107 178 94 136 114 176 115 124 87 139 107 178 108 179 80 146 81 133 101 175 105 174 125 198 126 180 113 163 133 162 134 182 107 178 106 181 126 180 114 176 134 182 135 184 107 178 127 183 128 185 101 175 121 199 120 186 115 124 135 184 136 187 108 179 128 185 129 188 100 165 120 186 122 189 116 125 136 187 137 190 109 164 129 188 130 191 102 166 122 189 123 192 117 167 137 190 138 193 110 168 130 191 131 194 103 169 123 192 124 195 118 170 138 193 139 196 111 171 131 194 132 197 104 172 124 195 125 198 119 173 139 196 121 199 63 104 159 156 144 160 70 101 158 155 142 126 78 106 77 100 157 152 63 104 62 98 156 150 69 95 155 149 158 155 77 100 76 94 154 147 62 98 60 92 153 145 68 88 152 144 155 149 76 94 75 46 151 142 60 92 61 91 146 132 67 122 150 140 152 144 74 120 149 137 151 142 67 122 66 712 148 138 73 118 147 135 149 137 72 113 143 128 147 135 61 91 79 112 141 84 64 110 144 160 145 129 71 107 142 126 143 128 79 112 78 106 140 158 47 78 46 711 179 121 53 60 178 119 160 45 52 79 176 114 178 119 41 50 59 49 175 111 44 71 174 109 177 115 51 66 173 108 176 114 59 49 58 64 172 105 43 53 171 103 174 109 50 83 170 102 173 108 58 64 57 63 169 99 42 52 168 97 171 103 49 72 167 96 170 102 57 63 56 69 166 93 40 58 165 90 168 97 49 72 48 55 163 89 56 69 55 37 161 47 40 58 41 50 164 117 48 55 47 78 162 87 54 74 160 45 161 47 19 17 199 73 195 65 11 200 9 9 198 70 35 34 33 32 197 68 23 21 196 67 189 59 13 11 194 77 186 54 5 5 3 3 188 57 39 41 37 39 192 62 27 25 190 61 180 36 17 15 187 56 199 73 9 9 7 7 185 51 33 32 31 29 181 38 21 19 195 65 196 67 37 39 35 34 191 80 25 23 189 59 190 61 3 3 1 0 183 48 15 13 186 54 187 56 7 7 5 5 184 76 1 0 39 41 182 75 29 27 180 36 181 38 219 201 200 357 0 202 36 203 218 358 219 201 217 204 218 358 36 203 216 206 217 204 34 205 30 43 215 359 216 206 214 208 215 359 30 43 213 210 214 208 28 209 24 212 212 360 213 210 211 213 212 360 24 212 20 215 210 361 211 213 209 216 210 361 20 215 208 218 209 216 18 217 207 220 208 218 16 219 12 221 206 223 207 220 10 222 205 362 206 223 204 224 205 362 10 222 203 226 204 224 8 225 4 228 202 363 203 226 201 229 202 363 4 228 0 202 200 357 201 229 242 233 243 236 222 234 232 235 222 234 243 236 224 238 232 235 244 237 230 240 224 238 245 239 226 242 230 240 246 241 223 248 235 247 236 246 233 250 223 248 237 249 225 252 233 250 238 251 231 254 225 252 239 253 227 256 231 254 240 255 251 259 250 271 262 260 253 262 252 270 260 263 255 265 254 269 258 266 257 268 256 277 254 269 253 262 259 267 258 266 251 259 261 264 260 263 263 261 262 260 248 272 264 274 249 273 248 272 269 276 275 279 256 277 268 278 274 281 275 279 267 280 273 283 274 281 267 280 266 284 272 282 266 284 265 286 271 285 265 286 264 274 270 275 303 287 302 298 297 288 276 290 277 296 357 291 306 293 305 356 294 294 277 296 278 300 358 297 302 298 301 355 298 299 278 300 279 713 359 301 332 302 333 338 302 298 359 301 279 713 280 303 329 305 306 293 307 306 360 304 280 303 281 308 325 310 310 333 311 311 361 309 281 308 282 313 328 307 307 306 308 315 362 314 282 313 283 317 324 312 311 311 300 319 363 318 283 317 284 321 327 316 308 315 309 323 364 322 284 321 285 325 307 306 292 331 291 327 285 325 286 329 366 328 278 300 277 296 286 329 276 290 287 332 286 329 286 329 285 325 282 313 284 321 283 317 282 313 282 313 281 308 280 303 280 303 279 713 282 313 277 296 276 290 286 329 285 325 284 321 282 313 282 313 279 713 278 300 286 329 287 332 367 330 306 293 293 295 292 331 287 332 276 290 356 292 310 333 289 354 288 334 323 335 312 349 335 320 322 337 323 335 334 336 321 339 322 337 333 338 331 340 320 342 321 339 330 341 319 343 320 342 329 305 318 344 319 343 328 307 317 345 318 344 327 316 316 346 317 345 326 324 315 364 316 346 314 347 315 364 326 324 313 348 314 347 325 310 312 349 313 348 324 312 311 311 288 334 299 350 308 315 291 327 290 351 304 352 303 287 296 289 309 323 290 351 289 354 301 355 300 319 299 350 329 305 330 341 305 356 326 324 309 323 310 333 331 340 332 302 303 287 334 336 335 320 300 319 330 341 331 340 304 352 333 338 334 336 301 355 305 356 304 352 295 353 355 40 336 2 200 357 354 35 355 40 219 201 353 33 354 35 218 358 352 31 353 33 217 204 351 30 352 31 216 206 214 208 350 28 351 30 213 210 349 26 350 28 212 360 348 24 349 26 211 213 347 22 348 24 210 361 346 20 347 22 209 216 345 18 346 20 208 218 344 16 345 18 207 220 343 14 344 16 206 223 342 12 343 14 205 362 341 10 342 12 340 8 341 10 205 362 339 6 340 8 204 224 338 4 339 6 203 226 337 1 338 4 202 363 336 2 337 1 201 229 367 330 356 292 312 349 366 328 367 330 323 335 365 326 366 328 322 337 320 342 364 322 365 326 319 343 363 318 364 322 318 344 362 314 363 318 317 345 361 309 362 314 316 346 360 304 361 309 315 364 359 301 360 304 358 297 359 301 315 364 357 291 358 297 314 347 356 292 357 291 313 348 705 365 371 369 369 366 706 368 373 371 371 369 707 370 375 373 373 371 708 372 377 375 375 373 709 374 379 377 377 375 709 374 710 378 381 376 710 378 711 380 383 379 711 380 712 382 385 381 712 382 713 384 387 383 713 384 714 386 389 385 714 386 715 388 391 387 715 388 716 390 393 389 716 390 717 392 395 391 717 392 718 394 397 393 718 394 719 397 399 395 720 396 401 399 399 395 721 398 403 401 401 399 722 400 405 406 403 401 423 402 422 439 548 403 723 405 407 407 405 406 704 367 369 366 407 407 370 410 368 550 406 552 406 552 404 553 370 410 402 556 400 558 398 559 398 559 396 562 394 564 394 564 392 565 390 568 390 568 388 569 386 408 386 408 384 573 382 575 382 575 380 576 386 408 378 409 376 580 374 582 374 582 372 583 370 410 370 410 404 553 402 556 402 556 398 559 370 410 394 564 390 568 386 408 386 408 380 576 378 409 378 409 374 582 370 410 370 410 398 559 394 564 394 564 386 408 370 410 443 411 442 484 528 412 551 414 409 424 427 415 553 417 411 436 410 418 416 420 415 442 554 421 556 423 408 441 409 424 421 425 420 444 557 426 560 428 426 440 425 429 419 431 418 448 563 432 565 434 424 445 423 402 566 435 412 447 411 436 417 437 416 420 555 422 422 439 421 425 558 427 550 416 427 415 426 440 552 419 410 418 408 441 415 442 414 548 562 443 420 444 419 431 564 433 559 430 425 429 424 445 561 446 413 549 412 447 418 448 417 437 567 438 509 449 467 497 466 450 436 452 435 485 530 453 533 455 428 462 429 456 534 458 444 464 443 411 437 459 436 452 531 454 536 461 430 468 428 462 537 463 445 470 444 464 438 465 437 459 535 460 539 467 431 474 430 468 540 469 446 476 445 470 439 471 438 465 538 466 542 473 432 480 431 474 543 475 447 481 446 476 440 477 439 471 541 472 545 479 433 547 432 480 532 457 429 456 447 481 441 482 440 477 544 478 442 484 441 482 546 483 435 485 434 546 547 486 464 487 484 527 483 488 460 490 459 521 510 491 513 493 453 534 452 494 514 496 449 509 467 497 461 498 460 490 511 492 462 500 461 498 515 499 455 502 454 539 516 503 463 489 462 500 517 501 456 506 455 502 518 504 521 508 448 514 449 509 522 510 464 487 463 489 457 511 456 506 520 507 524 513 450 519 448 514 525 515 465 520 464 487 458 516 457 511 523 512 527 518 451 522 450 519 508 451 466 450 465 520 459 521 458 516 526 517 512 495 452 494 451 522 501 162 500 197 480 523 477 525 476 540 456 506 450 519 470 529 468 526 465 520 485 530 484 527 478 528 477 525 457 511 451 522 471 532 470 529 466 450 486 533 485 530 479 531 478 528 458 516 452 494 472 535 471 532 467 497 487 536 486 533 480 523 479 531 459 521 453 534 473 543 472 535 449 509 469 541 487 536 481 524 480 523 460 490 482 537 481 524 461 498 475 538 474 544 454 539 483 488 482 537 462 500 476 540 475 538 455 502 448 514 468 526 469 541 494 542 493 545 473 543 502 182 501 162 481 524 475 538 495 183 494 542 503 184 502 182 482 537 496 185 495 183 475 538 488 186 489 199 469 541 504 187 503 184 483 488 497 188 496 185 476 540 490 189 488 186 468 526 505 190 504 187 484 527 498 191 497 188 477 525 491 192 490 189 470 529 506 193 505 190 485 530 499 194 498 191 478 528 492 195 491 192 471 532 507 196 506 193 486 533 500 197 499 194 479 531 493 545 492 195 472 535 489 199 507 196 487 536 512 495 527 518 431 474 510 491 526 517 438 465 446 476 508 451 525 515 431 474 527 518 524 513 526 517 523 512 437 459 445 470 525 515 522 510 430 468 524 513 521 508 523 512 520 507 436 452 444 464 522 510 519 505 428 462 521 508 514 496 520 507 518 504 435 485 519 505 517 501 442 484 435 485 518 504 516 503 517 501 515 499 441 482 515 499 511 492 440 477 429 456 514 496 509 449 513 493 512 495 432 480 511 492 510 491 439 471 447 481 509 449 508 451 415 442 530 453 547 486 528 412 546 483 421 425 546 483 544 478 420 444 409 424 532 457 543 475 545 479 542 473 412 447 544 478 541 472 419 431 427 415 543 475 540 469 542 473 539 467 411 436 541 472 538 466 418 448 426 440 540 469 537 463 539 467 536 461 410 418 538 466 535 460 417 437 425 429 537 463 534 458 536 461 533 455 408 441 417 437 535 460 531 454 424 445 534 458 529 413 408 441 533 455 532 457 416 420 531 454 530 453 529 413 528 412 422 439 563 432 567 438 387 383 379 377 561 446 566 435 403 401 559 430 565 434 557 426 564 433 391 387 554 421 562 443 381 376 373 371 552 419 556 423 407 407 550 416 560 428 548 403 558 427 395 391 567 438 555 422 385 381 377 375 566 435 553 417 401 399 565 434 549 404 564 433 563 432 389 385 405 406 560 428 559 430 558 427 557 426 393 389 371 369 556 423 551 414 555 422 554 421 383 379 375 373 553 417 552 419 369 366 551 414 550 416 549 404 548 403 397 393 368 550 568 586 587 551 404 553 406 552 587 551 404 553 586 554 585 555 402 556 585 555 584 557 398 559 400 558 584 557 398 559 583 560 582 561 396 562 582 561 581 563 392 565 394 564 581 563 392 565 580 566 579 567 388 569 390 568 579 567 388 569 578 570 577 571 386 408 577 571 576 572 384 573 576 572 575 574 380 576 382 575 575 574 378 409 380 576 574 577 378 409 573 578 572 579 376 580 572 579 571 581 372 583 374 582 571 581 372 583 570 584 569 585 368 550 370 410 569 585 590 590 611 591 610 588 611 591 590 590 600 592 612 593 600 592 592 594 613 595 592 594 598 596 614 597 598 596 594 598 591 604 605 606 604 603 601 605 606 608 605 606 593 607 607 610 606 608 599 609 608 612 607 610 595 611 609 614 608 612 630 615 618 714 619 616 628 618 620 715 621 619 626 621 622 624 623 622 622 624 624 629 625 625 621 619 620 715 626 621 619 616 618 714 628 618 616 626 630 615 631 617 632 628 638 639 616 626 624 629 643 631 637 630 643 631 642 633 636 632 642 633 641 716 635 634 635 634 641 716 640 635 634 636 640 635 639 637 633 638 639 637 638 639 671 640 664 708 665 641 725 643 645 650 644 644 674 646 661 717 662 647 726 649 646 654 645 650 670 642 665 641 666 651 727 653 647 658 646 654 700 655 671 640 670 642 727 653 728 662 648 657 675 659 674 646 697 660 728 662 729 667 649 663 679 664 678 689 693 665 729 667 730 671 650 668 676 669 675 659 696 661 730 671 731 675 651 672 668 673 679 664 692 666 731 675 732 679 652 676 677 677 676 669 695 670 732 679 733 683 653 680 659 681 660 686 675 659 734 682 654 685 653 680 644 644 645 650 646 654 646 654 647 658 644 644 648 657 649 663 650 668 650 668 651 672 652 676 652 676 653 680 644 644 654 685 655 687 644 644 644 644 647 658 648 657 648 657 650 668 644 644 653 680 654 685 644 644 735 684 655 687 654 685 660 686 661 717 674 646 724 645 644 644 655 687 656 688 657 709 678 689 703 674 680 704 691 690 702 691 691 690 690 692 701 656 690 692 689 693 699 694 700 655 689 693 698 696 699 694 688 695 697 660 698 696 687 697 696 661 697 660 686 698 695 670 696 661 685 699 694 678 695 670 684 700 694 678 683 701 682 702 693 665 682 702 681 703 692 666 681 703 680 704 667 705 656 688 679 664 658 706 659 681 676 669 672 707 663 710 664 708 657 709 658 706 677 677 669 652 666 651 667 705 697 660 674 646 673 648 678 689 677 677 694 678 699 694 672 707 671 640 702 691 669 652 668 673 698 696 673 648 672 707 701 656 670 642 669 652 673 648 662 647 663 710 568 586 704 367 723 405 587 551 723 405 722 400 586 554 722 400 721 398 585 555 721 398 720 396 584 557 720 396 719 397 582 561 583 560 719 397 581 563 582 561 718 394 580 566 581 563 717 392 579 567 580 566 716 390 578 570 579 567 715 388 577 571 578 570 714 386 576 572 577 571 713 384 575 574 576 572 712 382 574 577 575 574 711 380 573 578 574 577 710 378 573 578 709 374 708 372 572 579 708 372 707 370 571 581 707 370 706 368 570 584 706 368 705 365 569 585 705 365 704 367 680 704 724 645 735 684 691 690 735 684 734 682 690 692 734 682 733 683 688 695 689 693 733 683 687 697 688 695 732 679 686 698 687 697 731 675 685 699 686 698 730 671 684 700 685 699 729 667 683 701 684 700 728 662 683 701 727 653 726 649 682 702 726 649 725 643 681 703 725 643 724 645</p>
        </triangles>
      </mesh>
    </geometry>
    <geometry id="gascap-mesh" name="gascap">
      <mesh>
        <source id="gascap-mesh-positions">
          <float_array id="gascap-mesh-positions-array" count="1827">-0.6603198 -0.7111253 0.7843046 -0.6199193 -0.7052775 0.7818449 -0.6608346 -0.7121735 0.7733814 -0.6204312 -0.7063194 0.7709857 -0.6610236 -0.7153129 0.762856 -0.6206193 -0.7094404 0.7605218 -0.6608796 -0.7204229 0.7531325 -0.6204764 -0.7145203 0.7508553 -0.6604083 -0.727307 0.744585 -0.6200079 -0.721364 0.7423577 -0.6596276 -0.7357007 0.7375417 -0.6192319 -0.7297084 0.7353553 -0.6585729 -0.7452769 0.7322591 -0.6181781 -0.7392331 0.7301174 -0.6572151 -0.7557032 0.7291432 -0.6168871 -0.7495718 0.7268452 -0.6559404 -0.7664942 0.725074 -0.6153991 -0.7603256 0.7256345 -0.6541169 -0.7772884 0.7289187 -0.6137992 -0.7710866 0.7266205 -0.6524787 -0.7877374 0.7318173 -0.6121208 -0.781436 0.7296768 -0.6507822 -0.7973293 0.7369003 -0.610438 -0.7909777 0.7347157 -0.6491503 -0.8057456 0.7437684 -0.6088154 -0.7993451 0.7415438 -0.6476416 -0.8126572 0.7521722 -0.6073153 -0.8062167 0.7498986 -0.6463143 -0.8177986 0.7617886 -0.6059954 -0.8113284 0.7594591 -0.6452192 -0.8209722 0.7722481 -0.6049065 -0.8144837 0.7698578 -0.6443984 -0.8220561 0.7831487 -0.6040904 -0.8155612 0.7806953 -0.6438836 -0.8210086 0.7940717 -0.6035784 -0.8145197 0.7915549 -0.6436945 -0.8178697 0.8045973 -0.6033902 -0.8113989 0.8020193 -0.6438383 -0.8127603 0.8143209 -0.6035332 -0.8063189 0.8116863 -0.6443096 -0.8058765 0.8228689 -0.6040017 -0.799475 0.8201845 -0.6450903 -0.797483 0.8299127 -0.6047777 -0.7911301 0.8271872 -0.6461502 -0.7879022 0.8351818 -0.6058315 -0.781605 0.8324253 -0.6474426 -0.7774949 0.8384469 -0.6071226 -0.7712656 0.8356975 -0.648761 -0.7666864 0.8423889 -0.6085898 -0.760508 0.8368968 -0.6505468 -0.7558653 0.8386718 -0.6102107 -0.7497499 0.8359215 -0.6522433 -0.7454499 0.8356246 -0.6118891 -0.7394005 0.8328647 -0.6539359 -0.735852 0.8305556 -0.613572 -0.7298587 0.8278253 -0.655568 -0.7274354 0.823687 -0.6151946 -0.7214915 0.8209966 -0.6570767 -0.7205235 0.8152827 -0.6166946 -0.7146203 0.8126415 -0.6584041 -0.7153822 0.8056657 -0.6180144 -0.7095092 0.8030807 -0.6594991 -0.7122088 0.7952057 -0.6191032 -0.7063546 0.792682 -0.6598458 -0.7144424 0.784269 -0.6603299 -0.7154276 0.7739989 -0.6605079 -0.7183791 0.7641026 -0.6603726 -0.7231833 0.7549605 -0.6599295 -0.7296558 0.7469236 -0.6591956 -0.7375476 0.7403012 -0.6582149 -0.7465427 0.7353067 -0.656956 -0.756342 0.7323164 -0.6555916 -0.766507 0.7310993 -0.6540386 -0.7766677 0.732105 -0.6524821 -0.7864847 0.7348911 -0.6508791 -0.7954927 0.7396975 -0.6493446 -0.8034058 0.7461553 -0.6479262 -0.8099043 0.7540569 -0.6466781 -0.8147383 0.7630985 -0.6456484 -0.8177222 0.772933 -0.6448767 -0.8187409 0.7831821 -0.6443926 -0.8177557 0.7934522 -0.6442148 -0.8148043 0.8033485 -0.64435 -0.8100001 0.8124905 -0.6447931 -0.8035277 0.8205274 -0.645527 -0.795636 0.8271499 -0.6465236 -0.786628 0.8321037 -0.6477476 -0.7768535 0.8352102 -0.6491455 -0.7666784 0.836324 -0.6506687 -0.7565004 0.8354223 -0.652252 -0.7467148 0.8325197 -0.6538435 -0.7376908 0.8277539 -0.6553779 -0.7297775 0.821296 -0.6567965 -0.7232789 0.8133945 -0.6580445 -0.718445 0.8043527 -0.6590742 -0.7154613 0.7945183 -0.6524355 -0.7133767 0.7838177 -0.6529195 -0.7143619 0.7735481 -0.6530973 -0.7173132 0.7636523 -0.6529622 -0.7221171 0.7545105 -0.6525191 -0.7285892 0.7464741 -0.6517852 -0.7364806 0.7398519 -0.6507989 -0.7454749 0.7348583 -0.6495802 -0.7552573 0.7317479 -0.6481773 -0.7654383 0.7306475 -0.6466573 -0.775623 0.7315361 -0.6450666 -0.7854146 0.7344423 -0.6434692 -0.7944234 0.7392479 -0.6419348 -0.8023361 0.7457054 -0.6405164 -0.8088344 0.7536067 -0.6392683 -0.8136681 0.7626481 -0.6382387 -0.8166519 0.772482 -0.637467 -0.8176707 0.7827308 -0.6369829 -0.8166854 0.7930004 -0.6368052 -0.8137341 0.8028962 -0.6369403 -0.8089302 0.812038 -0.6373834 -0.8024581 0.8200744 -0.6381173 -0.7945665 0.8266966 -0.6391138 -0.7855589 0.8316502 -0.6403347 -0.7757814 0.8347445 -0.6417329 -0.7656098 0.835861 -0.6432548 -0.7554347 0.8349566 -0.644842 -0.7456474 0.8320661 -0.6464333 -0.736624 0.8273005 -0.6479677 -0.7287111 0.8208429 -0.6493862 -0.7222128 0.8129417 -0.6506342 -0.7173791 0.8039003 -0.6516638 -0.7143955 0.7940664 -0.6500642 -0.753772 0.7245129 -0.6556727 -0.7549049 0.7249879 -0.654089 -0.7662212 0.7246626 -0.6484345 -0.7651054 0.724316 -0.6523955 -0.7775254 0.7247505 -0.6467809 -0.7764376 0.7242728 -0.650583 -0.7537589 0.7160252 -0.6562159 -0.7548801 0.7164241 -0.6546087 -0.7662072 0.716163 -0.6489372 -0.7650904 0.7159188 -0.6529344 -0.7775269 0.7161878 -0.6472998 -0.7764229 0.715785 -0.6540197 -0.7542234 0.7127999 -0.6596212 -0.7553548 0.7132946 -0.6579826 -0.7666651 0.7131757 -0.6523783 -0.7655555 0.7126792 -0.656344 -0.7779753 0.713057 -0.6507366 -0.7768878 0.7125595 -0.656858 -0.7573544 0.716809 -0.6556031 -0.7663552 0.7165268 -0.6542515 -0.7753455 0.71662 -0.6595878 -0.7577229 0.7142435 -0.6582754 -0.766718 0.7141807 -0.6569811 -0.7757152 0.7140545 -0.6285088 -0.7707118 0.8405778 -0.6396453 -0.7725182 0.8412656 -0.6406213 -0.7654498 0.8423161 -0.6294631 -0.7636414 0.841623 -0.6416877 -0.7583739 0.8414139 -0.6305509 -0.7565705 0.8407245 -0.6339532 -0.7754746 0.8468279 -0.6387239 -0.7764222 0.8469823 -0.6402603 -0.7655082 0.8481283 -0.6354799 -0.7645301 0.8478375 -0.6418827 -0.7545846 0.8472118 -0.6371196 -0.7535836 0.8470559 -0.6338294 -0.7777664 0.8564766 -0.6389444 -0.7788497 0.8567885 -0.6408073 -0.76572 0.8579945 -0.6356794 -0.7646325 0.8574914 -0.6427495 -0.752583 0.8570412 -0.637637 -0.7514966 0.8567489 -0.6336691 -0.7777922 0.8591718 -0.6387842 -0.7788435 0.8593292 -0.6406329 -0.7657189 0.8603433 -0.635522 -0.7646377 0.8601868 -0.6425889 -0.7525916 0.8596054 -0.6374822 -0.7514809 0.8594454 -0.6534563 -0.7805785 0.8582944 -0.6548886 -0.7673369 0.8592982 -0.6572716 -0.7542587 0.858569 -0.6536481 -0.7797128 0.8646744 -0.6550574 -0.766496 0.865534 -0.6574612 -0.753408 0.8649487 -0.6331964 -0.78069 0.8467721 -0.6380088 -0.7813503 0.8469306 -0.6376707 -0.7497856 0.8470968 -0.6378667 -0.7499204 0.8568718 -0.6424723 -0.7505211 0.8472543 -0.6333883 -0.7808168 0.8565469 -0.638552 -0.7815309 0.8567138 -0.6430204 -0.7507047 0.8570379 -0.6332296 -0.7808207 0.8591389 -0.6383937 -0.7815352 0.8593009 -0.637708 -0.7499249 0.8594636 -0.642862 -0.7507088 0.8596249 -0.6519142 -0.7660337 0.8648996 -0.6500632 -0.7791746 0.8638842 -0.646601 -0.7795754 0.8584667 -0.6538726 -0.7528897 0.8641606 -0.6504124 -0.7532761 0.8587433 -0.6466546 -0.7665711 0.8583532 -0.6461277 -0.7773426 0.8523247 -0.6476344 -0.7666582 0.8531595 -0.649225 -0.7559707 0.8525493 -0.6464325 -0.7555621 0.8523914 -0.6433345 -0.7769384 0.8521666 -0.6448359 -0.7662506 0.8529635 -0.6603198 -0.7111253 0.7843046 -0.6199193 -0.7052775 0.7818449 -0.6608346 -0.7121735 0.7733814 -0.6204312 -0.7063194 0.7709857 -0.6610236 -0.7153129 0.762856 -0.6206193 -0.7094404 0.7605218 -0.6608796 -0.7204229 0.7531325 -0.6204764 -0.7145203 0.7508553 -0.6604083 -0.727307 0.744585 -0.6200079 -0.721364 0.7423577 -0.6596276 -0.7357007 0.7375417 -0.6192319 -0.7297084 0.7353553 -0.6585729 -0.7452769 0.7322591 -0.6181781 -0.7392331 0.7301174 -0.6572151 -0.7557032 0.7291432 -0.6168871 -0.7495718 0.7268452 -0.6541169 -0.7772884 0.7289187 -0.6137992 -0.7710866 0.7266205 -0.6524787 -0.7877374 0.7318173 -0.6121208 -0.781436 0.7296768 -0.6507822 -0.7973293 0.7369003 -0.610438 -0.7909777 0.7347157 -0.6491503 -0.8057456 0.7437684 -0.6088154 -0.7993451 0.7415438 -0.6476416 -0.8126572 0.7521722 -0.6073153 -0.8062167 0.7498986 -0.6463143 -0.8177986 0.7617886 -0.6059954 -0.8113284 0.7594591 -0.6452192 -0.8209722 0.7722481 -0.6049065 -0.8144837 0.7698578 -0.6443984 -0.8220561 0.7831487 -0.6040904 -0.8155612 0.7806953 -0.6438836 -0.8210086 0.7940717 -0.6035784 -0.8145197 0.7915549 -0.6436945 -0.8178697 0.8045973 -0.6033902 -0.8113989 0.8020193 -0.6438383 -0.8127603 0.8143209 -0.6035332 -0.8063189 0.8116863 -0.6443096 -0.8058765 0.8228689 -0.6040017 -0.799475 0.8201845 -0.6450903 -0.797483 0.8299127 -0.6047777 -0.7911301 0.8271872 -0.6461502 -0.7879022 0.8351818 -0.6058315 -0.781605 0.8324253 -0.6474426 -0.7774949 0.8384469 -0.6071226 -0.7712656 0.8356975 -0.6505468 -0.7558653 0.8386718 -0.6102107 -0.7497499 0.8359215 -0.6522433 -0.7454499 0.8356246 -0.6118891 -0.7394005 0.8328647 -0.6539359 -0.735852 0.8305556 -0.613572 -0.7298587 0.8278253 -0.655568 -0.7274354 0.823687 -0.6151946 -0.7214915 0.8209966 -0.6570767 -0.7205235 0.8152827 -0.6166946 -0.7146203 0.8126415 -0.6584041 -0.7153822 0.8056657 -0.6180144 -0.7095092 0.8030807 -0.6594991 -0.7122088 0.7952057 -0.6191032 -0.7063546 0.792682 -0.6500642 -0.753772 0.7245129 -0.6556727 -0.7549049 0.7249879 -0.6523955 -0.7775254 0.7247505 -0.6467809 -0.7764376 0.7242728 -0.650583 -0.7537589 0.7160252 -0.6562159 -0.7548801 0.7164241 -0.6529344 -0.7775269 0.7161878 -0.6472998 -0.7764229 0.715785 -0.6540197 -0.7542234 0.7127999 -0.6596212 -0.7553548 0.7132946 -0.6579826 -0.7666651 0.7131757 -0.6523783 -0.7655555 0.7126792 -0.656344 -0.7779753 0.713057 -0.6507366 -0.7768878 0.7125595 -0.6285088 -0.7707118 0.8405778 -0.6396453 -0.7725182 0.8412656 -0.6416877 -0.7583739 0.8414139 -0.6305509 -0.7565705 0.8407245 -0.6339532 -0.7754746 0.8468279 -0.6387239 -0.7764222 0.8469823 -0.6418827 -0.7545846 0.8472118 -0.6371196 -0.7535836 0.8470559 -0.6336691 -0.7777922 0.8591718 -0.6387842 -0.7788435 0.8593292 -0.6406329 -0.7657189 0.8603433 -0.635522 -0.7646377 0.8601868 -0.6425889 -0.7525916 0.8596054 -0.6374822 -0.7514809 0.8594454 -0.6331964 -0.78069 0.8467721 -0.6380088 -0.7813503 0.8469306 -0.6376707 -0.7497856 0.8470968 -0.6378667 -0.7499204 0.8568718 -0.6424723 -0.7505211 0.8472543 -0.6333883 -0.7808168 0.8565469 -0.638552 -0.7815309 0.8567138 -0.6430204 -0.7507047 0.8570379 -0.6332296 -0.7808207 0.8591389 -0.6383937 -0.7815352 0.8593009 -0.637708 -0.7499249 0.8594636 -0.642862 -0.7507088 0.8596249 -0.6387958 -0.7086861 0.7831583 -0.639303 -0.7097184 0.7723976 -0.6394894 -0.7128109 0.7620286 -0.6393476 -0.7178446 0.7524497 -0.6388834 -0.7246261 0.744029 -0.6381144 -0.7328948 0.7370902 -0.6370703 -0.7423331 0.7318998 -0.6357911 -0.7525781 0.7286574 -0.6327313 -0.7738977 0.7284352 -0.6310682 -0.7841529 0.731464 -0.6294008 -0.793608 0.7364574 -0.6277931 -0.8018992 0.7432237 -0.6263068 -0.8087081 0.7515028 -0.6249991 -0.813773 0.7609764 -0.6239202 -0.8168993 0.7712806 -0.6231116 -0.8179668 0.7820193 -0.6226044 -0.8169347 0.79278 -0.6224181 -0.8138421 0.8031491 -0.6225597 -0.8088085 0.812728 -0.6230241 -0.8020268 0.8211486 -0.623793 -0.793758 0.8280875 -0.6248372 -0.7843198 0.8332779 -0.6261164 -0.7740747 0.8365201 -0.6291762 -0.7527552 0.8367424 -0.6308392 -0.7425 0.8337136 -0.6325067 -0.7330449 0.8287202 -0.6341144 -0.7247537 0.8219538 -0.6356006 -0.7179448 0.8136749 -0.6369083 -0.7128799 0.8042012 -0.6379872 -0.7097536 0.793897 -0.6516837 -0.7542818 0.7253829 -0.6484344 -0.7767095 0.7251473 -0.652198 -0.7542681 0.716979 -0.6489487 -0.7766957 0.7167434 -0.6555986 -0.7547279 0.7137888 -0.6539739 -0.7659417 0.713671 -0.6523492 -0.7771556 0.7135533 -0.6330285 -0.7713924 0.8404709 -0.6350523 -0.757377 0.8406176 -0.6353167 -0.7756837 0.84636 -0.6384484 -0.7540338 0.8465871 -0.6352037 -0.7780314 0.858595 -0.6370366 -0.7650187 0.8596001 -0.6389758 -0.7520032 0.8588684 -0.6345878 -0.7807075 0.8463072 -0.6390128 -0.7501435 0.846628 -0.6349493 -0.780862 0.8559999 -0.6393796 -0.7502986 0.856321 -0.6347923 -0.7808662 0.8585652 -0.6392226 -0.7503029 0.8588863 -0.6569169 -0.756878 0.7143154 -0.6555485 -0.7663233 0.7142162 -0.6541801 -0.7757687 0.714117 -0.6597812 -0.7572653 0.7116283 -0.6584128 -0.7667106 0.7115291 -0.6570443 -0.776156 0.7114299 -0.6571952 -0.7581676 0.725563 -0.6559875 -0.7665033 0.7254754 -0.6547799 -0.7748391 0.7253879 -0.6597229 -0.7585095 0.7231916 -0.6585153 -0.7668452 0.7231041 -0.6573077 -0.7751809 0.7230165 -0.6615368 -0.7029204 0.7851942 -0.6621283 -0.7041237 0.7726522 -0.6623466 -0.7077282 0.7605669 -0.6621831 -0.7135953 0.7494025 -0.6616441 -0.7214998 0.7395881 -0.6607505 -0.7311377 0.7315007 -0.6595366 -0.7421388 0.7254514 -0.6580489 -0.7540802 0.7216725 -0.6544894 -0.77893 0.7214138 -0.6525545 -0.7908834 0.7249442 -0.650614 -0.8019039 0.7307643 -0.6487429 -0.811568 0.7386509 -0.6470127 -0.8195044 0.7483005 -0.6454902 -0.8254079 0.7593425 -0.6442337 -0.8290519 0.7713524 -0.6432916 -0.8302962 0.7838689 -0.6427001 -0.829093 0.7964107 -0.6424819 -0.8254885 0.8084962 -0.6426454 -0.8196213 0.8196607 -0.6431843 -0.8117168 0.8294751 -0.6440779 -0.8020789 0.8375624 -0.6452919 -0.7910777 0.8436118 -0.6467795 -0.7791364 0.8473907 -0.6484835 -0.7667185 0.8492338 -0.650339 -0.7542865 0.8476492 -0.652274 -0.7423332 0.8441189 -0.6542144 -0.7313127 0.8382986 -0.6560856 -0.7216486 0.8304122 -0.6578158 -0.7137122 0.8207625 -0.6593383 -0.7078087 0.8097205 -0.6605947 -0.7041648 0.7977106 -0.6746513 -0.7073431 0.7860704 -0.6752198 -0.7084994 0.7740162 -0.6754295 -0.7119637 0.7624008 -0.6752724 -0.7176027 0.7516707 -0.6747545 -0.7251997 0.7422379 -0.6738955 -0.7344629 0.734465 -0.6727288 -0.7450361 0.728651 -0.671299 -0.7565131 0.7250189 -0.6678779 -0.7803965 0.7247705 -0.6660182 -0.791885 0.7281635 -0.6641533 -0.802477 0.7337573 -0.6623548 -0.8117653 0.7413371 -0.660692 -0.819393 0.7506115 -0.6592287 -0.8250671 0.7612241 -0.658021 -0.8285693 0.7727669 -0.6571156 -0.8297652 0.7847967 -0.6565471 -0.8286088 0.7968508 -0.6563374 -0.8251444 0.8084663 -0.6564945 -0.8195054 0.8191965 -0.6570125 -0.8119083 0.8286293 -0.6578713 -0.8026452 0.8364021 -0.6590381 -0.7920719 0.8422162 -0.6604679 -0.780595 0.8458482 -0.6621058 -0.7686551 0.8471584 -0.6638889 -0.7567116 0.8460967 -0.6657487 -0.7452231 0.8427037 -0.6676136 -0.734631 0.8371098 -0.6694121 -0.7253428 0.82953 -0.6710749 -0.717715 0.8202556 -0.6725383 -0.712041 0.809643 -0.6737459 -0.7085388 0.7981001 -0.6746513 -0.7073431 0.7860704 -0.6752198 -0.7084994 0.7740162 -0.6754295 -0.7119637 0.7624008 -0.6752724 -0.7176027 0.7516707 -0.6747545 -0.7251997 0.7422379 -0.6738955 -0.7344629 0.734465 -0.6727288 -0.7450361 0.728651 -0.671299 -0.7565131 0.7250189 -0.6678779 -0.7803965 0.7247705 -0.6660182 -0.791885 0.7281635 -0.6641533 -0.802477 0.7337573 -0.6623548 -0.8117653 0.7413371 -0.660692 -0.819393 0.7506115 -0.6592287 -0.8250671 0.7612241 -0.658021 -0.8285693 0.7727669 -0.6571156 -0.8297652 0.7847967 -0.6565471 -0.8286088 0.7968508 -0.6563374 -0.8251444 0.8084663 -0.6564945 -0.8195054 0.8191965 -0.6570125 -0.8119083 0.8286293 -0.6578713 -0.8026452 0.8364021 -0.6590381 -0.7920719 0.8422162 -0.6604679 -0.780595 0.8458482 -0.6621058 -0.7686551 0.8471584 -0.6638889 -0.7567116 0.8460967 -0.6657487 -0.7452231 0.8427037 -0.6676136 -0.734631 0.8371098 -0.6694121 -0.7253428 0.82953 -0.6710749 -0.717715 0.8202556 -0.6725383 -0.712041 0.809643 -0.6737459 -0.7085388 0.7981001 -0.6840561 -0.7215896 0.7870347 -0.6845074 -0.7225075 0.7774653 -0.6846739 -0.7252578 0.7682442 -0.6845491 -0.7297343 0.7597258 -0.684138 -0.7357655 0.7522374 -0.6834561 -0.7431191 0.7460669 -0.6825299 -0.7515128 0.7414513 -0.6813948 -0.7606241 0.738568 -0.6786789 -0.7795842 0.7383707 -0.6772025 -0.7887046 0.7410644 -0.675722 -0.7971131 0.745505 -0.6742944 -0.8044868 0.7515225 -0.6729742 -0.8105422 0.758885 -0.6718125 -0.8150466 0.7673101 -0.6708539 -0.8178269 0.7764735 -0.6701351 -0.8187762 0.7860234 -0.6696838 -0.8178582 0.7955929 -0.6695173 -0.815108 0.8048139 -0.669642 -0.8106314 0.8133323 -0.6700533 -0.8046004 0.8208206 -0.6707351 -0.7972466 0.8269912 -0.6716613 -0.7888529 0.8316068 -0.6727964 -0.7797417 0.8344901 -0.6740967 -0.7702631 0.8355302 -0.6755122 -0.7607815 0.8346873 -0.6769886 -0.7516611 0.8319938 -0.6784691 -0.7432525 0.827553 -0.6798968 -0.735879 0.8215355 -0.6812169 -0.7298237 0.8141731 -0.6823786 -0.7253192 0.8057481 -0.6833372 -0.722539 0.7965846 -0.6843818 -0.739037 0.7875825 -0.6846748 -0.7396332 0.7813695 -0.6847829 -0.7414187 0.7753827 -0.6847019 -0.7443252 0.769852 -0.6844349 -0.748241 0.7649902 -0.6839923 -0.7530153 0.7609838 -0.6833909 -0.7584651 0.7579871 -0.6826539 -0.7643806 0.7561151 -0.6808907 -0.7766907 0.755987 -0.6799321 -0.7826122 0.7577358 -0.6789709 -0.7880715 0.760619 -0.6780439 -0.7928589 0.7645258 -0.6771869 -0.7967904 0.7693061 -0.6764326 -0.7997149 0.7747761 -0.6758102 -0.8015201 0.7807255 -0.6753435 -0.8021364 0.786926 -0.6750504 -0.8015404 0.7931389 -0.6749424 -0.7997549 0.7991259 -0.6750234 -0.7968484 0.8046566 -0.6752904 -0.7929326 0.8095184 -0.675733 -0.7881582 0.8135247 -0.6763344 -0.7827085 0.8165214 -0.6770713 -0.776793 0.8183934 -0.6779156 -0.770639 0.8190687 -0.6788346 -0.7644827 0.8185214 -0.6797932 -0.7585614 0.8167726 -0.6807544 -0.753102 0.8138893 -0.6816813 -0.7483146 0.8099826 -0.6825385 -0.7443831 0.8052024 -0.6832926 -0.7414585 0.7997323 -0.6839151 -0.7396535 0.7937829 -0.6610032 -0.706595 0.7852755 -0.6615606 -0.7077288 0.7734571 -0.6617662 -0.7111253 0.7620689 -0.6616122 -0.716654 0.7515487 -0.6611043 -0.7241023 0.7423003 -0.6602623 -0.7331843 0.7346796 -0.6591184 -0.7435507 0.7289793 -0.6577165 -0.7548032 0.7254184 -0.6543623 -0.7782194 0.7251747 -0.652539 -0.7894831 0.7285014 -0.6507105 -0.7998678 0.7339859 -0.6489473 -0.8089745 0.7414174 -0.647317 -0.8164529 0.7505103 -0.6458823 -0.822016 0.7609152 -0.6446983 -0.8254497 0.7722322 -0.6438106 -0.8266222 0.7840266 -0.6432532 -0.8254883 0.795845 -0.6430476 -0.8220918 0.8072332 -0.6432017 -0.8165631 0.8177535 -0.6437095 -0.8091146 0.8270018 -0.6445515 -0.8000326 0.8346225 -0.6456955 -0.7896663 0.8403228 -0.6470973 -0.7784138 0.8438837 -0.6487032 -0.7667076 0.8451684 -0.6504514 -0.7549976 0.8441274 -0.6522748 -0.743734 0.8408007 -0.6541032 -0.7333492 0.8353163 -0.6558665 -0.7242425 0.8278847 -0.6574968 -0.716764 0.8187918 -0.6589315 -0.7112011 0.8083869 -0.6601155 -0.7077674 0.7970697 -0.6829319 -0.723191 0.7870203 -0.683367 -0.7240761 0.7777945 -0.6835275 -0.7267274 0.7689046 -0.6834072 -0.7310433 0.7606921 -0.6830108 -0.7368578 0.7534726 -0.6823534 -0.7439473 0.7475237 -0.6814605 -0.7520397 0.7430739 -0.6803661 -0.7608237 0.7402942 -0.6777479 -0.7791029 0.7401039 -0.6763244 -0.7878957 0.7427009 -0.6748971 -0.7960025 0.746982 -0.6735207 -0.8031112 0.7527834 -0.672248 -0.8089492 0.7598814 -0.671128 -0.8132917 0.768004 -0.6702038 -0.8159723 0.7768384 -0.6695108 -0.8168875 0.7860453 -0.6690757 -0.8160026 0.795271 -0.6689152 -0.813351 0.804161 -0.6690355 -0.8090351 0.8123735 -0.6694319 -0.8032206 0.8195929 -0.6700893 -0.7961311 0.8255418 -0.6709822 -0.7880387 0.8299916 -0.6720765 -0.7792547 0.8327714 -0.6733301 -0.7701166 0.8337742 -0.6746948 -0.7609755 0.8329616 -0.6761182 -0.7521826 0.8303647 -0.6775456 -0.7440761 0.8260834 -0.678922 -0.7369672 0.8202822 -0.6801947 -0.7311294 0.813184 -0.6813146 -0.7267867 0.8050616 -0.6822388 -0.7241062 0.7962272 -0.6466054 -0.7754399 0.8477975 -0.6479634 -0.7666429 0.8490707 -0.649138 -0.7577945 0.8479868 -0.6466945 -0.7748984 0.8444924 -0.6478348 -0.7665857 0.8454047 -0.6490762 -0.7582703 0.8446655 -0.6408415 -0.7746019 0.8472639 -0.6418405 -0.7657496 0.8482319 -0.6433627 -0.7569547 0.8474475 -0.6408559 -0.7740581 0.8447736 -0.6419963 -0.7657454 0.8456858 -0.6432377 -0.7574299 0.8449466 -0.6449872 -0.7752345 0.8506077 -0.6462601 -0.7664126 0.8507001 -0.6475329 -0.7575908 0.8507925 -0.6414458 -0.7747038 0.84863 -0.6422208 -0.7658084 0.8486008 -0.6439914 -0.7570601 0.8488147 -0.6428318 -0.7749853 0.8566564 -0.6441045 -0.7661635 0.8567488 -0.6453773 -0.7573418 0.856841 -0.6402758 -0.7746167 0.8565006 -0.6415486 -0.7657949 0.856593 -0.6428214 -0.7569732 0.8566852</float_array>
          <technique_common>
            <accessor source="#gascap-mesh-positions-array" count="609" stride="3">
              <param name="X" type="float"/>
              <param name="Y" type="float"/>
              <param name="Z" type="float"/>
            </accessor>
          </technique_common>
        </source>
        <source id="gascap-mesh-normals">
          <float_array id="gascap-mesh-normals-array" count="1827">0.8602595 0.09183669 -0.5015173 0.7019534 0.1091097 -0.7038157 0.6733136 0.1043595 -0.7319549 -0.6383985 -0.1005678 0.7631078 -0.7344967 0.05252617 0.6765764 -0.9407562 -0.0400561 0.3367095 0.98797 0.1424309 -0.0602402 0.9879698 0.1424313 -0.06024211 0.9879697 0.1424318 -0.06024146 -0.9880727 -0.1419278 0.05974107 -0.6175543 -0.6669005 0.4169781 -0.9880792 -0.1418393 0.05984443 -0.6576365 -0.2372027 0.7150169 -0.6307911 -0.09853744 0.7696707 -0.6062906 -0.2395409 0.7583086 -0.9879273 -0.1429588 0.05968695 -0.778971 0.457626 0.4286988 -0.7605651 0.3733889 0.531151 -0.9878934 -0.1427593 0.06071794 -0.7971794 0.1561802 -0.5831918 -0.8100082 0.2726786 -0.5191659 -0.9880453 -0.1418616 0.06034821 -0.6476733 -0.7283944 -0.2235197 -0.988033 -0.1419081 0.06044018 -0.9797812 -0.1875157 -0.06976133 -0.6839813 -0.1056765 0.7218047 -0.7876108 -0.1070469 -0.6068033 -0.9878675 -0.1430932 0.06034892 -0.8270442 0.5212418 -0.2104873 -0.8247493 0.5594993 -0.08215445 -0.9879872 -0.1421198 0.06069111 -0.7227675 -0.3621346 -0.5886133 -0.9879049 -0.1426147 0.06086874 -0.9881338 -0.1415238 0.05968838 -0.6233061 -0.5829693 0.5211875 -0.9879037 -0.1430786 0.05979073 -0.7951326 0.520349 0.3114499 -0.9138231 -0.2324614 0.333 -0.9879495 -0.1422796 0.06093025 -0.9880617 -0.1418456 0.0601167 -0.6243367 -0.7802819 0.03693044 -0.9880581 -0.1418204 0.06023424 -0.6343297 -0.7670809 -0.09598356 -0.722983 0.1512726 0.6741011 -0.69569 0.02804619 0.7177945 -0.9878719 -0.1430108 0.0604735 -0.8252825 0.458957 -0.3290403 -0.9880032 -0.1420453 0.06060487 -0.7021417 -0.4788163 -0.5270029 -0.6493254 -0.3622259 0.668707 -0.6320555 -0.4817213 0.6070012 -0.9878956 -0.1430718 0.05993974 -0.8084818 0.5590406 0.1839315 -0.764146 -0.1030288 -0.6367622 -0.783256 0.0284397 -0.6210485 -0.9880746 -0.1418149 0.05997836 -0.6180598 -0.7675039 0.1701176 -0.9878739 -0.1433479 0.05963867 -0.9882602 -0.1418619 0.05671972 -0.9878729 -0.1429554 0.06058734 -0.8195367 0.3750153 -0.4332704 -0.9880176 -0.1419718 0.06054294 -0.6822334 -0.5814408 -0.4432656 -0.9932259 -0.09485602 -0.06711703 -0.9881013 -0.1429767 0.05668967 -0.9878767 -0.1431432 0.06008177 -0.8184876 0.5722536 0.05102837 -0.6157967 -0.7292018 0.2984279 -0.7402465 0.2720227 0.6148486 -0.9878789 -0.1428778 0.06067407 -0.6638544 -0.6657111 -0.3407729 -0.9878652 -0.1431631 0.06022369 -0.7454624 -0.2348709 -0.623796 -0.7882027 0.5019724 -0.3560339 -0.7417473 0.04407054 -0.6692299 -0.5848374 -0.803959 -0.1077741 -0.7719537 0.303534 -0.5585291 -0.758198 0.1790956 -0.6269454 -0.6738848 0.1771476 0.7172853 -0.6469575 0.04384952 0.7612643 -0.7013792 -0.237214 -0.6721583 -0.722411 -0.09653085 -0.6846928 -0.6986787 0.3024553 0.6483587 -0.7192543 0.4108429 0.5602513 -0.6570736 -0.4969109 -0.5668633 -0.6790362 -0.3722701 -0.6327123 -0.7388107 0.5006425 0.4511274 -0.5675104 -0.8044082 0.1756682 -0.5741676 -0.81804 0.03379696 -0.635894 -0.6062002 -0.4776613 -0.7560804 0.5673843 0.3262172 -0.565042 -0.7636615 0.3123281 -0.6162732 -0.6959888 -0.3685199 -0.770276 0.6086278 0.1903873 -0.5669137 -0.6972925 0.4386252 -0.5990257 -0.7627739 -0.2436066 -0.7809338 0.6227039 0.04880875 -0.5730152 -0.6079252 0.5496186 -0.7876372 0.6090727 -0.09304946 -0.5835428 -0.4999008 0.6399821 -0.790002 0.5684268 -0.2297565 -0.5947356 -0.3741502 0.7115486 -0.7820724 0.4125924 -0.4670441 -0.7936086 -0.1086958 -0.5986409 -0.7917777 -0.3152768 0.5231527 -0.9589535 -0.2112701 -0.1891383 -0.9805605 -0.06563687 -0.1849136 0.8502508 0.1641137 -0.5001404 0.7032823 0.1133368 -0.7018182 -0.5363765 -0.08654302 0.83953 -0.02157747 0.1553575 0.9876227 0.3382341 0.03911727 0.9402487 0.8944139 0.1343032 -0.4265987 0.6737748 0.1053556 -0.7313876 0.8951116 0.1341705 -0.4251747 0.8945108 0.1338834 -0.4265276 -0.8470723 0.06700909 0.5272367 -0.9490743 -0.134508 -0.2848959 -0.9463591 -0.3086425 0.09562551 -0.9494205 -0.1345723 -0.2837094 0.6729339 0.1052554 -0.7321758 0.02539664 -0.1752722 0.9841924 -0.9947675 0.02536422 0.09896653 -0.8296186 0.2019727 0.520519 -0.7366728 -0.4396671 0.5138153 -0.9897066 -0.1430898 -0.002502679 -0.9889278 -0.1459162 -0.02702605 0.7735394 0.104731 0.6250347 0.5123283 -0.04009115 0.8578535 0.93567 0.09039634 0.3411017 0.4826045 0.1660087 0.8599617 0.4922469 0.06174403 0.8682631 -0.6862068 -0.2720361 0.6746233 -0.7063974 -0.1089117 0.6993863 -0.9897685 -0.1401547 -0.02674156 -0.6860907 -0.09235966 -0.7216296 0.9634373 0.1573711 0.2168477 0.9894467 0.143544 -0.01975792 0.9225393 0.1297391 0.3634407 0.9689714 0.1179839 0.2171963 0.9879999 0.143137 -0.05803555 0.9897316 0.1419115 -0.01710927 0.9877451 0.1447377 -0.05840134 0.9892338 0.1449674 -0.02002179 0.9877368 0.1440325 -0.06025582 -0.9448409 0.1182163 -0.3054519 -0.9880587 -0.1427233 -0.05805253 0.987943 0.1437755 -0.05742132 0.2895749 -0.6190392 0.7300252 -0.5875689 -0.7343078 -0.3399337 0.247941 -0.9466847 -0.2057024 -0.882376 -0.374484 -0.2849111 -0.987513 -0.145102 0.06134891 -0.3061989 -0.7809882 0.5443344 -0.6038477 -0.09808677 0.7910417 -0.4602704 -0.6082202 0.646699 -0.8993018 -0.1245619 -0.4192142 -0.7672372 0.4726262 -0.4335567 -0.6141954 0.5252454 0.5889664 0.111806 0.7840124 0.6105931 0.2844851 0.03334081 0.9581006 0.7647016 0.1157214 -0.6339085 0.6400595 0.5528051 -0.5336015 0.01516079 0.9324741 -0.3609185 -0.2014418 -0.5087763 -0.8369993 0.9894348 0.1433999 0.02133876 -0.9880773 -0.1427997 -0.05754554 -0.9894573 -0.1448234 7.01498e-4 0.9891803 0.145784 -0.01641607 0.9894473 0.1432225 0.0219435 0.9894766 0.143347 -0.01969158 -0.9878039 -0.1432932 0.06091344 -0.9897618 -0.1427273 6.51116e-4 -0.4112253 0.6903594 0.5952291 0.3732369 0.0397619 0.9268836 0.8016663 0.1223365 -0.5851198 -0.3769575 -0.04404067 -0.925183 -0.3341025 0.3966296 -0.8550208 0.7642846 -0.3694856 -0.5285354 -0.176884 0.9841597 0.01190274 -0.153674 0.9708426 -0.1839812 -0.1445517 0.9894365 0.01097071 -0.1874955 0.9651295 -0.1826764 -0.1566585 0.9149641 -0.3718853 -0.1919053 0.908932 -0.3701557 -0.1533916 0.8239373 -0.5455257 -0.1899504 0.8177394 -0.5433426 -0.1439917 0.70125 -0.6982226 -0.1675057 0.5455543 -0.8211652 -0.1288272 0.5516174 -0.8240885 -0.1478723 0.3749731 -0.9151661 -0.1082675 0.3809199 -0.9182474 -0.1479538 0.3799478 -0.9130988 -0.1566927 0.8386291 -0.5216786 -0.2161895 0.9637687 0.1562438 -0.1761704 0.9780285 0.1114643 0.08991438 -0.8130064 -0.5752705 -0.03255677 -0.3808041 -0.9240824 0.005504965 -0.3752271 -0.9269166 -7.2945e-5 -0.5517383 -0.8340174 0.03865742 -0.5473442 -0.8360144 0.03142714 -0.7016618 -0.7118168 0.06899297 -0.6972782 -0.7134726 0.06072229 -0.8248005 -0.5621539 0.09703701 -0.8204149 -0.5634744 0.08668911 -0.9163877 -0.3907923 0.1215726 -0.9119613 -0.3918504 0.1083232 -0.9728991 -0.204288 0.1416613 -0.968415 -0.205194 0.1247946 -0.992134 -0.009820461 0.1565389 -0.987614 -0.01069313 0.135468 -0.9733346 0.1851169 0.1656283 -0.9688355 0.1841876 0.1399259 -0.9172105 0.3730224 0.1685829 -0.9128087 0.3719677 0.1379954 -0.8259229 0.5466341 0.1652918 -0.8216947 0.5454324 0.1297454 -0.7029803 0.6992746 0.1558818 -0.6989976 0.6979278 0.14072 -0.5494377 0.8235995 0.1155046 -0.5531228 0.8250539 0.1201457 -0.3785996 0.9177295 0.09581303 -0.3821212 0.9191319 0.1273028 -0.514654 0.8478946 -0.03262448 0.5216848 0.8525143 -0.1241325 0.9438398 0.3061989 -0.1220098 0.97977 0.1586332 -0.01469862 0.3487184 0.9371123 0.005204319 0.3775268 0.9259841 -0.01976901 0.3747277 0.9269242 -0.02649784 0.548539 0.8357051 -0.05226987 0.5455665 0.8364359 -0.05695039 0.6985278 0.7133131 -0.08375561 0.6952431 0.7138782 -0.08499133 0.8217273 0.5635074 -0.1130126 0.8180162 0.5639838 -0.1095404 0.9134092 0.3920263 -0.1389163 0.9091914 0.3925217 -0.1296498 0.9700391 0.2054631 -0.1604806 0.9652792 0.2061116 0.1957898 -0.9786834 0.0620101 0.1747961 -0.9843604 -0.02193516 0.1728593 -0.9839617 0.04403543 0.1159467 -0.7435016 -0.6586061 -0.2230802 0.973729 0.04568505 -0.2888073 0.7599799 -0.5822553 -0.5151891 -0.06562942 -0.8545601 -0.2103613 -0.0201978 -0.9774152 -0.2198486 -0.7916107 -0.5701046 0.02411252 -0.7630255 -0.6459185 0.2109037 -0.9754938 -0.06270194 -0.5126298 0.7352421 -0.4434297 -0.07572317 0.532248 -0.8431952 0.1354529 -0.8836826 0.4480598 0.1975083 -0.9665766 0.1634629 0.3248616 -0.5055649 -0.7992929 0.1419758 -0.5019946 -0.8531379 -0.2284641 0.4391875 -0.8688605 -0.05556112 0.6432783 -0.7636139 -0.3379518 -0.0899769 0.9368526 -0.07860946 -0.02291685 0.9966421 -0.06892424 -0.05403393 0.9961575 -0.3482309 -0.056481 0.9357058 -0.08253359 0.01210916 0.9965147 0.03141528 -0.9994828 -0.006878197 0.02268034 -0.7674293 0.6407324 0.1087422 -0.9940232 -0.009651243 -0.1964489 0.750947 -0.6304653 -0.1761066 0.9843088 0.01107442 0.2120044 -0.7698534 -0.6019802 0.1259369 -0.6155045 -0.7780067 -0.1088457 0.9940068 0.01015788 -0.1920175 0.7303644 0.6555129 -0.3501353 -0.03375375 0.9360908 0.2035462 -0.01232737 0.9789878 -0.2445358 -0.6519142 0.7177814 -0.0676307 -0.441758 -0.8945814 0.02525544 -0.7629392 -0.645977 0.1916101 0.05100893 0.9801447 0.06937754 0.6895819 0.7208769 -0.2471241 0.9688892 0.01354497 -0.4140745 0.5400339 0.7327386 0.1804925 -0.9835188 -0.01064425 -0.01009613 0.810051 -0.5862726 0.2661281 -0.65624 0.706063 0.1992172 0.01668506 0.9798134 0.1092667 0.5322718 -0.8394926 0.1758886 -0.9419438 0.286016 0.1457686 -0.3935682 0.9076649 -0.1518925 0.8886981 0.4326021 -0.1538413 0.9879333 0.01791 0.05293208 0.3861778 -0.9209044 0.1543009 -0.9878987 -0.01573187 0.1176912 0.02747589 -0.9926702 0.1834408 -0.3341632 -0.9244915 -0.1603754 0.9844955 0.07105171 0.1646036 -0.9863182 0.009066402 -0.03136777 -0.3843945 -0.9226359 -0.09886509 0.9742495 0.2026415 -0.1121857 0.9936552 0.007993638 -0.08028173 0.917552 0.389427 -0.05714571 0.8257418 0.561146 -0.03034186 0.7023503 0.7111846 -9.12411e-4 0.5521331 0.8337556 0.02971655 0.3800491 0.9244889 0.02451121 0.3999519 0.9162084 0.1447887 -0.3747079 0.9157676 0.1659068 -0.5462701 0.8210141 0.1819608 -0.6954973 0.6951071 0.1924748 -0.817753 0.5424329 0.1970534 -0.9083479 0.3688824 0.1955207 -0.9638274 0.1811308 0.1879376 -0.9820867 -0.01360923 0.1746009 -0.9624473 -0.2078695 0.1560251 -0.9056802 -0.3942075 0.132918 -0.8139718 -0.5654935 0.1061735 -0.6908395 -0.7151699 0.07691597 -0.541547 -0.8371444 0.04521471 -0.3632719 -0.9305854 -0.1326944 0.7598211 -0.6364465 -0.07043117 0.380545 -0.9220765 -0.08966326 0.5563827 -0.8260744 -0.1059709 0.7054623 -0.7007803 -0.1165553 0.8280935 -0.5483395 -0.1211987 0.9191249 -0.3748604 -0.1197256 0.9750351 -0.1870097 0.9889023 0.142844 0.04084247 0.3904675 -0.4797321 0.7857431 0.6069736 -0.7887362 0.09735667 -0.9896296 -0.1432635 -0.01043188 -0.651255 -0.6807538 0.3353226 -0.908749 -0.1357961 0.3946325 0.3780816 0.04506057 0.924675 -0.8167099 0.4609155 0.3471918 -0.8040438 -0.593725 0.03168964 0.3585297 0.9263957 0.1150983 0.2405475 0.5547065 0.796516 -0.9394099 0.340293 0.04135119 0.788648 0.5259724 -0.3184139 0.7244389 -0.4626182 0.5110507 0.7307376 -0.5593248 0.3913803 0.6656497 -0.1414746 0.7327315 -0.06398189 -0.3992275 0.9146167 0.6990863 -0.2105141 0.6833463 0.606391 -0.2097448 -0.7670053 -0.2225459 -0.1668398 -0.9605404 0.5660918 -0.02894043 -0.823834 -0.1283962 -0.02874159 0.9913064 0.07287114 9.68652e-6 0.9973413 0.6303933 -0.3445659 -0.695614 -0.1853584 -0.3972612 -0.8987914 0.6015554 0.3072689 0.7373718 0.6535854 -0.4627068 -0.5989395 -0.1551066 -0.5655856 -0.8099722 -0.1711557 0.3463505 0.9223596 0.6137416 0.3843563 0.6896315 0.6751044 -0.5595921 -0.480719 -0.1257484 -0.7131944 -0.6895949 -0.201429 0.514803 0.8333093 0.5898205 0.5189189 0.6187366 0.6941093 -0.6315166 -0.3455418 -0.09840506 -0.8344261 -0.5422633 -0.2308058 0.6624381 0.7126742 0.5666652 0.6369782 0.522637 0.7098591 -0.6757638 -0.1986033 -0.07411402 -0.9246096 -0.3736366 -0.2581651 0.7835954 0.5650923 0.545154 0.7340322 0.4049738 0.7217831 -0.6906168 -0.04558241 -0.05382561 -0.9802737 -0.1901744 -0.3282861 0.9291134 -0.1702251 0.4983439 0.8664823 -0.02935749 0.4906516 0.8519796 -0.182734 -0.2824399 0.8736188 0.396255 0.5261445 0.8063151 0.2702375 0.7293774 -0.6755925 0.1076269 -0.03831601 -0.9992651 0.001069366 -0.3326156 0.8737623 -0.3548328 0.4875311 0.8080836 -0.3306273 -0.3027045 0.9290559 0.2126621 0.5103424 0.8510452 0.1235836 0.7324138 -0.6312364 0.255168 -0.02817744 -0.9808405 0.1927645 -0.3310192 0.7838781 -0.5253205 0.4891376 0.7364437 -0.4673277 -0.3181906 0.9477854 0.02139222 -0.02380585 -0.9256926 0.3775271 -0.323552 0.6629201 -0.6751675 0.4953926 0.6398063 -0.5875664 -0.2633445 0.1171012 -0.9575684 0.532744 0.2035304 -0.8214374 -0.02537506 -0.8359337 0.5482437 -0.3105063 0.515528 -0.7986344 0.5060677 0.5218657 -0.6866963 0.7137505 -0.3448465 0.6096238 -0.03281193 -0.7149993 0.6983548 -0.2923902 0.3473736 -0.8909768 0.5207528 0.3871744 -0.7608631 -0.04584819 -0.5675384 0.8220694 -0.628829 -0.6599094 0.4112101 -0.8134034 -0.5378847 0.2214841 -0.6293017 -0.7195371 0.2936761 -0.8519762 -0.1273285 0.5078623 -0.9762391 -0.1589406 0.1472929 -0.8400226 -0.2150961 0.4980921 -0.950933 0.1797549 -0.2518226 -0.8432102 0.4355835 -0.3150613 -0.8389333 0.3531628 -0.4140859 -0.7726203 -0.203209 -0.6014683 -0.9216465 -0.063376 -0.3828201 -0.8004388 -0.00956434 -0.5993384 -0.6325682 -0.578325 0.5151677 -0.813461 -0.4981527 0.3002086 -0.9452468 0.1133691 -0.3060327 -0.8308317 0.253806 -0.4952788 -0.6404163 -0.4778562 0.6012656 -0.8162992 -0.4436752 0.3698756 -0.9373036 0.03819346 -0.3464149 -0.8192305 0.1412706 -0.5557914 -0.6520897 -0.362433 0.6658989 -0.8218281 -0.3765062 0.4275999 -0.6671294 -0.2366495 0.7063536 -0.8298371 -0.2992957 0.4709488 -0.74806 -0.3541976 -0.5612045 -0.903465 -0.1901283 -0.3841904 -0.6849431 -0.105582 0.7209059 -0.7273239 -0.4667755 -0.503111 -0.8898341 -0.2927466 -0.3499928 -0.8652118 -0.03959012 0.4998412 -0.7048045 0.02542573 0.7089459 -0.7068694 -0.5661628 -0.4240229 -0.8761941 -0.3679958 -0.3112285 -0.8791835 0.04457002 0.4743942 -0.7258974 0.1510805 0.671005 -0.6874595 -0.6485889 -0.3266986 -0.8628203 -0.4344709 -0.2584111 -0.8933267 0.1217353 0.4326059 -0.7473775 0.266308 0.6086928 -0.6698223 -0.7108345 -0.2145983 -0.8501944 -0.4896556 -0.1934086 -0.9070661 0.1888206 0.3762686 -0.7683671 0.3665229 0.5246648 -0.6546325 -0.7503514 -0.09181034 -0.8387963 -0.5313889 -0.1185177 -0.9198496 0.2432367 0.3077542 -0.7880269 0.4478428 0.4224342 -0.6425086 -0.7653784 0.03712952 -0.8290624 -0.5579674 -0.0364421 -0.9525886 0.303025 -0.02740067 -0.8318859 0.5526093 0.0508812 -0.8396608 0.537447 -0.07823479 -0.9311804 0.2829331 0.2298958 -0.8055925 0.5071996 0.3062177 -0.6339393 -0.7550688 0.1673083 -0.8213899 -0.5681902 0.04978418 -0.9546988 0.2765074 -0.1099727 -0.8434702 0.4978536 -0.2017425 -0.9406305 0.3064966 0.1458563 -0.8203966 0.5424884 0.1807096 -0.8160903 -0.5614803 0.1368815 -0.9541288 0.2348552 -0.1856914 -0.9478511 0.3132107 0.05896914 -0.9706839 -0.2217225 0.09279984 -0.974215 -0.175422 0.1418887 -0.9936205 -0.06160151 0.0944643 -0.984683 -0.1734395 -0.01783603 -0.9811739 -0.1245113 0.1476309 -0.9821279 -0.1879292 -0.01036423 -0.9838693 -0.1080263 0.1425895 -0.979602 -0.2009473 -2.792e-4 -0.986568 -0.09293621 0.1343372 -0.9772734 -0.211629 0.01224428 -0.9891603 -0.07986032 0.1232247 -0.9751677 -0.2198538 0.02668845 -0.9915459 -0.06930845 0.1096957 -0.9734008 -0.2251188 0.04257386 -0.9973303 -0.05804157 0.04431045 -0.9720132 -0.2273179 0.05930417 -0.9975892 -0.0633518 0.02832555 -0.9953082 -0.05721211 0.07802867 -0.9710989 -0.2261644 0.07626664 -0.9973478 -0.0714817 0.01370346 -0.9965626 -0.05595451 0.061091 -0.9966176 -0.08217459 9.65679e-4 -0.9877936 -0.1536571 -0.02556324 -0.9707995 -0.2140883 0.1082338 -0.9954267 -0.09506231 -0.009436786 -0.971436 -0.2035758 0.1219387 -0.9938265 -0.1096113 -0.0171563 -0.9725949 -0.1904596 0.133358 -0.9912813 -0.1293062 -0.0253241 0.8604488 -0.0609433 -0.5058794 0.8488507 -0.173992 -0.4991785 0.8755096 -0.1445087 -0.4610859 0.9291343 -0.1393874 0.3424627 0.7921139 0.4666473 -0.3934411 0.9203156 -0.05720967 0.3869708 0.7984024 0.393816 -0.4554806 0.9120879 0.05645912 0.4060888 0.8072741 0.3103064 -0.5020143 0.8924496 0.1935564 0.4075164 0.3889991 0.3395714 -0.8563708 0.3328967 0.05747961 -0.9412099 0.8164528 0.08399718 -0.5712702 0.8683934 0.3053292 0.3907262 0.06812876 0.7263066 0.6839863 0.8536551 0.3875713 0.3479391 0.8392997 0.4600052 0.2897782 0.8258404 0.519904 0.2183749 0.8901016 -0.2174237 -0.4005572 0.8138077 0.5649218 0.1363101 0.9036523 -0.2768395 -0.3267605 0.8036702 0.5932439 0.04664725 0.9380072 -0.3446471 0.03689032 0.9156259 -0.3205252 -0.2426784 0.7957993 0.6037135 -0.04726165 0.9400569 -0.3164296 0.1271428 0.9255694 -0.3468778 -0.1516482 0.7905606 0.5957314 -0.1418381 0.9392052 -0.2715405 0.2101414 0.933125 -0.3549671 -0.05723881 0.7881267 0.5695375 -0.2334167 0.9355176 -0.2117388 0.2827962 0.7702283 0.6352142 0.05702227 0.8252246 0.4099057 0.3885636 0.9200541 -0.3637745 0.1454947 0.7946061 0.555125 0.2458401 0.864839 -0.2539854 -0.4330648 0.781374 0.6043612 0.1555708 0.8797565 -0.3192042 -0.3523312 0.9177347 -0.3944869 0.04629427 0.8929412 -0.3672755 -0.2603164 0.7615828 0.6464263 -0.04609721 0.9039183 -0.3964174 -0.1605773 0.7558372 0.6373903 -0.1498132 0.9191908 -0.3146557 0.2368126 0.9122919 -0.4055491 -0.05704081 0.7532013 0.6083579 -0.2501771 0.9152049 -0.2490853 0.3167911 0.8551614 0.1959053 0.4799167 0.7537522 0.5604182 -0.3432043 0.908227 -0.1696384 0.3825526 0.7575454 0.4952684 -0.4252464 0.8985756 -0.07929444 0.4315954 0.7644392 0.4153843 -0.4930402 0.8771528 0.04226762 0.4783477 0.7741207 0.3239011 -0.5438984 0.8054302 0.1600106 -0.5706828 0.7862951 0.2243976 -0.5756612 0.841452 0.3195175 0.4357377 0.8159832 0.01710987 -0.5778223 0.8323229 -0.0824542 -0.5481242 0.8094295 0.4894328 0.3244679 0.4665425 -0.198807 -0.8618665 0.7946183 -0.6027386 0.07271915 0.2771968 -0.6906636 0.6679415 0.5938129 0.7993148 0.09209924 0.6589313 -0.3931245 -0.6412977 0.9191107 0.1280926 0.3725962 0.5189613 0.575841 -0.6317328 0.1503957 0.03186243 -0.9881123 0.4835727 0.8687757 0.1067071 0.7587003 0.1027358 0.6432878 0.7121223 -0.6966976 0.08656942 0.9230728 0.129378 0.3622128 -0.7035566 0.6419069 0.3048996 0.5491513 0.6524981 0.522187 -0.4920123 -0.8206421 0.2906385 -0.2613294 -0.04812461 0.9640493 -0.3529818 -0.657515 0.6656411 -0.543751 -0.08718216 0.8347061 -0.5221548 0.5178639 0.6776219 -0.8280622 -0.1251999 0.5464777 0.7125036 -0.4815097 0.5103795 0.7046184 0.1054971 -0.7017003 0.9879684 0.1424434 -0.06023526 0.9879673 0.142448 -0.06024283 0.9879693 0.1424353 -0.06024038 0.9879698 0.1424319 -0.06023973 0.987968 0.1424468 -0.0602355 0.9879702 0.1424301 -0.0602383 0.9879727 0.1424149 -0.06023311 0.9879654 0.1424642 -0.0602371 0.924921 0.169402 0.3403294 0.9879695 0.1424332 -0.06024378 0.9879686 0.1424304 -0.06026476 0.9879706 0.1424278 -0.06023663 0.9879752 0.1424029 -0.06022065 0.9879702 0.1424301 -0.06023794 0.9879685 0.1424416 -0.06024014 0.9879729 0.1424109 -0.06023842 0.9879703 0.1424307 -0.06023484 0.9879691 0.142434 -0.06024777 0.9879708 0.142413 -0.06026953 0.9879662 0.1424701 -0.06020957 0.9879701 0.142431 -0.06023693 0.9879723 0.1424198 -0.06022715 0.9879696 0.1424316 -0.0602433 0.9879671 0.1424446 -0.06025391 0.6729315 0.1052191 -0.7321832 0.9877395 0.1440194 -0.06024366 -0.18171 0.6950514 -0.6956185 0.09292328 -0.3559722 0.9298651 -0.2623361 0.962461 0.06963258 -0.08651328 -0.2165296 0.9724354 -0.1411476 0.1635757 0.9763813 -0.978602 -0.1417185 0.1491779 0.8004324 0.1207631 -0.5871323 0.7169477 0.1098114 -0.6884239</float_array>
          <technique_common>
            <accessor source="#gascap-mesh-normals-array" count="609" stride="3">
              <param name="X" type="float"/>
              <param name="Y" type="float"/>
              <param name="Z" type="float"/>
            </accessor>
          </technique_common>
        </source>
        <source id="gascap-mesh-map-0">
          <float_array id="gascap-mesh-map-0-array" count="5616">0 0 0 0 0 0 0 0 0 0 0 0 0 0 0 0 0 0 0 0 0 0 0 0 0 0 0 0 0 0 0 0 0 0 0 0 0 0 0 0 0 0 0 0 0 0 0 0 0 0 0 0 0 0 0 0 0 0 0 0 0 0 0 0 0 0 0 0 0 0 0 0 0 0 0 0 0 0 0 0 0 0 0 0 0 0 0 0 0 0 0 0 0 0 0 0 0 0 0 0 0 0 0 0 0 0 0 0 0 0 0 0 0 0 0 0 0 0 0 0 0 0 0 0 0 0 0 0 0 0 0 0 0 0 0 0 0 0 0 0 0 0 0 0 0 0 0 0 0 0 0 0 0 0 0 0 0 0 0 0 0 0 0 0 0 0 0 0 0 0 0 0 0 0 0 0 0 0 0 0 0 0 0 0 0 0 0 0 0 0 0 0 0 0 0 0 0 0 0 0 0 0 0 0 0 0 0 0 0 0 0 0 0 0 0 0 0 0 0 0 0 0 0 0 0 0 0 0 0 0 0 0 0 0 0 0 0 0 0 0 0 0 0 0 0 0 0 0 0 0 0 0 0 0 0 0 0 0 0 0 0 0 0 0 0 0 0 0 0 0 0 0 0 0 0 0 0 0 0 0 0 0 0 0 0 0 0 0 0 0 0 0 0 0 0 0 0 0 0 0 0 0 0 0 0 0 0 0 0 0 0 0 0 0 0 0 0 0 0 0 0 0 0 0 0 0 0 0 0 0 0 0 0 0 0 0 0 0 0 0 0 0 0 0 0 0 0 0 0 0 0 0 0 0 0 0 0 0 0 0 0 0 0 0 0 0 0 0 0 0 0 0 0 0 0 0 0 0 0 0 0 0 0 0 0 0 0 0 0 0 0 0 0 0 0 0 0 0 0 0 0 0 0 0 0 0 0 0 0 0 0 0 0 0 0 0 0 0 0 0 0 0 0 0 0 0 0 0 0 0 0 0 0 0 0 0 0 0 0 0 0 0 0 0 0 0 0 0 0 0 0 0 0 0 0 0 0 0 0 0 0 0 0 0 0 0 0 0 0 0 0 0 0 0 0 0 0 0 0 0 0 0 0 0 0 0 0 0 0 0 0 0 0 0 0 0 0 0 0 0 0 0 0 0 0 0 0 0 0 0 0 0 0 0 0 0 0 0 0 0 0 0 0 0 0 0 0 0 0 0 0 0 0 0 0 0 0 0 0 0 0 0 0 0 0 0 0 0 0 0 0 0 0 0 0 0 0 0 0 0 0 0 0 0 0 0 0 0 0 0 0 0 0 0 0 0 0 0 0 0 0 0 0 0 0 0 0 0 0 0 0 0 0 0 0 0 0 0 0 0 0 0 0 0 0 0 0 0 0 0 0 0 0 0 0 0 0 0 0 0 0 0 0 0 0 0 0 0 0 0 0 0 0 0 0 0 0 0 0 0 0 0 0 0 0 0 0 0 0 0 0 0 0 0 0 0 0 0 0 0 0 0 0 0 0 0 0 0 0 0 0 0 0 0 0 0 0 0 0 0 0 0 0 0 0 0 0 0 0 0 0 0 0 0 0 0 0 0 0 0 0 0 0 0 0 0 0 0 0 0 0 0 0 0 0 0 0 0 0 0 0 0 0 0 0 0 0 0 0 0 0 0 0 0 0 0 0 0 0 0 0 0 0 0 0 0 0 0 0 0 0 0 0 0 0 0 0 0 0 0 0 0 0 0 0 0 0 0 0 0 0 0 0 0 0 0 0 0 0 0 0 0 0 0 0 0 0 0 0 0 0 0 0 0 0 0 0 0 0 0 0 0 0 0 0 0 0 0 0 0 0 0 0 0 0 0 0 0 0 0 0 0 0 0 0 0 0 0 0 0 0 0 0 0 0 0 0 0 0 0 0 0 0 0 0 0 0 0 0 0 0 0 0 0 0 0 0 0 0 0 0 0 0 0 0 0 0 0 0 0 0 0 0 0 0 0 0 0 0 0 0 0 0 0 0 0 0 0 0 0 0 0 0 0 0 0 0 0 0 0 0 0 0 0 0 0 0 0 0 0 0 0 0 0 0 0 0 0 0 0 0 0 0 0 0 0 0 0 0 0 0 0 0 0 0 0 0 0 0 0 0 0 0 0 0 0 0 0 0 0 0 0 0 0 0 0 0 0 0 0 0 0 0 0 0 0 0 0 0 0 0 0 0 0 0 0 0 0 0 0 0 0 0 0 0 0 0 0 0 0 0 0 0 0 0 0 0 0 0 0 0 0 0 0 0 0 0 0 0 0 0 0 0 0 0 0 0 0 0 0 0 0 0 0 0 0 0 0 0 0 0 0 0 0 0 0 0 0 0 0 0 0 0 0 0 0 0 0 0 0 0 0 0 0 0 0 0 0 0 0 0 0 0 0 0 0 0 0 0 0 0 0 0 0 0 0 0 0 0 0 0 0 0 0 0 0 0 0 0 0 0 0 0 0 0 0 0 0 0 0 0 0 0 0 0 0 0 0 0 0 0 0 0 0 0 0 0 0 0 0 0 0 0 0 0 0 0 0 0 0 0 0 0 0 0 0 0 0 0 0 0 0 0 0 0 0 0 0 0 0 0 0 0 0 0 0 0 0 0 0 0 0 0 0 0 0 0 0 0 0 0 0 0 0 0 0 0 0 0 0 0 0 0 0 0 0 0 0 0 0 0 0 0 0 0 0 0 0 0 0 0 0 0 0 0 0 0 0 0 0 0 0 0 0 0 0 0 0 0 0 0 0 0 0 0 0 0 0 0 0 0 0 0 0 0 0 0 0 0 0 0 0 0 0 0 0 0 0 0 0 0 0 0 0 0 0 0 0 0 0 0 0 0 0 0 0 0 0 0 0 0 0 0 0 0 0 0 0 0 0 0 0 0 0 0 0 0 0 0 0 0 0 0 0 0 0 0 0 0 0 0 0 0 0 0 0 0 0 0 0 0 0 0 0 0 0 0 0 0 0 0 0 0 0 0 0 0 0 0 0 0 0 0 0 0 0 0 0 0 0 0 0 0 0 0 0 0 0 0 0 0 0 0 0 0 0 0 0 0 0 0 0 0 0 0 0 0 0 0 0 0 0 0 0 0 0 0 0 0 0 0 0 0 0 0 0 0 0 0 0 0 0 0 0 0 0 0 0 0 0 0 0 0 0 0 0 0 0 0 0 0 0 0 0 0 0 0 0 0 0 0 0 0 0 0 0 0 0 0 0 0 0 0 0 0 0 0 0 0 0 0 0 0 0 0 0 0 0 0 0 0 0 0 0 0 0 0 0 0 0 0 0 0 0 0 0 0 0 0 0 0 0 0 0 0 0 0 0 0 0 0 0 0 0 0 0 0 0 0 0 0 0 0 0 0 0 0 0 0 0 0 0 0 0 0 0 0 0 0 0 0 0 0 0 0 0 0 0 0 0 0 0 0 0 0 0 0 0 0 0 0 0 0 0 0 0 0 0 0 0 0 0 0 0 0 0 0 0 0 0 0 0 0 0 0 0 0 0 0 0 0 0 0 0 0 0 0 0 0 0 0 0 0 0 0 0 0 0 0 0 0 0 0 0 0 0 0 0 0 0 0 0 0 0 0 0 0 0 0 0 0 0 0 0 0 0 0 0 0 0 0 0 0 0 0 0 0 0 0 0 0 0 0 0 0 0 0 0 0 0 0 0 0 0 0 0 0 0 0 0 0 0 0 0 0 0 0 0 0 0 0 0 0 0 0 0 0 0 0 0 0 0 0 0 0 0 0 0 0 0 0 0 0 0 0 0 0 0 0 0 0 0 0 0 0 0 0 0 0 0 0 0 0 0 0 0 0 0 0 0 0 0 0 0 0 0 0 0 0 0 0 0 0 0 0 0 0 0 0 0 0 0 0 0 0 0 0 0 0 0 0 0 0 0 0 0 0 0 0 0 0 0 0 0 0 0 0 0 0 0 0 0 0 0 0 0 0 0 0 0 0 0 0 0 0 0 0 0 0 0 0 0 0 0 0 0 0 0 0 0 0 0 0 0 0 0 0 0 0 0 0 0 0 0 0 0 0 0 0 0 0 0 0 0 0 0 0 0 0 0 0 0 0 0 0 0 0 0 0 0 0 0 0 0 0 0 0 0 0 0 0 0 0 0 0 0 0 0 0 0 0 0 0 0 0 0 0 0 0 0 0 0 0 0 0 0 0 0 0 0 0 0 0 0 0 0 0 0 0 0 0 0 0 0 0 0 0 0 0 0 0 0 0 0 0 0 0 0 0 0 0 0 0 0 0 0 0 0 0 0 0 0 0 0 0 0 0 0 0 0 0 0 0 0 0 0 0 0 0 0 0 0 0 0 0 0 0 0 0 0 0 0 0 0 0 0 0 0 0 0 0 0 0 0 0 0 0 0 0 0 0 0 0 0 0 0 0 0 0 0 0 0 0 0 0 0 0 0 0 0 0 0 0 0 0 0 0 0 0 0 0 0 0 0 0 0 0 0 0 0 0 0 0 0 0 0 0 0 0 0 0 0 0 0 0 0 0 0 0 0 0 0 0 0 0 0 0 0 0 0 0 0 0 0 0 0 0 0 0 0 0 0 0 0 0 0 0 0 0 0 0 0 0 0 0 0 0 0 0 0 0 0 0 0 0 0 0 0 0 0 0 0 0 0 0 0 0 0 0 0 0 0 0 0 0 0 0 0 0 0 0 0 0 0 0 0 0 0 0 0 0 0 0 0 0 0 0 0 0 0 0 0 0 0 0 0 0 0 0 0 0 0 0 0 0 0 0 0 0 0 0 0 0 0 0 0 0 0 0 0 0 0 0 0 0 0 0 0 0 0 0 0 0 0 0 0 0 0 0 0 0 0 0 0 0 0 0 0 0 0 0 0 0 0 0 0 0 0 0 0 0 0 0 0 0 0 0 0 0 0 0 0 0 0 0 0 0 0 0 0 0 0 0 0 0 0 0 0 0 0 0 0 0 0 0 0 0 0 0 0 0 0 0 0 0 0 0 0 0 0 0 0 0 0 0 0 0 0 0 0 0 0 0 0 0 0 0 0 0 0 0 0 0 0 0 0 0 0 0 0 0 0 0 0 0 0 0 0 0 0 0 0 0 0 0 0 0 0 0 0 0 0 0 0 0 0 0 0 0 0 0 0 0 0 0 0 0 0 0 0 0 0 0 0 0 0 0 0 0 0 0 0 0 0 0 0 0 0 0 0 0 0 0 0 0 0 0 0 0 0 0 0 0 0 0 0 0 0 0 0 0 0 0 0 0 0 0 0 0 0 0 0 0 0 0 0 0 0 0 0 0 0 0 0 0 0 0 0 0 0 0 0 0 0 0 0 0 0 0 0 0 0 0 0 0 0 0 0 0 0 0 0 0 0 0 0 0 0 0 0 0 0 0 0 0 0 0 0 0 0 0 0 0 0 0 0 0 0 0 0 0 0 0 0 0 0 0 0 0 0 0 0 0 0 0 0 0 0 0 0 0 0 0 0 0 0 0 0 0 0 0 0 0 0 0 0 0 0 0 0 0 0 0 0 0 0 0 0 0 0 0 0 0 0 0 0 0 0 0 0 0 0 0 0 0 0 0 0 0 0 0 0 0 0 0 0 0 0 0 0 0 0 0 0 0 0 0 0 0 0 0 0 0 0 0 0 0 0 0 0 0 0 0 0 0 0 0 0 0 0 0 0 0 0 0 0 0 0 0 0 0 0 0 0 0 0 0 0 0 0 0 0 0 0 0 0 0 0 0 0 0 0 0 0 0 0 0 0 0 0 0 0 0 0 0 0 0 0 0 0 0 0 0 0 0 0 0 0 0 0 0 0 0 0 0 0 0 0 0 0 0 0 0 0 0 0 0 0 0 0 0 0 0 0 0 0 0 0 0 0 0 0 0 0 0 0 0 0 0 0 0 0 0 0 0 0 0 0 0 0 0 0 0 0 0 0 0 0 0 0 0 0 0 0 0 0 0 0 0 0 0 0 0 0 0 0 0 0 0 0 0 0 0 0 0 0 0 0 0 0 0 0 0 0 0 0 0 0 0 0 0 0 0 0 0 0 0 0 0 0 0 0 0 0 0 0 0 0 0 0 0 0 0 0 0 0 0 0 0 0 0 0 0 0 0 0 0 0 0 0 0 0 0 0 0 0 0 0 0 0 0 0 0 0 0 0 0 0 0 0 0 0 0 0 0 0 0 0 0 0 0 0 0 0 0 0 0 0 0 0 0 0 0 0 0 0 0 0 0 0 0 0 0 0 0 0 0 0 0 0 0 0 0 0 0 0 0 0 0 0 0 0 0 0 0 0 0 0 0 0 0 0 0 0 0 0 0 0 0 0 0 0 0 0 0 0 0 0 0 0 0 0 0 0 0 0 0 0 0 0 0 0 0 0 0 0 0 0 0 0 0 0 0 0 0 0 0 0 0 0 0 0 0 0 0 0 0 0 0 0 0 0 0 0 0 0 0 0 0 0 0 0 0 0 0 0 0 0 0 0 0 0 0 0 0 0 0 0 0 0 0 0 0 0 0 0 0 0 0 0 0 0 0 0 0 0 0 0 0 0 0 0 0 0 0 0 0 0 0 0 0 0 0 0 0 0 0 0 0 0 0 0 0 0 0 0 0 0 0 0 0 0 0 0 0 0 0 0 0 0 0 0 0 0 0 0 0 0 0 0 0 0 0 0 0 0 0 0 0 0 0 0 0 0 0 0 0 0 0 0 0 0 0 0 0 0 0 0 0 0 0 0 0 0 0 0 0 0 0 0 0 0 0 0 0 0 0 0 0 0 0 0 0 0 0 0 0 0 0 0 0 0 0 0 0 0 0 0 0 0 0 0 0 0 0 0 0 0 0 0 0 0 0 0 0 0 0 0 0 0 0 0 0 0 0 0 0 0 0 0 0 0 0 0 0 0 0 0 0 0 0 0 0 0 0 0 0 0 0 0 0 0 0 0 0 0 0 0 0 0 0 0 0 0 0 0 0 0 0 0 0 0 0 0 0 0 0 0 0 0 0 0 0 0 0 0 0 0 0 0 0 0 0 0 0 0 0 0 0 0 0 0 0 0 0 0 0 0 0 0 0 0 0 0 0 0 0 0 0 0 0 0 0 0 0 0 0 0 0 0 0 0 0 0 0 0 0 0 0 0 0 0 0 0 0 0 0 0 0 0 0 0 0 0 0 0 0 0 0 0 0 0 0 0 0 0 0 0 0 0 0 0 0 0 0 0 0 0 0 0 0 0 0 0 0 0 0 0 0 0 0 0 0 0 0 0 0 0 0 0 0 0 0 0 0 0 0 0 0 0 0 0 0 0 0 0 0 0 0 0 0 0 0 0 0 0 0 0 0 0 0 0 0 0 0 0 0 0 0 0 0 0 0 0 0 0 0 0 0 0 0 0 0 0 0 0 0 0 0 0 0 0 0 0 0 0 0 0 0 0 0 0 0 0 0 0 0 0 0 0 0 0 0 0 0 0 0 0 0 0 0 0 0 0 0 0 0 0 0 0 0 0 0 0 0 0 0 0 0 0 0 0 0 0 0 0 0 0 0 0 0 0 0 0 0 0 0 0 0 0 0 0 0 0 0 0 0 0 0 0 0 0 0 0 0 0 0 0 0 0 0 0 0 0 0 0 0 0 0 0 0 0 0 0 0 0 0 0 0 0 0 0 0 0 0 0 0 0 0 0 0 0 0 0 0 0 0 0 0 0 0 0 0 0 0 0 0 0 0 0 0 0 0 0 0 0 0 0 0 0 0 0 0 0 0 0 0 0 0 0 0 0 0 0 0 0 0 0 0 0 0 0 0 0 0 0 0 0 0 0 0 0 0 0 0 0 0 0 0 0 0 0 0 0 0 0 0 0 0 0 0 0 0 0 0 0 0 0 0 0 0 0 0 0 0 0 0 0 0 0 0 0 0 0 0 0 0 0 0 0 0 0 0 0 0 0 0 0 0 0 0 0 0 0 0 0 0 0 0 0 0 0 0 0 0 0 0 0 0 0 0 0 0 0 0 0 0 0 0 0 0 0 0 0 0 0 0 0 0 0 0 0 0 0 0 0 0 0 0 0 0 0 0 0 0 0 0 0 0 0 0 0 0 0 0 0 0 0 0 0 0 0 0 0 0 0 0 0 0 0 0 0 0 0 0 0 0 0 0 0 0 0 0 0 0 0 0 0 0 0 0 0 0 0 0 0 0 0 0 0 0 0 0 0 0 0 0 0 0 0 0 0 0 0 0 0 0 0 0 0 0 0 0 0 0 0 0 0 0 0 0 0 0 0 0 0 0 0 0 0 0 0 0 0 0 0 0 0 0 0 0 0 0 0 0 0 0 0 0 0 0 0 0 0 0 0 0 0 0 0 0 0 0 0 0 0 0 0 0 0 0 0 0 0 0 0 0 0 0 0 0 0 0 0 0 0 0 0 0 0 0 0 0 0 0 0 0 0 0 0 0 0 0 0 0 0 0 0 0 0 0 0 0 0 0 0 0 0 0 0 0 0 0 0 0 0 0 0 0 0 0 0 0 0 0 0 0 0 0 0 0 0 0 0 0 0 0 0 0 0 0 0 0 0 0 0 0 0 0 0 0 0 0 0 0 0 0 0 0 0 0 0 0 0 0 0 0 0 0 0 0 0 0 0 0 0 0 0 0 0 0 0 0 0 0 0 0 0 0 0 0 0 0 0 0 0 0 0 0 0 0 0 0 0 0 0 0 0 0 0 0 0 0 0 0 0 0 0 0 0 0 0 0 0 0 0 0 0 0 0 0 0 0 0 0 0 0 0 0 0 0 0 0 0 0 0 0 0 0 0 0 0 0 0 0 0 0 0 0 0 0 0 0 0 0 0 0 0 0 0 0 0 0 0 0 0 0 0 0 0 0 0 0 0 0 0 0 0 0 0 0 0 0 0 0 0 0 0 0 0 0 0 0 0 0 0 0 0 0 0 0 0 0 0 0 0 0 0 0 0 0 0 0 0 0 0 0 0 0 0 0 0 0 0 0 0 0 0 0 0 0 0 0 0 0 0 0 0 0 0 0 0 0 0 0 0 0 0 0 0 0 0 0 0 0 0 0 0 0 0 0 0 0 0 0 0 0 0 0 0 0 0 0 0 0 0 0 0 0 0 0 0 0 0 0 0 0 0 0 0 0 0 0 0 0 0 0 0 0 0 0 0 0 0 0 0 0 0 0 0 0 0 0 0 0 0 0 0 0 0 0 0 0 0 0 0 0 0 0 0 0 0 0 0 0 0 0 0 0 0 0 0 0 0 0 0 0 0 0 0 0 0 0 0 0 0 0 0 0 0 0 0 0 0 0 0 0 0 0 0 0 0 0 0 0 0 0 0 0 0 0 0 0 0 0 0 0 0 0 0 0 0 0 0 0 0 0 0 0 0 0 0 0 0 0 0 0 0 0 0 0 0 0 0 0 0 0 0 0 0 0 0 0 0 0 0 0 0 0 0 0 0 0 0 0 0 0 0 0 0 0 0 0 0 0 0 0 0 0 0 0 0 0 0 0 0 0 0 0 0 0 0 0 0 0 0 0 0 0 0 0 0 0 0 0 0 0 0 0 0 0 0 0 0 0 0 0 0 0 0 0 0 0 0 0 0 0 0 0 0 0 0 0 0 0 0 0 0 0 0 0 0 0 0 0 0 0 0 0 0 0 0 0 0 0 0 0 0 0 0 0 0 0 0 0 0 0 0 0 0 0 0 0 0 0 0 0 0 0 0 0 0 0 0 0 0 0 0 0 0 0 0 0 0 0 0 0 0 0 0 0 0 0 0 0 0 0 0 0 0 0 0 0 0 0 0 0 0 0 0 0 0 0 0 0 0 0 0 0 0 0 0 0 0 0 0 0 0 0 0 0 0 0 0 0 0 0 0 0 0 0 0 0 0 0 0 0 0 0 0 0 0 0 0 0 0 0 0 0 0 0 0 0 0 0 0 0 0 0 0 0 0 0 0 0 0 0 0 0 0 0 0 0 0 0 0 0 0 0 0 0 0 0 0 0 0 0 0 0 0 0 0 0 0 0 0 0 0 0 0 0 0 0 0 0 0 0 0 0 0 0 0 0 0 0 0 0 0 0 0 0 0 0 0 0 0 0 0 0 0 0 0 0 0 0 0 0 0 0 0 0 0 0 0 0 0 0 0 0 0 0 0 0 0 0 0 0 0 0 0 0 0 0 0 0 0 0 0 0 0 0 0 0 0 0 0 0 0 0 0 0 0 0 0 0 0 0 0 0 0 0 0 0 0 0 0 0 0 0 0 0 0 0 0 0 0 0 0 0 0 0 0 0 0 0 0 0 0 0 0 0 0 0 0 0 0 0 0 0 0 0 0 0 0 0 0 0 0 0 0 0 0 0 0 0 0 0 0 0 0 0 0 0 0 0 0 0 0 0 0 0 0 0 0 0 0 0 0 0 0 0 0 0 0 0 0 0 0 0 0 0 0 0 0 0 0 0 0 0 0 0 0 0 0 0 0 0 0 0 0 0 0 0 0 0 0 0 0 0 0 0 0 0 0 0 0 0 0 0 0 0 0 0 0 0 0 0 0 0 0 0 0 0 0 0 0 0 0 0 0 0 0 0 0 0 0 0 0 0 0 0 0 0 0 0 0 0 0 0 0 0 0 0 0 0 0 0 0 0 0 0 0 0 0 0 0 0 0 0 0 0 0 0 0 0 0 0 0 0 0 0 0 0 0 0 0 0 0 0 0 0 0 0 0 0 0 0 0 0 0 0 0 0 0 0 0 0 0 0 0 0 0 0 0 0 0 0 0 0 0 0 0 0 0 0 0 0 0 0 0 0 0 0 0 0 0 0 0 0 0 0 0 0 0 0 0 0 0 0 0 0 0 0 0 0 0 0 0 0 0 0 0 0 0 0 0 0 0 0 0 0 0 0 0 0 0 0 0 0 0 0 0 0 0 0 0 0 0 0 0 0 0 0 0 0 0 0 0 0 0 0 0 0 0 0 0 0 0 0 0 0 0 0 0 0 0 0 0 0 0 0 0 0 0 0 0 0 0 0 0 0 0 0 0 0 0 0 0 0 0 0 0 0 0 0 0 0 0 0 0 0 0 0 0 0 0 0 0 0 0 0 0 0 0 0 0 0 0 0 0 0 0 0 0 0 0 0 0 0 0 0 0 0 0 0 0 0 0 0 0 0 0 0 0 0 0 0 0 0 0 0 0 0 0 0 0 0 0 0 0 0 0 0 0 0 0 0 0 0 0 0 0 0 0 0 0 0 0 0 0 0 0 0 0 0 0 0 0 0 0 0 0 0 0 0 0 0 0 0 0 0 0 0 0 0 0 0 0 0 0 0 0 0 0 0 0 0 0 0 0 0 0 0 0 0 0 0 0 0 0 0 0 0 0 0 0 0 0 0 0 0 0 0 0 0 0 0 0 0 0 0 0 0 0 0 0 0 0 0 0 0 0 0 0 0 0 0 0 0 0 0 0 0 0 0 0 0 0 0 0 0 0 0 0 0 0 0 0 0 0 0 0 0 0 0 0 0 0 0 0 0 0 0 0 0 0 0 0 0 0 0 0 0 0 0 0 0 0 0 0 0 0 0 0 0 0 0 0 0 0 0 0 0 0 0 0 0 0 0 0 0 0 0 0 0 0 0 0 0 0 0 0 0 0 0 0 0 0 0 0 0 0 0 0 0 0 0 0 0 0 0 0 0 0 0 0 0 0 0 0 0 0 0 0 0 0 0 0 0 0 0 0 0 0 0 0 0 0 0 0 0 0 0 0 0 0 0 0 0 0 0 0 0 0 0 0 0 0 0 0 0 0 0 0 0 0 0 0 0 0 0 0 0 0 0 0 0 0 0 0 0 0 0 0 0 0 0 0 0 0 0 0 0 0 0 0 0 0 0 0 0 0 0 0 0 0 0 0 0 0 0 0 0 0 0 0 0 0 0 0 0 0 0 0 0 0 0 0 0 0 0 0 0 0 0 0 0 0 0 0 0 0 0 0 0 0 0 0 0 0 0 0 0 0 0 0 0 0 0 0 0 0 0 0 0 0 0 0 0 0 0 0 0 0 0 0 0 0 0 0 0 0 0 0 0 0 0 0 0 0 0 0 0 0 0 0 0 0 0 0 0 0 0 0 0 0 0 0 0 0 0 0 0 0 0 0 0 0 0 0 0 0 0 0 0 0 0 0 0 0 0 0 0 0 0 0 0 0 0 0 0 0 0 0 0 0 0 0 0 0 0 0 0 0 0 0 0 0 0 0 0 0 0 0 0 0 0 0 0 0 0 0 0 0 0 0 0 0 0 0 0 0 0 0 0 0 0 0 0 0 0 0 0 0 0 0 0 0 0 0 0 0 0 0 0 0 0 0 0 0 0 0 0 0 0 0 0 0 0 0 0 0 0 0 0 0 0 0 0 0 0 0 0 0 0 0 0 0 0 0 0 0 0 0 0 0 0 0 0 0 0 0 0 0 0 0 0 0 0 0 0 0 0 0 0 0 0 0 0 0 0 0 0 0 0 0 0 0 0 0 0 0 0 0 0 0 0 0 0 0 0 0 0 0 0 0 0 0 0 0 0 0 0 0 0 0 0 0 0 0 0 0 0 0 0 0 0 0 0 0 0 0 0 0 0 0 0 0 0 0 0 0 0 0 0 0</float_array>
          <technique_common>
            <accessor source="#gascap-mesh-map-0-array" count="2808" stride="2">
              <param name="S" type="float"/>
              <param name="T" type="float"/>
            </accessor>
          </technique_common>
        </source>
        <source id="gascap-mesh-map-1">
          <float_array id="gascap-mesh-map-1-array" count="5616">0 0 0 0 0 0 0 0 0 0 0 0 0 0 0 0 0 0 0 0 0 0 0 0 0 0 0 0 0 0 0 0 0 0 0 0 0 0 0 0 0 0 0 0 0 0 0 0 0 0 0 0 0 0 0 0 0 0 0 0 0 0 0 0 0 0 0 0 0 0 0 0 0 0 0 0 0 0 0 0 0 0 0 0 0 0 0 0 0 0 0 0 0 0 0 0 0 0 0 0 0 0 0 0 0 0 0 0 0 0 0 0 0 0 0 0 0 0 0 0 0 0 0 0 0 0 0 0 0 0 0 0 0 0 0 0 0 0 0 0 0 0 0 0 0 0 0 0 0 0 0 0 0 0 0 0 0 0 0 0 0 0 0 0 0 0 0 0 0 0 0 0 0 0 0 0 0 0 0 0 0 0 0 0 0 0 0 0 0 0 0 0 0 0 0 0 0 0 0 0 0 0 0 0 0 0 0 0 0 0 0 0 0 0 0 0 0 0 0 0 0 0 0 0 0 0 0 0 0 0 0 0 0 0 0 0 0 0 0 0 0 0 0 0 0 0 0 0 0 0 0 0 0 0 0 0 0 0 0 0 0 0 0 0 0 0 0 0 0 0 0 0 0 0 0 0 0 0 0 0 0 0 0 0 0 0 0 0 0 0 0 0 0 0 0 0 0 0 0 0 0 0 0 0 0 0 0 0 0 0 0 0 0 0 0 0 0 0 0 0 0 0 0 0 0 0 0 0 0 0 0 0 0 0 0 0 0 0 0 0 0 0 0 0 0 0 0 0 0 0 0 0 0 0 0 0 0 0 0 0 0 0 0 0 0 0 0 0 0 0 0 0 0 0 0 0 0 0 0 0 0 0 0 0 0 0 0 0 0 0 0 0 0 0 0 0 0 0 0 0 0 0 0 0 0 0 0 0 0 0 0 0 0 0 0 0 0 0 0 0 0 0 0 0 0 0 0 0 0 0 0 0 0 0 0 0 0 0 0 0 0 0 0 0 0 0 0 0 0 0 0 0 0 0 0 0 0 0 0 0 0 0 0 0 0 0 0 0 0 0 0 0 0 0 0 0 0 0 0 0 0 0 0 0 0 0 0 0 0 0 0 0 0 0 0 0 0 0 0 0 0 0 0 0 0 0 0 0 0 0 0 0 0 0 0 0 0 0 0 0 0 0 0 0 0 0 0 0 0 0 0 0 0 0 0 0 0 0 0 0 0 0 0 0 0 0 0 0 0 0 0 0 0 0 0 0 0 0 0 0 0 0 0 0 0 0 0 0 0 0 0 0 0 0 0 0 0 0 0 0 0 0 0 0 0 0 0 0 0 0 0 0 0 0 0 0 0 0 0 0 0 0 0 0 0 0 0 0 0 0 0 0 0 0 0 0 0 0 0 0 0 0 0 0 0 0 0 0 0 0 0 0 0 0 0 0 0 0 0 0 0 0 0 0 0 0 0 0 0 0 0 0 0 0 0 0 0 0 0 0 0 0 0 0 0 0 0 0 0 0 0 0 0 0 0 0 0 0 0 0 0 0 0 0 0 0 0 0 0 0 0 0 0 0 0 0 0 0 0 0 0 0 0 0 0 0 0 0 0 0 0 0 0 0 0 0 0 0 0 0 0 0 0 0 0 0 0 0 0 0 0 0 0 0 0 0 0 0 0 0 0 0 0 0 0 0 0 0 0 0 0 0 0 0 0 0 0 0 0 0 0 0 0 0 0 0 0 0 0 0 0 0 0 0 0 0 0 0 0 0 0 0 0 0 0 0 0 0 0 0 0 0 0 0 0 0 0 0 0 0 0 0 0 0 0 0 0 0 0 0 0 0 0 0 0 0 0 0 0 0 0 0 0 0 0 0 0 0 0 0 0 0 0 0 0 0 0 0 0 0 0 0 0 0 0 0 0 0 0 0 0 0 0 0 0 0 0 0 0 0 0 0 0 0 0 0 0 0 0 0 0 0 0 0 0 0 0 0 0 0 0 0 0 0 0 0 0 0 0 0 0 0 0 0 0 0 0 0 0 0 0 0 0 0 0 0 0 0 0 0 0 0 0 0 0 0 0 0 0 0 0 0 0 0 0 0 0 0 0 0 0 0 0 0 0 0 0 0 0 0 0 0 0 0 0 0 0 0 0 0 0 0 0 0 0 0 0 0 0 0 0 0 0 0 0 0 0 0 0 0 0 0 0 0 0 0 0 0 0 0 0 0 0 0 0 0 0 0 0 0 0 0 0 0 0 0 0 0 0 0 0 0 0 0 0 0 0 0 0 0 0 0 0 0 0 0 0 0 0 0 0 0 0 0 0 0 0 0 0 0 0 0 0 0 0 0 0 0 0 0 0 0 0 0 0 0 0 0 0 0 0 0 0 0 0 0 0 0 0 0 0 0 0 0 0 0 0 0 0 0 0 0 0 0 0 0 0 0 0 0 0 0 0 0 0 0 0 0 0 0 0 0 0 0 0 0 0 0 0 0 0 0 0 0 0 0 0 0 0 0 0 0 0 0 0 0 0 0 0 0 0 0 0 0 0 0 0 0 0 0 0 0 0 0 0 0 0 0 0 0 0 0 0 0 0 0 0 0 0 0 0 0 0 0 0 0 0 0 0 0 0 0 0 0 0 0 0 0 0 0 0 0 0 0 0 0 0 0 0 0 0 0 0 0 0 0 0 0 0 0 0 0 0 0 0 0 0 0 0 0 0 0 0 0 0 0 0 0 0 0 0 0 0 0 0 0 0 0 0 0 0 0 0 0 0 0 0 0 0 0 0 0 0 0 0 0 0 0 0 0 0 0 0 0 0 0 0 0 0 0 0 0 0 0 0 0 0 0 0 0 0 0 0 0 0 0 0 0 0 0 0 0 0 0 0 0 0 0 0 0 0 0 0 0 0 0 0 0 0 0 0 0 0 0 0 0 0 0 0 0 0 0 0 0 0 0 0 0 0 0 0 0 0 0 0 0 0 0 0 0 0 0 0 0 0 0 0 0 0 0 0 0 0 0 0 0 0 0 0 0 0 0 0 0 0 0 0 0 0 0 0 0 0 0 0 0 0 0 0 0 0 0 0 0 0 0 0 0 0 0 0 0 0 0 0 0 0 0 0 0 0 0 0 0 0 0 0 0 0 0 0 0 0 0 0 0 0 0 0 0 0 0 0 0 0 0 0 0 0 0 0 0 0 0 0 0 0 0 0 0 0 0 0 0 0 0 0 0 0 0 0 0 0 0 0 0 0 0 0 0 0 0 0 0 0 0 0 0 0 0 0 0 0 0 0 0 0 0 0 0 0 0 0 0 0 0 0 0 0 0 0 0 0 0 0 0 0 0 0 0 0 0 0 0 0 0 0 0 0 0 0 0 0 0 0 0 0 0 0 0 0 0 0 0 0 0 0 0 0 0 0 0 0 0 0 0 0 0 0 0 0 0 0 0 0 0 0 0 0 0 0 0 0 0 0 0 0 0 0 0 0 0 0 0 0 0 0 0 0 0 0 0 0 0 0 0 0 0 0 0 0 0 0 0 0 0 0 0 0 0 0 0 0 0 0 0 0 0 0 0 0 0 0 0 0 0 0 0 0 0 0 0 0 0 0 0 0 0 0 0 0 0 0 0 0 0 0 0 0 0 0 0 0 0 0 0 0 0 0 0 0 0 0 0 0 0 0 0 0 0 0 0 0 0 0 0 0 0 0 0 0 0 0 0 0 0 0 0 0 0 0 0 0 0 0 0 0 0 0 0 0 0 0 0 0 0 0 0 0 0 0 0 0 0 0 0 0 0 0 0 0 0 0 0 0 0 0 0 0 0 0 0 0 0 0 0 0 0 0 0 0 0 0 0 0 0 0 0 0 0 0 0 0 0 0 0 0 0 0 0 0 0 0 0 0 0 0 0 0 0 0 0 0 0 0 0 0 0 0 0 0 0 0 0 0 0 0 0 0 0 0 0 0 0 0 0 0 0 0 0 0 0 0 0 0 0 0 0 0 0 0 0 0 0 0 0 0 0 0 0 0 0 0 0 0 0 0 0 0 0 0 0 0 0 0 0 0 0 0 0 0 0 0 0 0 0 0 0 0 0 0 0 0 0 0 0 0 0 0 0 0 0 0 0 0 0 0 0 0 0 0 0 0 0 0 0 0 0 0 0 0 0 0 0 0 0 0 0 0 0 0 0 0 0 0 0 0 0 0 0 0 0 0 0 0 0 0 0 0 0 0 0 0 0 0 0 0 0 0 0 0 0 0 0 0 0 0 0 0 0 0 0 0 0 0 0 0 0 0 0 0 0 0 0 0 0 0 0 0 0 0 0 0 0 0 0 0 0 0 0 0 0 0 0 0 0 0 0 0 0 0 0 0 0 0 0 0 0 0 0 0 0 0 0 0 0 0 0 0 0 0 0 0 0 0 0 0 0 0 0 0 0 0 0 0 0 0 0 0 0 0 0 0 0 0 0 0 0 0 0 0 0 0 0 0 0 0 0 0 0 0 0 0 0 0 0 0 0 0 0 0 0 0 0 0 0 0 0 0 0 0 0 0 0 0 0 0 0 0 0 0 0 0 0 0 0 0 0 0 0 0 0 0 0 0 0 0 0 0 0 0 0 0 0 0 0 0 0 0 0 0 0 0 0 0 0 0 0 0 0 0 0 0 0 0 0 0 0 0 0 0 0 0 0 0 0 0 0 0 0 0 0 0 0 0 0 0 0 0 0 0 0 0 0 0 0 0 0 0 0 0 0 0 0 0 0 0 0 0 0 0 0 0 0 0 0 0 0 0 0 0 0 0 0 0 0 0 0 0 0 0 0 0 0 0 0 0 0 0 0 0 0 0 0 0 0 0 0 0 0 0 0 0 0 0 0 0 0 0 0 0 0 0 0 0 0 0 0 0 0 0 0 0 0 0 0 0 0 0 0 0 0 0 0 0 0 0 0 0 0 0 0 0 0 0 0 0 0 0 0 0 0 0 0 0 0 0 0 0 0 0 0 0 0 0 0 0 0 0 0 0 0 0 0 0 0 0 0 0 0 0 0 0 0 0 0 0 0 0 0 0 0 0 0 0 0 0 0 0 0 0 0 0 0 0 0 0 0 0 0 0 0 0 0 0 0 0 0 0 0 0 0 0 0 0 0 0 0 0 0 0 0 0 0 0 0 0 0 0 0 0 0 0 0 0 0 0 0 0 0 0 0 0 0 0 0 0 0 0 0 0 0 0 0 0 0 0 0 0 0 0 0 0 0 0 0 0 0 0 0 0 0 0 0 0 0 0 0 0 0 0 0 0 0 0 0 0 0 0 0 0 0 0 0 0 0 0 0 0 0 0 0 0 0 0 0 0 0 0 0 0 0 0 0 0 0 0 0 0 0 0 0 0 0 0 0 0 0 0 0 0 0 0 0 0 0 0 0 0 0 0 0 0 0 0 0 0 0 0 0 0 0 0 0 0 0 0 0 0 0 0 0 0 0 0 0 0 0 0 0 0 0 0 0 0 0 0 0 0 0 0 0 0 0 0 0 0 0 0 0 0 0 0 0 0 0 0 0 0 0 0 0 0 0 0 0 0 0 0 0 0 0 0 0 0 0 0 0 0 0 0 0 0 0 0 0 0 0 0 0 0 0 0 0 0 0 0 0 0 0 0 0 0 0 0 0 0 0 0 0 0 0 0 0 0 0 0 0 0 0 0 0 0 0 0 0 0 0 0 0 0 0 0 0 0 0 0 0 0 0 0 0 0 0 0 0 0 0 0 0 0 0 0 0 0 0 0 0 0 0 0 0 0 0 0 0 0 0 0 0 0 0 0 0 0 0 0 0 0 0 0 0 0 0 0 0 0 0 0 0 0 0 0 0 0 0 0 0 0 0 0 0 0 0 0 0 0 0 0 0 0 0 0 0 0 0 0 0 0 0 0 0 0 0 0 0 0 0 0 0 0 0 0 0 0 0 0 0 0 0 0 0 0 0 0 0 0 0 0 0 0 0 0 0 0 0 0 0 0 0 0 0 0 0 0 0 0 0 0 0 0 0 0 0 0 0 0 0 0 0 0 0 0 0 0 0 0 0 0 0 0 0 0 0 0 0 0 0 0 0 0 0 0 0 0 0 0 0 0 0 0 0 0 0 0 0 0 0 0 0 0 0 0 0 0 0 0 0 0 0 0 0 0 0 0 0 0 0 0 0 0 0 0 0 0 0 0 0 0 0 0 0 0 0 0 0 0 0 0 0 0 0 0 0 0 0 0 0 0 0 0 0 0 0 0 0 0 0 0 0 0 0 0 0 0 0 0 0 0 0 0 0 0 0 0 0 0 0 0 0 0 0 0 0 0 0 0 0 0 0 0 0 0 0 0 0 0 0 0 0 0 0 0 0 0 0 0 0 0 0 0 0 0 0 0 0 0 0 0 0 0 0 0 0 0 0 0 0 0 0 0 0 0 0 0 0 0 0 0 0 0 0 0 0 0 0 0 0 0 0 0 0 0 0 0 0 0 0 0 0 0 0 0 0 0 0 0 0 0 0 0 0 0 0 0 0 0 0 0 0 0 0 0 0 0 0 0 0 0 0 0 0 0 0 0 0 0 0 0 0 0 0 0 0 0 0 0 0 0 0 0 0 0 0 0 0 0 0 0 0 0 0 0 0 0 0 0 0 0 0 0 0 0 0 0 0 0 0 0 0 0 0 0 0 0 0 0 0 0 0 0 0 0 0 0 0 0 0 0 0 0 0 0 0 0 0 0 0 0 0 0 0 0 0 0 0 0 0 0 0 0 0 0 0 0 0 0 0 0 0 0 0 0 0 0 0 0 0 0 0 0 0 0 0 0 0 0 0 0 0 0 0 0 0 0 0 0 0 0 0 0 0 0 0 0 0 0 0 0 0 0 0 0 0 0 0 0 0 0 0 0 0 0 0 0 0 0 0 0 0 0 0 0 0 0 0 0 0 0 0 0 0 0 0 0 0 0 0 0 0 0 0 0 0 0 0 0 0 0 0 0 0 0 0 0 0 0 0 0 0 0 0 0 0 0 0 0 0 0 0 0 0 0 0 0 0 0 0 0 0 0 0 0 0 0 0 0 0 0 0 0 0 0 0 0 0 0 0 0 0 0 0 0 0 0 0 0 0 0 0 0 0 0 0 0 0 0 0 0 0 0 0 0 0 0 0 0 0 0 0 0 0 0 0 0 0 0 0 0 0 0 0 0 0 0 0 0 0 0 0 0 0 0 0 0 0 0 0 0 0 0 0 0 0 0 0 0 0 0 0 0 0 0 0 0 0 0 0 0 0 0 0 0 0 0 0 0 0 0 0 0 0 0 0 0 0 0 0 0 0 0 0 0 0 0 0 0 0 0 0 0 0 0 0 0 0 0 0 0 0 0 0 0 0 0 0 0 0 0 0 0 0 0 0 0 0 0 0 0 0 0 0 0 0 0 0 0 0 0 0 0 0 0 0 0 0 0 0 0 0 0 0 0 0 0 0 0 0 0 0 0 0 0 0 0 0 0 0 0 0 0 0 0 0 0 0 0 0 0 0 0 0 0 0 0 0 0 0 0 0 0 0 0 0 0 0 0 0 0 0 0 0 0 0 0 0 0 0 0 0 0 0 0 0 0 0 0 0 0 0 0 0 0 0 0 0 0 0 0 0 0 0 0 0 0 0 0 0 0 0 0 0 0 0 0 0 0 0 0 0 0 0 0 0 0 0 0 0 0 0 0 0 0 0 0 0 0 0 0 0 0 0 0 0 0 0 0 0 0 0 0 0 0 0 0 0 0 0 0 0 0 0 0 0 0 0 0 0 0 0 0 0 0 0 0 0 0 0 0 0 0 0 0 0 0 0 0 0 0 0 0 0 0 0 0 0 0 0 0 0 0 0 0 0 0 0 0 0 0 0 0 0 0 0 0 0 0 0 0 0 0 0 0 0 0 0 0 0 0 0 0 0 0 0 0 0 0 0 0 0 0 0 0 0 0 0 0 0 0 0 0 0 0 0 0 0 0 0 0 0 0 0 0 0 0 0 0 0 0 0 0 0 0 0 0 0 0 0 0 0 0 0 0 0 0 0 0 0 0 0 0 0 0 0 0 0 0 0 0 0 0 0 0 0 0 0 0 0 0 0 0 0 0 0 0 0 0 0 0 0 0 0 0 0 0 0 0 0 0 0 0 0 0 0 0 0 0 0 0 0 0 0 0 0 0 0 0 0 0 0 0 0 0 0 0 0 0 0 0 0 0 0 0 0 0 0 0 0 0 0 0 0 0 0 0 0 0 0 0 0 0 0 0 0 0 0 0 0 0 0 0 0 0 0 0 0 0 0 0 0 0 0 0 0 0 0 0 0 0 0 0 0 0 0 0 0 0 0 0 0 0 0 0 0 0 0 0 0 0 0 0 0 0 0 0 0 0 0 0 0 0 0 0 0 0 0 0 0 0 0 0 0 0 0 0 0 0 0 0 0 0 0 0 0 0 0 0 0 0 0 0 0 0 0 0 0 0 0 0 0 0 0 0 0 0 0 0 0 0 0 0 0 0 0 0 0 0 0 0 0 0 0 0 0 0 0 0 0 0 0 0 0 0 0 0 0 0 0 0 0 0 0 0 0 0 0 0 0 0 0 0 0 0 0 0 0 0 0 0 0 0 0 0 0 0 0 0 0 0 0 0 0 0 0 0 0 0 0 0 0 0 0 0 0 0 0 0 0 0 0 0 0 0 0 0 0 0 0 0 0 0 0 0 0 0 0 0 0 0 0 0 0 0 0 0 0 0 0 0 0 0 0 0 0 0 0 0 0 0 0 0 0 0 0 0 0 0 0 0 0 0 0 0 0 0 0 0 0 0 0 0 0 0 0 0 0 0 0 0 0 0 0 0 0 0 0 0 0 0 0 0 0 0 0 0 0 0 0 0 0 0 0 0 0 0 0 0 0 0 0 0 0 0 0 0 0 0 0 0 0 0 0 0 0 0 0 0 0 0 0 0 0 0 0 0 0 0 0 0 0 0 0 0 0 0 0 0 0 0 0 0 0 0 0 0 0 0 0 0 0 0 0 0 0 0 0 0 0 0 0 0 0 0 0 0 0 0 0 0 0 0 0 0 0 0 0 0 0 0 0 0 0 0 0 0 0 0 0 0 0 0 0 0 0 0 0 0 0 0 0 0 0 0 0 0 0 0 0 0 0 0 0 0 0 0 0 0 0 0 0 0 0 0 0 0 0 0 0 0 0 0 0 0 0 0 0 0 0 0 0 0 0 0 0 0 0 0 0 0 0 0 0 0 0 0 0 0 0 0 0 0 0 0 0 0 0 0 0 0 0 0 0 0 0 0 0 0 0 0 0 0 0 0 0 0 0 0 0 0 0 0 0 0 0 0 0 0 0 0 0 0 0 0 0 0 0 0 0 0 0 0 0 0 0 0 0 0 0 0 0 0 0 0 0 0 0 0 0 0 0 0 0 0 0 0 0 0 0 0 0 0 0 0 0 0 0 0 0 0 0 0 0 0 0 0 0 0 0 0 0 0 0 0 0 0 0 0 0 0 0 0 0 0 0 0 0 0 0 0 0 0 0 0 0 0 0 0 0 0 0 0 0 0 0 0 0 0 0 0 0 0 0 0 0 0 0 0 0 0 0 0 0 0 0 0 0 0 0 0 0 0 0 0 0 0 0 0 0 0 0 0 0 0 0 0 0 0 0 0 0 0 0 0 0 0 0 0 0 0 0 0 0 0 0 0 0 0 0 0 0 0 0 0 0 0 0 0 0 0 0 0 0 0 0 0 0 0 0 0 0 0 0 0 0 0 0 0 0 0 0 0 0 0 0 0 0 0 0 0 0 0 0 0 0 0 0 0 0 0 0 0 0 0 0 0 0 0 0 0 0 0 0 0 0 0 0 0 0 0 0 0 0 0 0 0 0 0 0 0 0 0 0 0 0 0 0 0 0 0 0 0 0 0 0 0 0 0 0 0 0 0 0 0 0 0 0 0 0 0 0 0 0 0 0 0 0 0 0 0 0 0 0 0 0 0 0 0 0 0 0 0 0 0 0 0 0 0 0 0 0 0 0 0 0 0 0 0 0 0 0 0 0 0 0 0 0 0 0 0 0 0 0 0 0 0 0 0 0 0 0 0 0 0 0 0 0 0 0 0 0 0 0 0 0 0 0 0 0 0 0 0 0 0 0 0 0 0 0 0 0 0 0 0 0 0 0 0 0 0 0 0 0 0 0 0 0 0 0 0 0 0 0 0 0 0 0 0 0 0 0 0 0 0 0 0 0 0 0 0 0 0 0 0 0 0 0 0 0 0 0 0 0 0 0 0 0 0 0 0 0 0 0 0 0 0 0 0 0 0 0 0 0 0 0 0 0 0 0 0 0 0 0 0 0 0 0 0 0 0 0 0 0 0 0 0 0 0 0 0 0 0 0 0 0 0 0 0 0 0 0 0 0 0 0 0 0 0 0 0 0 0 0 0 0 0 0 0 0 0 0 0 0 0 0 0 0 0 0 0 0 0 0 0 0 0 0 0 0 0 0 0 0 0 0 0 0 0 0 0 0 0 0 0 0 0 0 0 0 0 0 0 0 0 0 0 0 0 0 0 0 0 0 0 0 0 0 0 0 0 0 0 0 0 0 0 0 0 0 0 0 0 0 0 0 0 0 0 0 0 0 0 0 0 0 0 0 0 0 0 0 0 0 0 0 0 0 0 0 0 0 0 0 0 0 0 0 0 0 0 0 0 0 0 0 0 0 0 0 0 0 0 0 0 0 0 0 0 0 0 0 0 0 0 0 0 0 0 0 0 0 0 0 0 0 0 0 0 0 0 0 0 0 0 0 0 0 0 0 0 0 0 0 0 0 0 0 0 0 0 0 0 0 0 0 0 0 0 0 0 0 0 0 0 0 0 0 0 0 0 0 0 0 0 0 0 0 0 0 0 0 0 0 0 0 0 0 0 0 0 0 0 0 0 0 0 0 0 0 0 0 0 0 0 0 0 0 0 0 0 0 0 0 0 0 0 0 0 0 0 0 0 0 0 0 0 0 0 0 0 0 0 0 0 0 0 0 0 0 0 0 0 0 0 0 0 0 0 0 0 0 0 0 0 0 0 0 0 0 0 0 0 0 0 0 0 0 0 0 0 0 0 0 0 0 0 0 0 0 0 0 0 0 0 0 0 0 0 0 0 0 0 0 0 0 0 0 0 0 0 0 0 0 0 0 0 0 0 0 0 0 0 0 0 0 0 0 0 0 0 0 0 0 0 0 0 0 0 0 0 0 0 0 0 0 0 0 0 0 0 0 0 0 0 0 0 0 0 0 0 0 0 0 0 0 0 0 0 0 0 0 0 0 0 0 0 0 0 0 0 0 0 0 0 0 0 0 0 0 0 0 0 0 0 0 0 0 0 0 0 0 0 0 0 0 0 0 0 0 0 0 0 0 0 0 0 0 0 0 0 0 0 0 0 0 0 0 0 0 0 0 0 0 0 0 0 0 0 0 0 0 0 0 0 0 0 0 0 0 0 0 0 0 0 0 0 0 0 0 0 0 0 0 0 0 0 0 0 0 0 0 0 0 0 0 0 0 0 0 0 0 0 0 0 0 0 0 0 0 0 0 0 0 0 0 0 0 0 0 0 0 0 0 0 0 0 0 0 0 0 0 0 0 0 0 0 0 0 0 0 0 0 0 0 0 0 0 0 0 0 0 0 0 0 0 0 0 0 0 0 0 0 0 0 0 0 0 0 0 0 0 0 0 0 0 0 0 0 0 0 0 0 0 0 0 0 0 0 0 0 0 0 0 0 0 0 0 0 0 0 0 0 0 0 0 0 0 0 0 0 0 0 0 0 0 0 0 0 0 0 0 0 0 0 0 0 0 0 0 0 0 0 0 0 0 0 0 0 0 0 0 0 0 0 0 0 0 0 0 0 0 0 0 0 0 0 0 0 0 0 0 0 0 0 0 0 0 0 0 0 0 0 0 0 0 0 0 0 0 0 0 0 0 0 0 0 0 0 0 0 0 0 0 0 0 0 0 0 0 0 0 0 0 0 0 0 0 0 0 0 0 0 0 0 0 0 0 0 0 0 0 0 0 0 0 0 0 0 0 0 0 0 0 0 0 0 0 0 0 0 0 0 0 0 0 0 0 0 0 0 0 0 0 0 0 0 0 0 0 0 0 0 0 0 0 0 0 0 0 0 0 0 0 0 0 0 0 0 0 0 0 0 0 0 0 0 0 0 0 0 0 0 0 0 0 0 0 0 0 0 0 0 0 0 0 0 0 0 0 0 0 0 0 0 0 0 0 0 0 0 0 0 0 0 0 0 0 0 0 0 0 0 0 0 0 0 0 0 0 0 0 0 0 0 0 0 0 0 0 0 0 0 0 0 0 0 0 0 0 0 0 0 0 0 0 0 0 0 0 0 0 0 0 0 0 0 0 0 0 0 0 0 0 0 0 0 0 0 0 0 0 0 0 0 0 0 0 0 0 0 0 0 0 0 0 0 0 0 0 0 0 0 0 0 0 0 0 0 0 0 0 0 0 0 0 0 0 0 0 0 0 0 0 0 0 0 0 0 0 0 0 0 0 0 0 0 0 0 0 0 0 0 0 0 0 0 0 0 0 0 0 0 0 0 0 0 0 0 0 0 0 0 0 0 0 0 0</float_array>
          <technique_common>
            <accessor source="#gascap-mesh-map-1-array" count="2808" stride="2">
              <param name="S" type="float"/>
              <param name="T" type="float"/>
            </accessor>
          </technique_common>
        </source>
        <source id="gascap-mesh-map-2">
          <float_array id="gascap-mesh-map-2-array" count="5616">0 0 0 0 0 0 0 0 0 0 0 0 0 0 0 0 0 0 0 0 0 0 0 0 0 0 0 0 0 0 0 0 0 0 0 0 0 0 0 0 0 0 0 0 0 0 0 0 0 0 0 0 0 0 0 0 0 0 0 0 0 0 0 0 0 0 0 0 0 0 0 0 0 0 0 0 0 0 0 0 0 0 0 0 0 0 0 0 0 0 0 0 0 0 0 0 0 0 0 0 0 0 0 0 0 0 0 0 0 0 0 0 0 0 0 0 0 0 0 0 0 0 0 0 0 0 0 0 0 0 0 0 0 0 0 0 0 0 0 0 0 0 0 0 0 0 0 0 0 0 0 0 0 0 0 0 0 0 0 0 0 0 0 0 0 0 0 0 0 0 0 0 0 0 0 0 0 0 0 0 0 0 0 0 0 0 0 0 0 0 0 0 0 0 0 0 0 0 0 0 0 0 0 0 0 0 0 0 0 0 0 0 0 0 0 0 0 0 0 0 0 0 0 0 0 0 0 0 0 0 0 0 0 0 0 0 0 0 0 0 0 0 0 0 0 0 0 0 0 0 0 0 0 0 0 0 0 0 0 0 0 0 0 0 0 0 0 0 0 0 0 0 0 0 0 0 0 0 0 0 0 0 0 0 0 0 0 0 0 0 0 0 0 0 0 0 0 0 0 0 0 0 0 0 0 0 0 0 0 0 0 0 0 0 0 0 0 0 0 0 0 0 0 0 0 0 0 0 0 0 0 0 0 0 0 0 0 0 0 0 0 0 0 0 0 0 0 0 0 0 0 0 0 0 0 0 0 0 0 0 0 0 0 0 0 0 0 0 0 0 0 0 0 0 0 0 0 0 0 0 0 0 0 0 0 0 0 0 0 0 0 0 0 0 0 0 0 0 0 0 0 0 0 0 0 0 0 0 0 0 0 0 0 0 0 0 0 0 0 0 0 0 0 0 0 0 0 0 0 0 0 0 0 0 0 0 0 0 0 0 0 0 0 0 0 0 0 0 0 0 0 0 0 0 0 0 0 0 0 0 0 0 0 0 0 0 0 0 0 0 0 0 0 0 0 0 0 0 0 0 0 0 0 0 0 0 0 0 0 0 0 0 0 0 0 0 0 0 0 0 0 0 0 0 0 0 0 0 0 0 0 0 0 0 0 0 0 0 0 0 0 0 0 0 0 0 0 0 0 0 0 0 0 0 0 0 0 0 0 0 0 0 0 0 0 0 0 0 0 0 0 0 0 0 0 0 0 0 0 0 0 0 0 0 0 0 0 0 0 0 0 0 0 0 0 0 0 0 0 0 0 0 0 0 0 0 0 0 0 0 0 0 0 0 0 0 0 0 0 0 0 0 0 0 0 0 0 0 0 0 0 0 0 0 0 0 0 0 0 0 0 0 0 0 0 0 0 0 0 0 0 0 0 0 0 0 0 0 0 0 0 0 0 0 0 0 0 0 0 0 0 0 0 0 0 0 0 0 0 0 0 0 0 0 0 0 0 0 0 0 0 0 0 0 0 0 0 0 0 0 0 0 0 0 0 0 0 0 0 0 0 0 0 0 0 0 0 0 0 0 0 0 0 0 0 0 0 0 0 0 0 0 0 0 0 0 0 0 0 0 0 0 0 0 0 0 0 0 0 0 0 0 0 0 0 0 0 0 0 0 0 0 0 0 0 0 0 0 0 0 0 0 0 0 0 0 0 0 0 0 0 0 0 0 0 0 0 0 0 0 0 0 0 0 0 0 0 0 0 0 0 0 0 0 0 0 0 0 0 0 0 0 0 0 0 0 0 0 0 0 0 0 0 0 0 0 0 0 0 0 0 0 0 0 0 0 0 0 0 0 0 0 0 0 0 0 0 0 0 0 0 0 0 0 0 0 0 0 0 0 0 0 0 0 0 0 0 0 0 0 0 0 0 0 0 0 0 0 0 0 0 0 0 0 0 0 0 0 0 0 0 0 0 0 0 0 0 0 0 0 0 0 0 0 0 0 0 0 0 0 0 0 0 0 0 0 0 0 0 0 0 0 0 0 0 0 0 0 0 0 0 0 0 0 0 0 0 0 0 0 0 0 0 0 0 0 0 0 0 0 0 0 0 0 0 0 0 0 0 0 0 0 0 0 0 0 0 0 0 0 0 0 0 0 0 0 0 0 0 0 0 0 0 0 0 0 0 0 0 0 0 0 0 0 0 0 0 0 0 0 0 0 0 0 0 0 0 0 0 0 0 0 0 0 0 0 0 0 0 0 0 0 0 0 0 0 0 0 0 0 0 0 0 0 0 0 0 0 0 0 0 0 0 0 0 0 0 0 0 0 0 0 0 0 0 0 0 0 0 0 0 0 0 0 0 0 0 0 0 0 0 0 0 0 0 0 0 0 0 0 0 0 0 0 0 0 0 0 0 0 0 0 0 0 0 0 0 0 0 0 0 0 0 0 0 0 0 0 0 0 0 0 0 0 0 0 0 0 0 0 0 0 0 0 0 0 0 0 0 0 0 0 0 0 0 0 0 0 0 0 0 0 0 0 0 0 0 0 0 0 0 0 0 0 0 0 0 0 0 0 0 0 0 0 0 0 0 0 0 0 0 0 0 0 0 0 0 0 0 0 0 0 0 0 0 0 0 0 0 0 0 0 0 0 0 0 0 0 0 0 0 0 0 0 0 0 0 0 0 0 0 0 0 0 0 0 0 0 0 0 0 0 0 0 0 0 0 0 0 0 0 0 0 0 0 0 0 0 0 0 0 0 0 0 0 0 0 0 0 0 0 0 0 0 0 0 0 0 0 0 0 0 0 0 0 0 0 0 0 0 0 0 0 0 0 0 0 0 0 0 0 0 0 0 0 0 0 0 0 0 0 0 0 0 0 0 0 0 0 0 0 0 0 0 0 0 0 0 0 0 0 0 0 0 0 0 0 0 0 0 0 0 0 0 0 0 0 0 0 0 0 0 0 0 0 0 0 0 0 0 0 0 0 0 0 0 0 0 0 0 0 0 0 0 0 0 0 0 0 0 0 0 0 0 0 0 0 0 0 0 0 0 0 0 0 0 0 0 0 0 0 0 0 0 0 0 0 0 0 0 0 0 0 0 0 0 0 0 0 0 0 0 0 0 0 0 0 0 0 0 0 0 0 0 0 0 0 0 0 0 0 0 0 0 0 0 0 0 0 0 0 0 0 0 0 0 0 0 0 0 0 0 0 0 0 0 0 0 0 0 0 0 0 0 0 0 0 0 0 0 0 0 0 0 0 0 0 0 0 0 0 0 0 0 0 0 0 0 0 0 0 0 0 0 0 0 0 0 0 0 0 0 0 0 0 0 0 0 0 0 0 0 0 0 0 0 0 0 0 0 0 0 0 0 0 0 0 0 0 0 0 0 0 0 0 0 0 0 0 0 0 0 0 0 0 0 0 0 0 0 0 0 0 0 0 0 0 0 0 0 0 0 0 0 0 0 0 0 0 0 0 0 0 0 0 0 0 0 0 0 0 0 0 0 0 0 0 0 0 0 0 0 0 0 0 0 0 0 0 0 0 0 0 0 0 0 0 0 0 0 0 0 0 0 0 0 0 0 0 0 0 0 0 0 0 0 0 0 0 0 0 0 0 0 0 0 0 0 0 0 0 0 0 0 0 0 0 0 0 0 0 0 0 0 0 0 0 0 0 0 0 0 0 0 0 0 0 0 0 0 0 0 0 0 0 0 0 0 0 0 0 0 0 0 0 0 0 0 0 0 0 0 0 0 0 0 0 0 0 0 0 0 0 0 0 0 0 0 0 0 0 0 0 0 0 0 0 0 0 0 0 0 0 0 0 0 0 0 0 0 0 0 0 0 0 0 0 0 0 0 0 0 0 0 0 0 0 0 0 0 0 0 0 0 0 0 0 0 0 0 0 0 0 0 0 0 0 0 0 0 0 0 0 0 0 0 0 0 0 0 0 0 0 0 0 0 0 0 0 0 0 0 0 0 0 0 0 0 0 0 0 0 0 0 0 0 0 0 0 0 0 0 0 0 0 0 0 0 0 0 0 0 0 0 0 0 0 0 0 0 0 0 0 0 0 0 0 0 0 0 0 0 0 0 0 0 0 0 0 0 0 0 0 0 0 0 0 0 0 0 0 0 0 0 0 0 0 0 0 0 0 0 0 0 0 0 0 0 0 0 0 0 0 0 0 0 0 0 0 0 0 0 0 0 0 0 0 0 0 0 0 0 0 0 0 0 0 0 0 0 0 0 0 0 0 0 0 0 0 0 0 0 0 0 0 0 0 0 0 0 0 0 0 0 0 0 0 0 0 0 0 0 0 0 0 0 0 0 0 0 0 0 0 0 0 0 0 0 0 0 0 0 0 0 0 0 0 0 0 0 0 0 0 0 0 0 0 0 0 0 0 0 0 0 0 0 0 0 0 0 0 0 0 0 0 0 0 0 0 0 0 0 0 0 0 0 0 0 0 0 0 0 0 0 0 0 0 0 0 0 0 0 0 0 0 0 0 0 0 0 0 0 0 0 0 0 0 0 0 0 0 0 0 0 0 0 0 0 0 0 0 0 0 0 0 0 0 0 0 0 0 0 0 0 0 0 0 0 0 0 0 0 0 0 0 0 0 0 0 0 0 0 0 0 0 0 0 0 0 0 0 0 0 0 0 0 0 0 0 0 0 0 0 0 0 0 0 0 0 0 0 0 0 0 0 0 0 0 0 0 0 0 0 0 0 0 0 0 0 0 0 0 0 0 0 0 0 0 0 0 0 0 0 0 0 0 0 0 0 0 0 0 0 0 0 0 0 0 0 0 0 0 0 0 0 0 0 0 0 0 0 0 0 0 0 0 0 0 0 0 0 0 0 0 0 0 0 0 0 0 0 0 0 0 0 0 0 0 0 0 0 0 0 0 0 0 0 0 0 0 0 0 0 0 0 0 0 0 0 0 0 0 0 0 0 0 0 0 0 0 0 0 0 0 0 0 0 0 0 0 0 0 0 0 0 0 0 0 0 0 0 0 0 0 0 0 0 0 0 0 0 0 0 0 0 0 0 0 0 0 0 0 0 0 0 0 0 0 0 0 0 0 0 0 0 0 0 0 0 0 0 0 0 0 0 0 0 0 0 0 0 0 0 0 0 0 0 0 0 0 0 0 0 0 0 0 0 0 0 0 0 0 0 0 0 0 0 0 0 0 0 0 0 0 0 0 0 0 0 0 0 0 0 0 0 0 0 0 0 0 0 0 0 0 0 0 0 0 0 0 0 0 0 0 0 0 0 0 0 0 0 0 0 0 0 0 0 0 0 0 0 0 0 0 0 0 0 0 0 0 0 0 0 0 0 0 0 0 0 0 0 0 0 0 0 0 0 0 0 0 0 0 0 0 0 0 0 0 0 0 0 0 0 0 0 0 0 0 0 0 0 0 0 0 0 0 0 0 0 0 0 0 0 0 0 0 0 0 0 0 0 0 0 0 0 0 0 0 0 0 0 0 0 0 0 0 0 0 0 0 0 0 0 0 0 0 0 0 0 0 0 0 0 0 0 0 0 0 0 0 0 0 0 0 0 0 0 0 0 0 0 0 0 0 0 0 0 0 0 0 0 0 0 0 0 0 0 0 0 0 0 0 0 0 0 0 0 0 0 0 0 0 0 0 0 0 0 0 0 0 0 0 0 0 0 0 0 0 0 0 0 0 0 0 0 0 0 0 0 0 0 0 0 0 0 0 0 0 0 0 0 0 0 0 0 0 0 0 0 0 0 0 0 0 0 0 0 0 0 0 0 0 0 0 0 0 0 0 0 0 0 0 0 0 0 0 0 0 0 0 0 0 0 0 0 0 0 0 0 0 0 0 0 0 0 0 0 0 0 0 0 0 0 0 0 0 0 0 0 0 0 0 0 0 0 0 0 0 0 0 0 0 0 0 0 0 0 0 0 0 0 0 0 0 0 0 0 0 0 0 0 0 0 0 0 0 0 0 0 0 0 0 0 0 0 0 0 0 0 0 0 0 0 0 0 0 0 0 0 0 0 0 0 0 0 0 0 0 0 0 0 0 0 0 0 0 0 0 0 0 0 0 0 0 0 0 0 0 0 0 0 0 0 0 0 0 0 0 0 0 0 0 0 0 0 0 0 0 0 0 0 0 0 0 0 0 0 0 0 0 0 0 0 0 0 0 0 0 0 0 0 0 0 0 0 0 0 0 0 0 0 0 0 0 0 0 0 0 0 0 0 0 0 0 0 0 0 0 0 0 0 0 0 0 0 0 0 0 0 0 0 0 0 0 0 0 0 0 0 0 0 0 0 0 0 0 0 0 0 0 0 0 0 0 0 0 0 0 0 0 0 0 0 0 0 0 0 0 0 0 0 0 0 0 0 0 0 0 0 0 0 0 0 0 0 0 0 0 0 0 0 0 0 0 0 0 0 0 0 0 0 0 0 0 0 0 0 0 0 0 0 0 0 0 0 0 0 0 0 0 0 0 0 0 0 0 0 0 0 0 0 0 0 0 0 0 0 0 0 0 0 0 0 0 0 0 0 0 0 0 0 0 0 0 0 0 0 0 0 0 0 0 0 0 0 0 0 0 0 0 0 0 0 0 0 0 0 0 0 0 0 0 0 0 0 0 0 0 0 0 0 0 0 0 0 0 0 0 0 0 0 0 0 0 0 0 0 0 0 0 0 0 0 0 0 0 0 0 0 0 0 0 0 0 0 0 0 0 0 0 0 0 0 0 0 0 0 0 0 0 0 0 0 0 0 0 0 0 0 0 0 0 0 0 0 0 0 0 0 0 0 0 0 0 0 0 0 0 0 0 0 0 0 0 0 0 0 0 0 0 0 0 0 0 0 0 0 0 0 0 0 0 0 0 0 0 0 0 0 0 0 0 0 0 0 0 0 0 0 0 0 0 0 0 0 0 0 0 0 0 0 0 0 0 0 0 0 0 0 0 0 0 0 0 0 0 0 0 0 0 0 0 0 0 0 0 0 0 0 0 0 0 0 0 0 0 0 0 0 0 0 0 0 0 0 0 0 0 0 0 0 0 0 0 0 0 0 0 0 0 0 0 0 0 0 0 0 0 0 0 0 0 0 0 0 0 0 0 0 0 0 0 0 0 0 0 0 0 0 0 0 0 0 0 0 0 0 0 0 0 0 0 0 0 0 0 0 0 0 0 0 0 0 0 0 0 0 0 0 0 0 0 0 0 0 0 0 0 0 0 0 0 0 0 0 0 0 0 0 0 0 0 0 0 0 0 0 0 0 0 0 0 0 0 0 0 0 0 0 0 0 0 0 0 0 0 0 0 0 0 0 0 0 0 0 0 0 0 0 0 0 0 0 0 0 0 0 0 0 0 0 0 0 0 0 0 0 0 0 0 0 0 0 0 0 0 0 0 0 0 0 0 0 0 0 0 0 0 0 0 0 0 0 0 0 0 0 0 0 0 0 0 0 0 0 0 0 0 0 0 0 0 0 0 0 0 0 0 0 0 0 0 0 0 0 0 0 0 0 0 0 0 0 0 0 0 0 0 0 0 0 0 0 0 0 0 0 0 0 0 0 0 0 0 0 0 0 0 0 0 0 0 0 0 0 0 0 0 0 0 0 0 0 0 0 0 0 0 0 0 0 0 0 0 0 0 0 0 0 0 0 0 0 0 0 0 0 0 0 0 0 0 0 0 0 0 0 0 0 0 0 0 0 0 0 0 0 0 0 0 0 0 0 0 0 0 0 0 0 0 0 0 0 0 0 0 0 0 0 0 0 0 0 0 0 0 0 0 0 0 0 0 0 0 0 0 0 0 0 0 0 0 0 0 0 0 0 0 0 0 0 0 0 0 0 0 0 0 0 0 0 0 0 0 0 0 0 0 0 0 0 0 0 0 0 0 0 0 0 0 0 0 0 0 0 0 0 0 0 0 0 0 0 0 0 0 0 0 0 0 0 0 0 0 0 0 0 0 0 0 0 0 0 0 0 0 0 0 0 0 0 0 0 0 0 0 0 0 0 0 0 0 0 0 0 0 0 0 0 0 0 0 0 0 0 0 0 0 0 0 0 0 0 0 0 0 0 0 0 0 0 0 0 0 0 0 0 0 0 0 0 0 0 0 0 0 0 0 0 0 0 0 0 0 0 0 0 0 0 0 0 0 0 0 0 0 0 0 0 0 0 0 0 0 0 0 0 0 0 0 0 0 0 0 0 0 0 0 0 0 0 0 0 0 0 0 0 0 0 0 0 0 0 0 0 0 0 0 0 0 0 0 0 0 0 0 0 0 0 0 0 0 0 0 0 0 0 0 0 0 0 0 0 0 0 0 0 0 0 0 0 0 0 0 0 0 0 0 0 0 0 0 0 0 0 0 0 0 0 0 0 0 0 0 0 0 0 0 0 0 0 0 0 0 0 0 0 0 0 0 0 0 0 0 0 0 0 0 0 0 0 0 0 0 0 0 0 0 0 0 0 0 0 0 0 0 0 0 0 0 0 0 0 0 0 0 0 0 0 0 0 0 0 0 0 0 0 0 0 0 0 0 0 0 0 0 0 0 0 0 0 0 0 0 0 0 0 0 0 0 0 0 0 0 0 0 0 0 0 0 0 0 0 0 0 0 0 0 0 0 0 0 0 0 0 0 0 0 0 0 0 0 0 0 0 0 0 0 0 0 0 0 0 0 0 0 0 0 0 0 0 0 0 0 0 0 0 0 0 0 0 0 0 0 0 0 0 0 0 0 0 0 0 0 0 0 0 0 0 0 0 0 0 0 0 0 0 0 0 0 0 0 0 0 0 0 0 0 0 0 0 0 0 0 0 0 0 0 0 0 0 0 0 0 0 0 0 0 0 0 0 0 0 0 0 0 0 0 0 0 0 0 0 0 0 0 0 0 0 0 0 0 0 0 0 0 0 0 0 0 0 0 0 0 0 0 0 0 0 0 0 0 0 0 0 0 0 0 0 0 0 0 0 0 0 0 0 0 0 0 0 0 0 0 0 0 0 0 0 0 0 0 0 0 0 0 0 0 0 0 0 0 0 0 0 0 0 0 0 0 0 0 0 0 0 0 0 0 0 0 0 0 0 0 0 0 0 0 0 0 0 0 0 0 0 0 0 0 0 0 0 0 0 0 0 0 0 0 0 0 0 0 0 0 0 0 0 0 0 0 0 0 0 0 0 0 0 0 0 0 0 0 0 0 0 0 0 0 0 0 0 0 0 0 0 0 0 0 0 0 0 0 0 0 0 0 0 0 0 0 0 0 0 0 0 0 0 0 0 0 0 0 0 0 0 0 0 0 0 0 0 0 0 0 0 0 0 0 0 0 0 0 0 0 0 0 0 0 0 0 0 0 0 0 0 0 0 0 0 0 0 0 0 0 0 0 0 0 0 0 0 0 0 0 0 0 0 0 0 0 0 0 0 0 0 0 0 0 0 0 0 0 0 0 0 0 0 0 0 0 0 0 0 0 0 0 0 0 0 0 0 0 0 0 0 0 0 0 0 0 0 0 0 0 0 0 0 0 0 0 0 0 0 0 0 0 0 0 0 0 0 0 0 0 0 0 0 0 0 0 0 0 0 0 0 0 0 0 0 0 0 0 0 0 0 0 0 0 0 0 0 0 0 0 0 0 0 0 0 0 0 0 0 0 0 0 0 0 0 0 0 0 0 0 0 0 0 0 0 0 0 0 0 0 0 0 0 0 0 0 0 0 0 0 0 0 0 0 0 0 0 0 0 0 0 0 0 0 0 0 0 0 0 0 0 0 0 0 0 0 0 0 0 0 0 0 0 0 0 0 0 0 0 0 0 0 0 0 0 0 0 0 0 0 0 0 0 0 0 0 0 0 0 0 0 0 0 0 0 0 0 0 0 0 0 0 0 0 0 0 0 0 0 0 0 0 0 0 0 0 0 0 0 0 0 0 0 0 0 0 0 0 0 0 0 0 0 0 0 0 0 0 0 0 0 0 0 0 0 0 0 0 0 0 0 0 0 0 0 0 0 0 0 0 0 0 0 0 0 0 0 0 0 0 0 0 0 0 0 0 0 0 0 0 0 0 0 0 0 0 0 0 0 0 0 0 0 0 0 0 0 0 0 0 0 0 0 0 0 0 0 0 0 0 0 0 0 0 0 0 0 0 0 0 0 0 0 0 0 0 0 0 0 0 0 0 0 0 0 0 0 0 0 0 0 0 0 0 0 0 0 0 0 0 0 0 0 0 0 0 0 0 0 0 0 0 0 0 0 0 0 0 0 0 0 0 0 0 0 0 0 0 0 0 0 0 0 0 0 0 0 0 0 0 0 0 0 0 0 0 0 0 0 0 0 0 0 0 0 0 0 0 0 0 0 0 0 0 0 0 0 0 0 0 0 0 0 0 0 0 0 0 0 0 0 0 0 0 0 0 0 0 0 0 0 0 0 0 0 0 0 0 0 0 0 0 0 0 0 0 0 0 0 0 0 0 0 0 0 0 0 0 0 0 0 0 0 0 0 0 0 0 0 0 0 0 0 0 0 0 0 0 0 0 0 0 0 0 0 0 0 0 0 0 0 0 0 0 0 0 0 0 0 0 0 0 0 0 0 0 0 0 0 0 0 0 0 0 0 0 0 0 0 0 0 0 0 0 0 0 0 0 0 0 0 0 0 0 0 0 0 0 0 0 0 0 0 0 0 0 0 0 0 0 0 0 0 0 0 0 0 0 0 0 0 0 0 0 0 0 0 0 0 0 0 0 0 0 0 0 0 0 0 0 0 0 0 0 0 0 0 0 0 0 0 0 0 0 0 0 0 0 0 0 0 0 0 0 0 0 0 0 0 0 0 0 0 0 0 0 0 0 0 0 0 0 0 0 0 0 0 0 0 0 0 0 0 0 0 0 0 0 0 0 0 0 0 0 0 0 0 0 0 0 0 0 0 0 0 0 0 0 0 0 0 0 0 0 0 0 0 0 0 0 0 0 0 0 0 0 0 0 0 0 0 0 0 0 0 0 0 0 0 0 0 0 0 0 0 0 0 0 0 0 0 0 0 0 0 0 0 0 0 0 0 0 0 0 0 0 0 0 0 0 0 0 0 0 0 0 0 0 0 0 0 0 0 0 0 0 0 0 0 0 0 0 0 0 0 0 0 0 0 0 0 0 0 0 0 0 0 0 0 0 0 0 0 0 0 0 0 0 0 0 0 0 0 0 0 0 0 0 0 0 0 0 0 0 0 0 0 0 0 0 0 0 0 0 0 0 0 0 0 0 0 0 0 0 0 0 0 0 0 0 0 0 0 0 0 0 0 0 0 0 0 0 0 0 0 0 0 0 0 0 0 0 0 0 0 0 0 0 0 0 0 0 0 0 0 0 0 0 0 0 0 0 0 0 0 0 0 0 0 0 0 0 0 0 0 0 0 0 0 0 0 0 0 0 0 0 0 0 0 0 0 0 0 0 0 0 0 0 0 0 0 0 0 0 0 0 0 0 0 0 0 0 0 0 0 0 0 0 0 0 0 0 0 0 0 0 0 0 0 0 0 0 0 0 0 0 0 0 0 0 0 0 0 0 0 0 0 0 0 0 0 0 0 0 0 0 0 0 0 0 0 0 0 0 0 0 0 0 0 0 0 0 0 0 0 0 0 0 0 0 0 0 0 0 0 0 0 0 0 0 0 0 0 0 0 0 0 0 0 0 0 0 0 0 0 0 0 0 0 0 0 0 0 0 0 0 0 0 0 0 0 0 0 0 0 0 0 0 0 0 0 0 0 0 0 0 0 0 0 0 0 0 0 0 0 0 0 0 0 0 0 0 0 0 0 0 0 0 0 0 0 0 0 0 0 0 0 0 0 0 0 0 0 0 0 0 0 0 0 0 0 0 0 0 0 0 0 0 0 0 0 0 0 0 0 0 0 0 0 0 0 0 0 0 0 0 0 0 0 0 0 0 0 0 0 0 0 0 0 0 0 0 0 0 0 0 0 0 0 0 0 0 0 0 0 0 0 0 0 0 0 0 0 0 0 0 0 0 0 0 0 0 0 0 0 0 0 0 0 0 0 0 0 0 0 0 0 0 0 0 0 0 0 0 0 0 0 0 0 0 0 0 0 0 0 0 0 0 0 0 0 0 0 0 0 0 0 0 0 0 0 0 0 0 0 0 0 0 0 0 0 0 0 0 0 0 0 0 0 0 0 0 0 0 0 0 0 0 0 0 0 0 0 0 0 0 0 0 0 0 0 0 0 0 0 0 0 0 0 0 0 0 0 0 0 0 0 0 0 0 0 0 0 0 0 0 0 0 0 0 0 0 0 0 0 0 0 0 0 0 0 0 0 0 0 0 0 0 0 0 0 0 0 0 0 0 0 0 0 0 0 0 0 0 0 0 0 0 0 0 0 0 0 0 0 0 0 0 0 0 0 0 0 0 0 0 0 0 0 0 0 0 0 0 0 0 0 0 0 0 0 0 0 0 0 0 0 0 0 0 0 0 0 0 0 0 0 0 0 0 0 0 0 0 0 0 0 0 0 0 0 0 0 0 0 0 0 0 0 0 0 0 0 0 0 0 0 0 0 0 0 0 0 0 0 0 0 0 0 0 0 0 0 0 0 0 0 0 0 0 0 0 0 0 0 0 0 0 0 0 0 0 0 0 0 0 0 0 0 0 0 0 0 0 0 0 0 0 0 0 0 0</float_array>
          <technique_common>
            <accessor source="#gascap-mesh-map-2-array" count="2808" stride="2">
              <param name="S" type="float"/>
              <param name="T" type="float"/>
            </accessor>
          </technique_common>
        </source>
        <source id="gascap-mesh-map-3">
          <float_array id="gascap-mesh-map-3-array" count="5616">0 0 0 0 0 0 0 0 0 0 0 0 0 0 0 0 0 0 0 0 0 0 0 0 0 0 0 0 0 0 0 0 0 0 0 0 0 0 0 0 0 0 0 0 0 0 0 0 0 0 0 0 0 0 0 0 0 0 0 0 0 0 0 0 0 0 0 0 0 0 0 0 0 0 0 0 0 0 0 0 0 0 0 0 0 0 0 0 0 0 0 0 0 0 0 0 0 0 0 0 0 0 0 0 0 0 0 0 0 0 0 0 0 0 0 0 0 0 0 0 0 0 0 0 0 0 0 0 0 0 0 0 0 0 0 0 0 0 0 0 0 0 0 0 0 0 0 0 0 0 0 0 0 0 0 0 0 0 0 0 0 0 0 0 0 0 0 0 0 0 0 0 0 0 0 0 0 0 0 0 0 0 0 0 0 0 0 0 0 0 0 0 0 0 0 0 0 0 0 0 0 0 0 0 0 0 0 0 0 0 0 0 0 0 0 0 0 0 0 0 0 0 0 0 0 0 0 0 0 0 0 0 0 0 0 0 0 0 0 0 0 0 0 0 0 0 0 0 0 0 0 0 0 0 0 0 0 0 0 0 0 0 0 0 0 0 0 0 0 0 0 0 0 0 0 0 0 0 0 0 0 0 0 0 0 0 0 0 0 0 0 0 0 0 0 0 0 0 0 0 0 0 0 0 0 0 0 0 0 0 0 0 0 0 0 0 0 0 0 0 0 0 0 0 0 0 0 0 0 0 0 0 0 0 0 0 0 0 0 0 0 0 0 0 0 0 0 0 0 0 0 0 0 0 0 0 0 0 0 0 0 0 0 0 0 0 0 0 0 0 0 0 0 0 0 0 0 0 0 0 0 0 0 0 0 0 0 0 0 0 0 0 0 0 0 0 0 0 0 0 0 0 0 0 0 0 0 0 0 0 0 0 0 0 0 0 0 0 0 0 0 0 0 0 0 0 0 0 0 0 0 0 0 0 0 0 0 0 0 0 0 0 0 0 0 0 0 0 0 0 0 0 0 0 0 0 0 0 0 0 0 0 0 0 0 0 0 0 0 0 0 0 0 0 0 0 0 0 0 0 0 0 0 0 0 0 0 0 0 0 0 0 0 0 0 0 0 0 0 0 0 0 0 0 0 0 0 0 0 0 0 0 0 0 0 0 0 0 0 0 0 0 0 0 0 0 0 0 0 0 0 0 0 0 0 0 0 0 0 0 0 0 0 0 0 0 0 0 0 0 0 0 0 0 0 0 0 0 0 0 0 0 0 0 0 0 0 0 0 0 0 0 0 0 0 0 0 0 0 0 0 0 0 0 0 0 0 0 0 0 0 0 0 0 0 0 0 0 0 0 0 0 0 0 0 0 0 0 0 0 0 0 0 0 0 0 0 0 0 0 0 0 0 0 0 0 0 0 0 0 0 0 0 0 0 0 0 0 0 0 0 0 0 0 0 0 0 0 0 0 0 0 0 0 0 0 0 0 0 0 0 0 0 0 0 0 0 0 0 0 0 0 0 0 0 0 0 0 0 0 0 0 0 0 0 0 0 0 0 0 0 0 0 0 0 0 0 0 0 0 0 0 0 0 0 0 0 0 0 0 0 0 0 0 0 0 0 0 0 0 0 0 0 0 0 0 0 0 0 0 0 0 0 0 0 0 0 0 0 0 0 0 0 0 0 0 0 0 0 0 0 0 0 0 0 0 0 0 0 0 0 0 0 0 0 0 0 0 0 0 0 0 0 0 0 0 0 0 0 0 0 0 0 0 0 0 0 0 0 0 0 0 0 0 0 0 0 0 0 0 0 0 0 0 0 0 0 0 0 0 0 0 0 0 0 0 0 0 0 0 0 0 0 0 0 0 0 0 0 0 0 0 0 0 0 0 0 0 0 0 0 0 0 0 0 0 0 0 0 0 0 0 0 0 0 0 0 0 0 0 0 0 0 0 0 0 0 0 0 0 0 0 0 0 0 0 0 0 0 0 0 0 0 0 0 0 0 0 0 0 0 0 0 0 0 0 0 0 0 0 0 0 0 0 0 0 0 0 0 0 0 0 0 0 0 0 0 0 0 0 0 0 0 0 0 0 0 0 0 0 0 0 0 0 0 0 0 0 0 0 0 0 0 0 0 0 0 0 0 0 0 0 0 0 0 0 0 0 0 0 0 0 0 0 0 0 0 0 0 0 0 0 0 0 0 0 0 0 0 0 0 0 0 0 0 0 0 0 0 0 0 0 0 0 0 0 0 0 0 0 0 0 0 0 0 0 0 0 0 0 0 0 0 0 0 0 0 0 0 0 0 0 0 0 0 0 0 0 0 0 0 0 0 0 0 0 0 0 0 0 0 0 0 0 0 0 0 0 0 0 0 0 0 0 0 0 0 0 0 0 0 0 0 0 0 0 0 0 0 0 0 0 0 0 0 0 0 0 0 0 0 0 0 0 0 0 0 0 0 0 0 0 0 0 0 0 0 0 0 0 0 0 0 0 0 0 0 0 0 0 0 0 0 0 0 0 0 0 0 0 0 0 0 0 0 0 0 0 0 0 0 0 0 0 0 0 0 0 0 0 0 0 0 0 0 0 0 0 0 0 0 0 0 0 0 0 0 0 0 0 0 0 0 0 0 0 0 0 0 0 0 0 0 0 0 0 0 0 0 0 0 0 0 0 0 0 0 0 0 0 0 0 0 0 0 0 0 0 0 0 0 0 0 0 0 0 0 0 0 0 0 0 0 0 0 0 0 0 0 0 0 0 0 0 0 0 0 0 0 0 0 0 0 0 0 0 0 0 0 0 0 0 0 0 0 0 0 0 0 0 0 0 0 0 0 0 0 0 0 0 0 0 0 0 0 0 0 0 0 0 0 0 0 0 0 0 0 0 0 0 0 0 0 0 0 0 0 0 0 0 0 0 0 0 0 0 0 0 0 0 0 0 0 0 0 0 0 0 0 0 0 0 0 0 0 0 0 0 0 0 0 0 0 0 0 0 0 0 0 0 0 0 0 0 0 0 0 0 0 0 0 0 0 0 0 0 0 0 0 0 0 0 0 0 0 0 0 0 0 0 0 0 0 0 0 0 0 0 0 0 0 0 0 0 0 0 0 0 0 0 0 0 0 0 0 0 0 0 0 0 0 0 0 0 0 0 0 0 0 0 0 0 0 0 0 0 0 0 0 0 0 0 0 0 0 0 0 0 0 0 0 0 0 0 0 0 0 0 0 0 0 0 0 0 0 0 0 0 0 0 0 0 0 0 0 0 0 0 0 0 0 0 0 0 0 0 0 0 0 0 0 0 0 0 0 0 0 0 0 0 0 0 0 0 0 0 0 0 0 0 0 0 0 0 0 0 0 0 0 0 0 0 0 0 0 0 0 0 0 0 0 0 0 0 0 0 0 0 0 0 0 0 0 0 0 0 0 0 0 0 0 0 0 0 0 0 0 0 0 0 0 0 0 0 0 0 0 0 0 0 0 0 0 0 0 0 0 0 0 0 0 0 0 0 0 0 0 0 0 0 0 0 0 0 0 0 0 0 0 0 0 0 0 0 0 0 0 0 0 0 0 0 0 0 0 0 0 0 0 0 0 0 0 0 0 0 0 0 0 0 0 0 0 0 0 0 0 0 0 0 0 0 0 0 0 0 0 0 0 0 0 0 0 0 0 0 0 0 0 0 0 0 0 0 0 0 0 0 0 0 0 0 0 0 0 0 0 0 0 0 0 0 0 0 0 0 0 0 0 0 0 0 0 0 0 0 0 0 0 0 0 0 0 0 0 0 0 0 0 0 0 0 0 0 0 0 0 0 0 0 0 0 0 0 0 0 0 0 0 0 0 0 0 0 0 0 0 0 0 0 0 0 0 0 0 0 0 0 0 0 0 0 0 0 0 0 0 0 0 0 0 0 0 0 0 0 0 0 0 0 0 0 0 0 0 0 0 0 0 0 0 0 0 0 0 0 0 0 0 0 0 0 0 0 0 0 0 0 0 0 0 0 0 0 0 0 0 0 0 0 0 0 0 0 0 0 0 0 0 0 0 0 0 0 0 0 0 0 0 0 0 0 0 0 0 0 0 0 0 0 0 0 0 0 0 0 0 0 0 0 0 0 0 0 0 0 0 0 0 0 0 0 0 0 0 0 0 0 0 0 0 0 0 0 0 0 0 0 0 0 0 0 0 0 0 0 0 0 0 0 0 0 0 0 0 0 0 0 0 0 0 0 0 0 0 0 0 0 0 0 0 0 0 0 0 0 0 0 0 0 0 0 0 0 0 0 0 0 0 0 0 0 0 0 0 0 0 0 0 0 0 0 0 0 0 0 0 0 0 0 0 0 0 0 0 0 0 0 0 0 0 0 0 0 0 0 0 0 0 0 0 0 0 0 0 0 0 0 0 0 0 0 0 0 0 0 0 0 0 0 0 0 0 0 0 0 0 0 0 0 0 0 0 0 0 0 0 0 0 0 0 0 0 0 0 0 0 0 0 0 0 0 0 0 0 0 0 0 0 0 0 0 0 0 0 0 0 0 0 0 0 0 0 0 0 0 0 0 0 0 0 0 0 0 0 0 0 0 0 0 0 0 0 0 0 0 0 0 0 0 0 0 0 0 0 0 0 0 0 0 0 0 0 0 0 0 0 0 0 0 0 0 0 0 0 0 0 0 0 0 0 0 0 0 0 0 0 0 0 0 0 0 0 0 0 0 0 0 0 0 0 0 0 0 0 0 0 0 0 0 0 0 0 0 0 0 0 0 0 0 0 0 0 0 0 0 0 0 0 0 0 0 0 0 0 0 0 0 0 0 0 0 0 0 0 0 0 0 0 0 0 0 0 0 0 0 0 0 0 0 0 0 0 0 0 0 0 0 0 0 0 0 0 0 0 0 0 0 0 0 0 0 0 0 0 0 0 0 0 0 0 0 0 0 0 0 0 0 0 0 0 0 0 0 0 0 0 0 0 0 0 0 0 0 0 0 0 0 0 0 0 0 0 0 0 0 0 0 0 0 0 0 0 0 0 0 0 0 0 0 0 0 0 0 0 0 0 0 0 0 0 0 0 0 0 0 0 0 0 0 0 0 0 0 0 0 0 0 0 0 0 0 0 0 0 0 0 0 0 0 0 0 0 0 0 0 0 0 0 0 0 0 0 0 0 0 0 0 0 0 0 0 0 0 0 0 0 0 0 0 0 0 0 0 0 0 0 0 0 0 0 0 0 0 0 0 0 0 0 0 0 0 0 0 0 0 0 0 0 0 0 0 0 0 0 0 0 0 0 0 0 0 0 0 0 0 0 0 0 0 0 0 0 0 0 0 0 0 0 0 0 0 0 0 0 0 0 0 0 0 0 0 0 0 0 0 0 0 0 0 0 0 0 0 0 0 0 0 0 0 0 0 0 0 0 0 0 0 0 0 0 0 0 0 0 0 0 0 0 0 0 0 0 0 0 0 0 0 0 0 0 0 0 0 0 0 0 0 0 0 0 0 0 0 0 0 0 0 0 0 0 0 0 0 0 0 0 0 0 0 0 0 0 0 0 0 0 0 0 0 0 0 0 0 0 0 0 0 0 0 0 0 0 0 0 0 0 0 0 0 0 0 0 0 0 0 0 0 0 0 0 0 0 0 0 0 0 0 0 0 0 0 0 0 0 0 0 0 0 0 0 0 0 0 0 0 0 0 0 0 0 0 0 0 0 0 0 0 0 0 0 0 0 0 0 0 0 0 0 0 0 0 0 0 0 0 0 0 0 0 0 0 0 0 0 0 0 0 0 0 0 0 0 0 0 0 0 0 0 0 0 0 0 0 0 0 0 0 0 0 0 0 0 0 0 0 0 0 0 0 0 0 0 0 0 0 0 0 0 0 0 0 0 0 0 0 0 0 0 0 0 0 0 0 0 0 0 0 0 0 0 0 0 0 0 0 0 0 0 0 0 0 0 0 0 0 0 0 0 0 0 0 0 0 0 0 0 0 0 0 0 0 0 0 0 0 0 0 0 0 0 0 0 0 0 0 0 0 0 0 0 0 0 0 0 0 0 0 0 0 0 0 0 0 0 0 0 0 0 0 0 0 0 0 0 0 0 0 0 0 0 0 0 0 0 0 0 0 0 0 0 0 0 0 0 0 0 0 0 0 0 0 0 0 0 0 0 0 0 0 0 0 0 0 0 0 0 0 0 0 0 0 0 0 0 0 0 0 0 0 0 0 0 0 0 0 0 0 0 0 0 0 0 0 0 0 0 0 0 0 0 0 0 0 0 0 0 0 0 0 0 0 0 0 0 0 0 0 0 0 0 0 0 0 0 0 0 0 0 0 0 0 0 0 0 0 0 0 0 0 0 0 0 0 0 0 0 0 0 0 0 0 0 0 0 0 0 0 0 0 0 0 0 0 0 0 0 0 0 0 0 0 0 0 0 0 0 0 0 0 0 0 0 0 0 0 0 0 0 0 0 0 0 0 0 0 0 0 0 0 0 0 0 0 0 0 0 0 0 0 0 0 0 0 0 0 0 0 0 0 0 0 0 0 0 0 0 0 0 0 0 0 0 0 0 0 0 0 0 0 0 0 0 0 0 0 0 0 0 0 0 0 0 0 0 0 0 0 0 0 0 0 0 0 0 0 0 0 0 0 0 0 0 0 0 0 0 0 0 0 0 0 0 0 0 0 0 0 0 0 0 0 0 0 0 0 0 0 0 0 0 0 0 0 0 0 0 0 0 0 0 0 0 0 0 0 0 0 0 0 0 0 0 0 0 0 0 0 0 0 0 0 0 0 0 0 0 0 0 0 0 0 0 0 0 0 0 0 0 0 0 0 0 0 0 0 0 0 0 0 0 0 0 0 0 0 0 0 0 0 0 0 0 0 0 0 0 0 0 0 0 0 0 0 0 0 0 0 0 0 0 0 0 0 0 0 0 0 0 0 0 0 0 0 0 0 0 0 0 0 0 0 0 0 0 0 0 0 0 0 0 0 0 0 0 0 0 0 0 0 0 0 0 0 0 0 0 0 0 0 0 0 0 0 0 0 0 0 0 0 0 0 0 0 0 0 0 0 0 0 0 0 0 0 0 0 0 0 0 0 0 0 0 0 0 0 0 0 0 0 0 0 0 0 0 0 0 0 0 0 0 0 0 0 0 0 0 0 0 0 0 0 0 0 0 0 0 0 0 0 0 0 0 0 0 0 0 0 0 0 0 0 0 0 0 0 0 0 0 0 0 0 0 0 0 0 0 0 0 0 0 0 0 0 0 0 0 0 0 0 0 0 0 0 0 0 0 0 0 0 0 0 0 0 0 0 0 0 0 0 0 0 0 0 0 0 0 0 0 0 0 0 0 0 0 0 0 0 0 0 0 0 0 0 0 0 0 0 0 0 0 0 0 0 0 0 0 0 0 0 0 0 0 0 0 0 0 0 0 0 0 0 0 0 0 0 0 0 0 0 0 0 0 0 0 0 0 0 0 0 0 0 0 0 0 0 0 0 0 0 0 0 0 0 0 0 0 0 0 0 0 0 0 0 0 0 0 0 0 0 0 0 0 0 0 0 0 0 0 0 0 0 0 0 0 0 0 0 0 0 0 0 0 0 0 0 0 0 0 0 0 0 0 0 0 0 0 0 0 0 0 0 0 0 0 0 0 0 0 0 0 0 0 0 0 0 0 0 0 0 0 0 0 0 0 0 0 0 0 0 0 0 0 0 0 0 0 0 0 0 0 0 0 0 0 0 0 0 0 0 0 0 0 0 0 0 0 0 0 0 0 0 0 0 0 0 0 0 0 0 0 0 0 0 0 0 0 0 0 0 0 0 0 0 0 0 0 0 0 0 0 0 0 0 0 0 0 0 0 0 0 0 0 0 0 0 0 0 0 0 0 0 0 0 0 0 0 0 0 0 0 0 0 0 0 0 0 0 0 0 0 0 0 0 0 0 0 0 0 0 0 0 0 0 0 0 0 0 0 0 0 0 0 0 0 0 0 0 0 0 0 0 0 0 0 0 0 0 0 0 0 0 0 0 0 0 0 0 0 0 0 0 0 0 0 0 0 0 0 0 0 0 0 0 0 0 0 0 0 0 0 0 0 0 0 0 0 0 0 0 0 0 0 0 0 0 0 0 0 0 0 0 0 0 0 0 0 0 0 0 0 0 0 0 0 0 0 0 0 0 0 0 0 0 0 0 0 0 0 0 0 0 0 0 0 0 0 0 0 0 0 0 0 0 0 0 0 0 0 0 0 0 0 0 0 0 0 0 0 0 0 0 0 0 0 0 0 0 0 0 0 0 0 0 0 0 0 0 0 0 0 0 0 0 0 0 0 0 0 0 0 0 0 0 0 0 0 0 0 0 0 0 0 0 0 0 0 0 0 0 0 0 0 0 0 0 0 0 0 0 0 0 0 0 0 0 0 0 0 0 0 0 0 0 0 0 0 0 0 0 0 0 0 0 0 0 0 0 0 0 0 0 0 0 0 0 0 0 0 0 0 0 0 0 0 0 0 0 0 0 0 0 0 0 0 0 0 0 0 0 0 0 0 0 0 0 0 0 0 0 0 0 0 0 0 0 0 0 0 0 0 0 0 0 0 0 0 0 0 0 0 0 0 0 0 0 0 0 0 0 0 0 0 0 0 0 0 0 0 0 0 0 0 0 0 0 0 0 0 0 0 0 0 0 0 0 0 0 0 0 0 0 0 0 0 0 0 0 0 0 0 0 0 0 0 0 0 0 0 0 0 0 0 0 0 0 0 0 0 0 0 0 0 0 0 0 0 0 0 0 0 0 0 0 0 0 0 0 0 0 0 0 0 0 0 0 0 0 0 0 0 0 0 0 0 0 0 0 0 0 0 0 0 0 0 0 0 0 0 0 0 0 0 0 0 0 0 0 0 0 0 0 0 0 0 0 0 0 0 0 0 0 0 0 0 0 0 0 0 0 0 0 0 0 0 0 0 0 0 0 0 0 0 0 0 0 0 0 0 0 0 0 0 0 0 0 0 0 0 0 0 0 0 0 0 0 0 0 0 0 0 0 0 0 0 0 0 0 0 0 0 0 0 0 0 0 0 0 0 0 0 0 0 0 0 0 0 0 0 0 0 0 0 0 0 0 0 0 0 0 0 0 0 0 0 0 0 0 0 0 0 0 0 0 0 0 0 0 0 0 0 0 0 0 0 0 0 0 0 0 0 0 0 0 0 0 0 0 0 0 0 0 0 0 0 0 0 0 0 0 0 0 0 0 0 0 0 0 0 0 0 0 0 0 0 0 0 0 0 0 0 0 0 0 0 0 0 0 0 0 0 0 0 0 0 0 0 0 0 0 0 0 0 0 0 0 0 0 0 0 0 0 0 0 0 0 0 0 0 0 0 0 0 0 0 0 0 0 0 0 0 0 0 0 0 0 0 0 0 0 0 0 0 0 0 0 0 0 0 0 0 0 0 0 0 0 0 0 0 0 0 0 0 0 0 0 0 0 0 0 0 0 0 0 0 0 0 0 0 0 0 0 0 0 0 0 0 0 0 0 0 0 0 0 0 0 0 0 0 0 0 0 0 0 0 0 0 0 0 0 0 0 0 0 0 0 0 0 0 0 0 0 0 0 0 0 0 0 0 0 0 0 0 0 0 0 0 0 0 0 0 0 0 0 0 0 0 0 0 0 0 0 0 0 0 0 0 0 0 0 0 0 0 0 0 0 0 0 0 0 0 0 0 0 0 0 0 0 0 0 0 0 0 0 0 0 0 0 0 0 0 0 0 0 0 0 0 0 0 0 0 0 0 0 0 0 0 0 0 0 0 0 0 0 0 0 0 0 0 0 0 0 0 0 0 0 0 0 0 0 0 0 0 0 0 0 0 0 0 0 0 0 0 0 0 0 0 0 0 0 0 0 0 0 0 0 0 0 0 0 0 0 0 0 0 0 0 0 0 0 0 0 0 0 0 0 0 0 0 0 0 0 0 0 0 0 0 0 0 0 0 0 0 0 0 0 0 0 0 0 0 0 0 0 0 0 0 0 0 0 0 0 0 0 0 0 0 0 0 0 0 0 0 0 0 0 0 0 0 0 0 0 0 0 0 0 0 0 0 0 0 0 0 0 0 0 0 0 0 0 0 0 0 0 0 0 0 0 0 0 0 0 0 0 0 0 0 0 0 0 0 0 0 0 0 0 0 0 0 0 0 0 0 0 0 0 0 0 0 0 0 0 0 0 0 0 0 0 0 0 0 0 0 0 0 0 0 0 0 0 0 0 0 0 0 0 0 0 0 0 0 0 0 0 0 0 0 0 0 0 0 0 0 0 0 0 0 0 0 0 0 0 0 0 0 0 0 0 0 0 0 0 0 0 0 0 0 0 0 0 0 0 0 0 0 0 0 0 0 0 0 0 0 0 0 0 0 0 0 0 0 0 0 0 0 0 0 0 0 0 0 0 0 0 0 0 0 0 0 0 0 0 0 0 0 0 0 0 0 0 0 0 0 0 0 0 0 0 0 0 0 0 0 0 0 0 0 0 0 0 0 0 0 0 0 0 0 0 0 0 0 0 0 0 0 0 0 0 0 0 0 0 0 0 0 0 0 0 0 0 0 0 0 0 0 0 0 0 0 0 0 0 0 0 0 0 0 0 0 0 0 0 0 0 0 0 0 0 0 0 0 0 0 0 0 0 0 0 0 0 0 0 0 0 0 0 0 0 0 0 0 0 0 0 0 0 0 0 0 0 0 0 0 0 0 0 0 0 0 0 0 0 0 0 0 0 0 0 0 0 0 0 0 0 0 0 0 0 0 0 0 0 0 0 0 0 0 0 0 0 0 0 0 0 0 0 0 0 0 0 0 0 0 0 0 0 0 0 0 0 0 0 0 0 0 0 0 0 0 0 0 0 0 0 0 0 0 0 0 0 0 0 0 0 0 0 0 0 0 0 0 0 0 0 0 0 0 0 0 0 0 0 0 0 0 0 0 0 0 0 0 0 0 0 0 0 0 0 0 0 0 0 0 0 0 0 0 0 0 0 0 0 0 0 0 0 0 0 0 0 0 0 0 0 0 0 0 0 0 0 0 0 0 0 0 0 0 0 0 0 0 0 0 0 0 0 0 0 0 0 0 0 0 0 0 0 0 0 0 0 0 0 0 0 0 0 0 0 0 0 0 0 0 0 0 0 0 0 0 0 0 0 0 0 0 0 0 0 0 0 0 0 0 0 0 0 0 0 0 0 0 0 0 0 0 0 0 0 0 0 0 0 0 0 0 0 0 0 0 0 0 0 0 0 0 0 0 0 0 0 0 0 0 0 0 0 0 0 0 0 0 0 0 0 0 0 0 0 0 0 0 0 0 0 0 0 0 0 0 0 0 0 0 0 0 0 0 0 0 0 0 0 0 0 0 0 0 0 0 0 0 0 0 0 0 0 0 0 0 0 0 0 0 0 0 0 0 0 0 0 0 0 0 0 0 0 0 0 0 0 0 0 0 0 0 0 0 0 0 0 0 0 0 0 0 0 0 0 0 0 0 0 0 0 0 0 0 0 0 0 0 0 0 0 0 0 0 0 0 0 0 0 0 0 0 0 0 0 0 0 0 0 0 0 0 0 0 0 0 0 0 0 0 0 0 0 0 0 0 0 0 0 0 0 0 0 0 0 0 0 0 0 0 0 0 0 0 0 0 0 0 0 0 0 0 0 0 0 0 0 0 0 0 0 0 0 0 0 0 0 0 0 0 0 0 0 0 0 0 0 0 0 0 0 0 0 0 0 0 0 0 0 0 0 0 0 0 0 0 0 0 0 0 0 0 0 0 0 0 0 0 0 0 0 0 0 0 0 0 0 0 0 0 0 0 0 0 0 0 0 0 0 0 0 0 0 0 0 0 0 0 0 0 0 0 0 0 0 0 0 0 0 0 0 0 0 0 0 0 0 0 0 0 0 0 0 0 0 0 0 0 0 0 0 0 0 0 0 0 0 0 0 0 0 0 0 0 0 0 0 0 0 0 0 0 0 0 0 0 0 0 0 0 0 0 0 0 0 0 0 0 0 0 0 0 0 0 0 0 0 0 0 0 0 0 0 0 0 0 0 0 0 0 0 0 0 0 0 0 0 0 0 0 0 0 0 0 0 0 0 0 0 0 0 0 0 0 0 0 0 0 0 0 0 0 0 0 0 0 0 0 0 0 0 0 0 0 0 0 0 0 0 0 0 0 0 0 0 0 0 0 0 0 0 0 0 0 0 0 0 0 0 0 0 0 0 0 0 0 0 0 0 0 0 0 0 0 0 0 0 0 0 0 0 0 0 0 0 0 0 0 0 0 0 0 0 0 0 0 0 0 0 0 0 0 0 0 0 0 0 0 0 0 0 0 0 0 0 0 0 0 0 0 0 0 0 0 0 0 0 0 0 0 0 0 0 0 0 0 0 0 0 0 0 0 0 0 0 0 0 0 0 0 0 0 0 0 0 0 0 0 0 0 0 0 0 0 0 0 0 0 0 0 0 0 0 0 0 0 0 0 0 0 0 0 0 0 0 0 0 0 0 0 0 0 0 0 0 0 0 0 0 0 0 0 0 0 0 0 0 0 0 0 0 0 0 0 0 0 0 0 0 0 0 0 0 0 0 0 0 0 0 0 0 0 0 0 0 0 0 0 0 0 0 0 0 0 0 0 0 0 0 0 0 0 0</float_array>
          <technique_common>
            <accessor source="#gascap-mesh-map-3-array" count="2808" stride="2">
              <param name="S" type="float"/>
              <param name="T" type="float"/>
            </accessor>
          </technique_common>
        </source>
        <source id="gascap-mesh-map-4">
          <float_array id="gascap-mesh-map-4-array" count="5616">0 0 0 0 0 0 0 0 0 0 0 0 0 0 0 0 0 0 0 0 0 0 0 0 0 0 0 0 0 0 0 0 0 0 0 0 0 0 0 0 0 0 0 0 0 0 0 0 0 0 0 0 0 0 0 0 0 0 0 0 0 0 0 0 0 0 0 0 0 0 0 0 0 0 0 0 0 0 0 0 0 0 0 0 0 0 0 0 0 0 0 0 0 0 0 0 0 0 0 0 0 0 0 0 0 0 0 0 0 0 0 0 0 0 0 0 0 0 0 0 0 0 0 0 0 0 0 0 0 0 0 0 0 0 0 0 0 0 0 0 0 0 0 0 0 0 0 0 0 0 0 0 0 0 0 0 0 0 0 0 0 0 0 0 0 0 0 0 0 0 0 0 0 0 0 0 0 0 0 0 0 0 0 0 0 0 0 0 0 0 0 0 0 0 0 0 0 0 0 0 0 0 0 0 0 0 0 0 0 0 0 0 0 0 0 0 0 0 0 0 0 0 0 0 0 0 0 0 0 0 0 0 0 0 0 0 0 0 0 0 0 0 0 0 0 0 0 0 0 0 0 0 0 0 0 0 0 0 0 0 0 0 0 0 0 0 0 0 0 0 0 0 0 0 0 0 0 0 0 0 0 0 0 0 0 0 0 0 0 0 0 0 0 0 0 0 0 0 0 0 0 0 0 0 0 0 0 0 0 0 0 0 0 0 0 0 0 0 0 0 0 0 0 0 0 0 0 0 0 0 0 0 0 0 0 0 0 0 0 0 0 0 0 0 0 0 0 0 0 0 0 0 0 0 0 0 0 0 0 0 0 0 0 0 0 0 0 0 0 0 0 0 0 0 0 0 0 0 0 0 0 0 0 0 0 0 0 0 0 0 0 0 0 0 0 0 0 0 0 0 0 0 0 0 0 0 0 0 0 0 0 0 0 0 0 0 0 0 0 0 0 0 0 0 0 0 0 0 0 0 0 0 0 0 0 0 0 0 0 0 0 0 0 0 0 0 0 0 0 0 0 0 0 0 0 0 0 0 0 0 0 0 0 0 0 0 0 0 0 0 0 0 0 0 0 0 0 0 0 0 0 0 0 0 0 0 0 0 0 0 0 0 0 0 0 0 0 0 0 0 0 0 0 0 0 0 0 0 0 0 0 0 0 0 0 0 0 0 0 0 0 0 0 0 0 0 0 0 0 0 0 0 0 0 0 0 0 0 0 0 0 0 0 0 0 0 0 0 0 0 0 0 0 0 0 0 0 0 0 0 0 0 0 0 0 0 0 0 0 0 0 0 0 0 0 0 0 0 0 0 0 0 0 0 0 0 0 0 0 0 0 0 0 0 0 0 0 0 0 0 0 0 0 0 0 0 0 0 0 0 0 0 0 0 0 0 0 0 0 0 0 0 0 0 0 0 0 0 0 0 0 0 0 0 0 0 0 0 0 0 0 0 0 0 0 0 0 0 0 0 0 0 0 0 0 0 0 0 0 0 0 0 0 0 0 0 0 0 0 0 0 0 0 0 0 0 0 0 0 0 0 0 0 0 0 0 0 0 0 0 0 0 0 0 0 0 0 0 0 0 0 0 0 0 0 0 0 0 0 0 0 0 0 0 0 0 0 0 0 0 0 0 0 0 0 0 0 0 0 0 0 0 0 0 0 0 0 0 0 0 0 0 0 0 0 0 0 0 0 0 0 0 0 0 0 0 0 0 0 0 0 0 0 0 0 0 0 0 0 0 0 0 0 0 0 0 0 0 0 0 0 0 0 0 0 0 0 0 0 0 0 0 0 0 0 0 0 0 0 0 0 0 0 0 0 0 0 0 0 0 0 0 0 0 0 0 0 0 0 0 0 0 0 0 0 0 0 0 0 0 0 0 0 0 0 0 0 0 0 0 0 0 0 0 0 0 0 0 0 0 0 0 0 0 0 0 0 0 0 0 0 0 0 0 0 0 0 0 0 0 0 0 0 0 0 0 0 0 0 0 0 0 0 0 0 0 0 0 0 0 0 0 0 0 0 0 0 0 0 0 0 0 0 0 0 0 0 0 0 0 0 0 0 0 0 0 0 0 0 0 0 0 0 0 0 0 0 0 0 0 0 0 0 0 0 0 0 0 0 0 0 0 0 0 0 0 0 0 0 0 0 0 0 0 0 0 0 0 0 0 0 0 0 0 0 0 0 0 0 0 0 0 0 0 0 0 0 0 0 0 0 0 0 0 0 0 0 0 0 0 0 0 0 0 0 0 0 0 0 0 0 0 0 0 0 0 0 0 0 0 0 0 0 0 0 0 0 0 0 0 0 0 0 0 0 0 0 0 0 0 0 0 0 0 0 0 0 0 0 0 0 0 0 0 0 0 0 0 0 0 0 0 0 0 0 0 0 0 0 0 0 0 0 0 0 0 0 0 0 0 0 0 0 0 0 0 0 0 0 0 0 0 0 0 0 0 0 0 0 0 0 0 0 0 0 0 0 0 0 0 0 0 0 0 0 0 0 0 0 0 0 0 0 0 0 0 0 0 0 0 0 0 0 0 0 0 0 0 0 0 0 0 0 0 0 0 0 0 0 0 0 0 0 0 0 0 0 0 0 0 0 0 0 0 0 0 0 0 0 0 0 0 0 0 0 0 0 0 0 0 0 0 0 0 0 0 0 0 0 0 0 0 0 0 0 0 0 0 0 0 0 0 0 0 0 0 0 0 0 0 0 0 0 0 0 0 0 0 0 0 0 0 0 0 0 0 0 0 0 0 0 0 0 0 0 0 0 0 0 0 0 0 0 0 0 0 0 0 0 0 0 0 0 0 0 0 0 0 0 0 0 0 0 0 0 0 0 0 0 0 0 0 0 0 0 0 0 0 0 0 0 0 0 0 0 0 0 0 0 0 0 0 0 0 0 0 0 0 0 0 0 0 0 0 0 0 0 0 0 0 0 0 0 0 0 0 0 0 0 0 0 0 0 0 0 0 0 0 0 0 0 0 0 0 0 0 0 0 0 0 0 0 0 0 0 0 0 0 0 0 0 0 0 0 0 0 0 0 0 0 0 0 0 0 0 0 0 0 0 0 0 0 0 0 0 0 0 0 0 0 0 0 0 0 0 0 0 0 0 0 0 0 0 0 0 0 0 0 0 0 0 0 0 0 0 0 0 0 0 0 0 0 0 0 0 0 0 0 0 0 0 0 0 0 0 0 0 0 0 0 0 0 0 0 0 0 0 0 0 0 0 0 0 0 0 0 0 0 0 0 0 0 0 0 0 0 0 0 0 0 0 0 0 0 0 0 0 0 0 0 0 0 0 0 0 0 0 0 0 0 0 0 0 0 0 0 0 0 0 0 0 0 0 0 0 0 0 0 0 0 0 0 0 0 0 0 0 0 0 0 0 0 0 0 0 0 0 0 0 0 0 0 0 0 0 0 0 0 0 0 0 0 0 0 0 0 0 0 0 0 0 0 0 0 0 0 0 0 0 0 0 0 0 0 0 0 0 0 0 0 0 0 0 0 0 0 0 0 0 0 0 0 0 0 0 0 0 0 0 0 0 0 0 0 0 0 0 0 0 0 0 0 0 0 0 0 0 0 0 0 0 0 0 0 0 0 0 0 0 0 0 0 0 0 0 0 0 0 0 0 0 0 0 0 0 0 0 0 0 0 0 0 0 0 0 0 0 0 0 0 0 0 0 0 0 0 0 0 0 0 0 0 0 0 0 0 0 0 0 0 0 0 0 0 0 0 0 0 0 0 0 0 0 0 0 0 0 0 0 0 0 0 0 0 0 0 0 0 0 0 0 0 0 0 0 0 0 0 0 0 0 0 0 0 0 0 0 0 0 0 0 0 0 0 0 0 0 0 0 0 0 0 0 0 0 0 0 0 0 0 0 0 0 0 0 0 0 0 0 0 0 0 0 0 0 0 0 0 0 0 0 0 0 0 0 0 0 0 0 0 0 0 0 0 0 0 0 0 0 0 0 0 0 0 0 0 0 0 0 0 0 0 0 0 0 0 0 0 0 0 0 0 0 0 0 0 0 0 0 0 0 0 0 0 0 0 0 0 0 0 0 0 0 0 0 0 0 0 0 0 0 0 0 0 0 0 0 0 0 0 0 0 0 0 0 0 0 0 0 0 0 0 0 0 0 0 0 0 0 0 0 0 0 0 0 0 0 0 0 0 0 0 0 0 0 0 0 0 0 0 0 0 0 0 0 0 0 0 0 0 0 0 0 0 0 0 0 0 0 0 0 0 0 0 0 0 0 0 0 0 0 0 0 0 0 0 0 0 0 0 0 0 0 0 0 0 0 0 0 0 0 0 0 0 0 0 0 0 0 0 0 0 0 0 0 0 0 0 0 0 0 0 0 0 0 0 0 0 0 0 0 0 0 0 0 0 0 0 0 0 0 0 0 0 0 0 0 0 0 0 0 0 0 0 0 0 0 0 0 0 0 0 0 0 0 0 0 0 0 0 0 0 0 0 0 0 0 0 0 0 0 0 0 0 0 0 0 0 0 0 0 0 0 0 0 0 0 0 0 0 0 0 0 0 0 0 0 0 0 0 0 0 0 0 0 0 0 0 0 0 0 0 0 0 0 0 0 0 0 0 0 0 0 0 0 0 0 0 0 0 0 0 0 0 0 0 0 0 0 0 0 0 0 0 0 0 0 0 0 0 0 0 0 0 0 0 0 0 0 0 0 0 0 0 0 0 0 0 0 0 0 0 0 0 0 0 0 0 0 0 0 0 0 0 0 0 0 0 0 0 0 0 0 0 0 0 0 0 0 0 0 0 0 0 0 0 0 0 0 0 0 0 0 0 0 0 0 0 0 0 0 0 0 0 0 0 0 0 0 0 0 0 0 0 0 0 0 0 0 0 0 0 0 0 0 0 0 0 0 0 0 0 0 0 0 0 0 0 0 0 0 0 0 0 0 0 0 0 0 0 0 0 0 0 0 0 0 0 0 0 0 0 0 0 0 0 0 0 0 0 0 0 0 0 0 0 0 0 0 0 0 0 0 0 0 0 0 0 0 0 0 0 0 0 0 0 0 0 0 0 0 0 0 0 0 0 0 0 0 0 0 0 0 0 0 0 0 0 0 0 0 0 0 0 0 0 0 0 0 0 0 0 0 0 0 0 0 0 0 0 0 0 0 0 0 0 0 0 0 0 0 0 0 0 0 0 0 0 0 0 0 0 0 0 0 0 0 0 0 0 0 0 0 0 0 0 0 0 0 0 0 0 0 0 0 0 0 0 0 0 0 0 0 0 0 0 0 0 0 0 0 0 0 0 0 0 0 0 0 0 0 0 0 0 0 0 0 0 0 0 0 0 0 0 0 0 0 0 0 0 0 0 0 0 0 0 0 0 0 0 0 0 0 0 0 0 0 0 0 0 0 0 0 0 0 0 0 0 0 0 0 0 0 0 0 0 0 0 0 0 0 0 0 0 0 0 0 0 0 0 0 0 0 0 0 0 0 0 0 0 0 0 0 0 0 0 0 0 0 0 0 0 0 0 0 0 0 0 0 0 0 0 0 0 0 0 0 0 0 0 0 0 0 0 0 0 0 0 0 0 0 0 0 0 0 0 0 0 0 0 0 0 0 0 0 0 0 0 0 0 0 0 0 0 0 0 0 0 0 0 0 0 0 0 0 0 0 0 0 0 0 0 0 0 0 0 0 0 0 0 0 0 0 0 0 0 0 0 0 0 0 0 0 0 0 0 0 0 0 0 0 0 0 0 0 0 0 0 0 0 0 0 0 0 0 0 0 0 0 0 0 0 0 0 0 0 0 0 0 0 0 0 0 0 0 0 0 0 0 0 0 0 0 0 0 0 0 0 0 0 0 0 0 0 0 0 0 0 0 0 0 0 0 0 0 0 0 0 0 0 0 0 0 0 0 0 0 0 0 0 0 0 0 0 0 0 0 0 0 0 0 0 0 0 0 0 0 0 0 0 0 0 0 0 0 0 0 0 0 0 0 0 0 0 0 0 0 0 0 0 0 0 0 0 0 0 0 0 0 0 0 0 0 0 0 0 0 0 0 0 0 0 0 0 0 0 0 0 0 0 0 0 0 0 0 0 0 0 0 0 0 0 0 0 0 0 0 0 0 0 0 0 0 0 0 0 0 0 0 0 0 0 0 0 0 0 0 0 0 0 0 0 0 0 0 0 0 0 0 0 0 0 0 0 0 0 0 0 0 0 0 0 0 0 0 0 0 0 0 0 0 0 0 0 0 0 0 0 0 0 0 0 0 0 0 0 0 0 0 0 0 0 0 0 0 0 0 0 0 0 0 0 0 0 0 0 0 0 0 0 0 0 0 0 0 0 0 0 0 0 0 0 0 0 0 0 0 0 0 0 0 0 0 0 0 0 0 0 0 0 0 0 0 0 0 0 0 0 0 0 0 0 0 0 0 0 0 0 0 0 0 0 0 0 0 0 0 0 0 0 0 0 0 0 0 0 0 0 0 0 0 0 0 0 0 0 0 0 0 0 0 0 0 0 0 0 0 0 0 0 0 0 0 0 0 0 0 0 0 0 0 0 0 0 0 0 0 0 0 0 0 0 0 0 0 0 0 0 0 0 0 0 0 0 0 0 0 0 0 0 0 0 0 0 0 0 0 0 0 0 0 0 0 0 0 0 0 0 0 0 0 0 0 0 0 0 0 0 0 0 0 0 0 0 0 0 0 0 0 0 0 0 0 0 0 0 0 0 0 0 0 0 0 0 0 0 0 0 0 0 0 0 0 0 0 0 0 0 0 0 0 0 0 0 0 0 0 0 0 0 0 0 0 0 0 0 0 0 0 0 0 0 0 0 0 0 0 0 0 0 0 0 0 0 0 0 0 0 0 0 0 0 0 0 0 0 0 0 0 0 0 0 0 0 0 0 0 0 0 0 0 0 0 0 0 0 0 0 0 0 0 0 0 0 0 0 0 0 0 0 0 0 0 0 0 0 0 0 0 0 0 0 0 0 0 0 0 0 0 0 0 0 0 0 0 0 0 0 0 0 0 0 0 0 0 0 0 0 0 0 0 0 0 0 0 0 0 0 0 0 0 0 0 0 0 0 0 0 0 0 0 0 0 0 0 0 0 0 0 0 0 0 0 0 0 0 0 0 0 0 0 0 0 0 0 0 0 0 0 0 0 0 0 0 0 0 0 0 0 0 0 0 0 0 0 0 0 0 0 0 0 0 0 0 0 0 0 0 0 0 0 0 0 0 0 0 0 0 0 0 0 0 0 0 0 0 0 0 0 0 0 0 0 0 0 0 0 0 0 0 0 0 0 0 0 0 0 0 0 0 0 0 0 0 0 0 0 0 0 0 0 0 0 0 0 0 0 0 0 0 0 0 0 0 0 0 0 0 0 0 0 0 0 0 0 0 0 0 0 0 0 0 0 0 0 0 0 0 0 0 0 0 0 0 0 0 0 0 0 0 0 0 0 0 0 0 0 0 0 0 0 0 0 0 0 0 0 0 0 0 0 0 0 0 0 0 0 0 0 0 0 0 0 0 0 0 0 0 0 0 0 0 0 0 0 0 0 0 0 0 0 0 0 0 0 0 0 0 0 0 0 0 0 0 0 0 0 0 0 0 0 0 0 0 0 0 0 0 0 0 0 0 0 0 0 0 0 0 0 0 0 0 0 0 0 0 0 0 0 0 0 0 0 0 0 0 0 0 0 0 0 0 0 0 0 0 0 0 0 0 0 0 0 0 0 0 0 0 0 0 0 0 0 0 0 0 0 0 0 0 0 0 0 0 0 0 0 0 0 0 0 0 0 0 0 0 0 0 0 0 0 0 0 0 0 0 0 0 0 0 0 0 0 0 0 0 0 0 0 0 0 0 0 0 0 0 0 0 0 0 0 0 0 0 0 0 0 0 0 0 0 0 0 0 0 0 0 0 0 0 0 0 0 0 0 0 0 0 0 0 0 0 0 0 0 0 0 0 0 0 0 0 0 0 0 0 0 0 0 0 0 0 0 0 0 0 0 0 0 0 0 0 0 0 0 0 0 0 0 0 0 0 0 0 0 0 0 0 0 0 0 0 0 0 0 0 0 0 0 0 0 0 0 0 0 0 0 0 0 0 0 0 0 0 0 0 0 0 0 0 0 0 0 0 0 0 0 0 0 0 0 0 0 0 0 0 0 0 0 0 0 0 0 0 0 0 0 0 0 0 0 0 0 0 0 0 0 0 0 0 0 0 0 0 0 0 0 0 0 0 0 0 0 0 0 0 0 0 0 0 0 0 0 0 0 0 0 0 0 0 0 0 0 0 0 0 0 0 0 0 0 0 0 0 0 0 0 0 0 0 0 0 0 0 0 0 0 0 0 0 0 0 0 0 0 0 0 0 0 0 0 0 0 0 0 0 0 0 0 0 0 0 0 0 0 0 0 0 0 0 0 0 0 0 0 0 0 0 0 0 0 0 0 0 0 0 0 0 0 0 0 0 0 0 0 0 0 0 0 0 0 0 0 0 0 0 0 0 0 0 0 0 0 0 0 0 0 0 0 0 0 0 0 0 0 0 0 0 0 0 0 0 0 0 0 0 0 0 0 0 0 0 0 0 0 0 0 0 0 0 0 0 0 0 0 0 0 0 0 0 0 0 0 0 0 0 0 0 0 0 0 0 0 0 0 0 0 0 0 0 0 0 0 0 0 0 0 0 0 0 0 0 0 0 0 0 0 0 0 0 0 0 0 0 0 0 0 0 0 0 0 0 0 0 0 0 0 0 0 0 0 0 0 0 0 0 0 0 0 0 0 0 0 0 0 0 0 0 0 0 0 0 0 0 0 0 0 0 0 0 0 0 0 0 0 0 0 0 0 0 0 0 0 0 0 0 0 0 0 0 0 0 0 0 0 0 0 0 0 0 0 0 0 0 0 0 0 0 0 0 0 0 0 0 0 0 0 0 0 0 0 0 0 0 0 0 0 0 0 0 0 0 0 0 0 0 0 0 0 0 0 0 0 0 0 0 0 0 0 0 0 0 0 0 0 0 0 0 0 0 0 0 0 0 0 0 0 0 0 0 0 0 0 0 0 0 0 0 0 0 0 0 0 0 0 0 0 0 0 0 0 0 0 0 0 0 0 0 0 0 0 0 0 0 0 0 0 0 0 0 0 0 0 0 0 0 0 0 0 0 0 0 0 0 0 0 0 0 0 0 0 0 0 0 0 0 0 0 0 0 0 0 0 0 0 0 0 0 0 0 0 0 0 0 0 0 0 0 0 0 0 0 0 0 0 0 0 0 0 0 0 0 0 0 0 0 0 0 0 0 0 0 0 0 0 0 0 0 0 0 0 0 0 0 0 0 0 0 0 0 0 0 0 0 0 0 0 0 0 0 0 0 0 0 0 0 0 0 0 0 0 0 0 0 0 0 0 0 0 0 0 0 0 0 0 0 0 0 0 0 0 0 0 0 0 0 0 0 0 0 0 0 0 0 0 0 0 0 0 0 0 0 0 0 0 0 0 0 0 0 0 0 0 0 0 0 0 0 0 0 0 0 0 0 0 0 0 0 0 0 0 0 0 0 0 0 0 0 0 0 0 0 0 0 0 0 0 0 0 0 0 0 0 0 0 0 0 0 0 0 0 0 0 0 0 0 0 0 0 0 0 0 0 0 0 0 0 0 0 0 0 0 0 0 0 0 0 0 0 0 0 0 0 0 0 0 0 0 0 0 0 0 0 0 0 0 0 0 0 0 0 0 0 0 0 0 0 0 0 0 0 0 0 0 0 0 0 0 0 0 0 0 0 0 0 0 0 0 0 0 0 0 0 0 0 0 0 0 0 0 0 0 0 0 0 0 0 0 0 0 0 0 0 0 0 0 0 0 0 0 0 0 0 0 0 0 0 0 0 0 0 0 0 0 0 0 0 0 0 0 0 0 0 0 0 0 0 0 0 0 0 0 0 0 0 0 0 0 0 0 0 0 0 0 0 0 0 0 0 0 0 0 0 0 0 0 0 0 0 0 0 0 0 0 0 0 0 0 0 0 0 0 0 0 0 0 0 0 0 0 0 0 0 0 0 0 0 0 0 0 0 0 0 0 0 0 0 0 0 0 0 0 0 0 0 0 0 0 0 0 0 0 0 0 0 0 0 0 0 0 0 0 0 0 0 0 0 0 0 0 0 0 0 0 0 0 0 0 0 0 0 0 0 0 0 0 0 0 0 0 0 0 0 0 0 0 0 0 0 0 0 0 0 0 0 0 0 0 0 0 0 0 0 0 0 0 0 0 0 0 0 0 0 0 0 0 0 0 0 0 0 0 0 0 0 0 0 0 0 0 0 0 0 0 0 0 0 0 0 0 0 0 0 0 0 0 0 0 0 0 0 0 0 0 0 0 0 0 0 0 0 0 0 0 0 0 0 0 0 0 0 0 0 0 0 0 0 0 0 0 0 0 0 0 0 0 0 0 0 0 0 0 0 0 0 0 0 0 0 0 0 0 0 0 0 0 0 0 0 0 0 0 0 0 0 0 0 0 0 0 0 0 0 0 0 0 0 0 0 0 0 0 0 0 0 0 0 0 0 0 0 0 0 0 0 0 0 0 0 0 0 0 0 0 0 0 0 0 0 0 0 0 0 0 0 0 0 0 0 0 0 0 0 0 0 0 0 0 0 0 0 0 0 0 0 0 0 0 0 0 0 0 0 0 0 0 0 0 0 0 0 0 0 0 0 0 0 0 0 0 0 0 0 0 0 0 0 0 0 0 0 0 0 0 0 0 0 0 0 0 0 0 0 0 0 0 0 0 0 0 0 0 0 0 0 0 0 0 0 0 0 0 0 0 0 0 0 0 0 0 0 0 0 0 0 0 0 0 0 0 0 0 0 0 0 0 0 0 0 0 0 0 0 0 0 0 0 0 0 0 0 0 0 0 0 0 0 0 0 0 0 0 0 0 0 0 0 0 0 0 0 0 0 0 0 0 0 0 0 0 0 0 0 0 0 0 0 0 0 0 0 0 0 0 0 0 0 0 0 0 0 0 0 0 0 0 0 0 0 0 0 0 0 0 0 0 0 0 0 0 0 0 0 0 0 0 0 0 0 0 0 0 0 0 0 0 0 0 0 0 0 0 0 0 0 0 0 0 0 0 0 0 0 0 0 0 0 0 0 0 0 0 0 0 0 0 0 0 0 0 0 0 0 0 0 0 0 0 0 0 0 0 0 0 0 0 0 0 0 0 0 0 0 0 0 0 0 0 0 0 0 0 0 0 0 0 0 0 0 0 0 0 0 0 0 0 0 0 0 0 0 0 0 0 0 0 0 0 0 0 0 0 0 0 0 0 0 0 0 0 0 0 0 0 0 0 0 0 0 0 0 0 0 0 0 0 0 0 0 0 0 0 0 0 0 0 0 0 0 0 0 0 0 0 0 0 0 0 0 0 0 0 0 0 0 0 0 0 0 0 0 0 0 0 0 0 0 0 0 0 0 0 0 0 0 0 0 0 0 0 0 0 0 0 0 0 0 0 0 0 0 0 0 0 0 0 0 0 0 0 0 0 0 0 0 0 0 0 0 0 0 0 0 0 0 0 0 0 0 0 0 0 0 0 0 0 0 0 0 0 0 0 0 0 0 0 0 0 0 0 0 0 0 0 0 0 0 0 0 0 0 0 0 0 0 0 0 0 0 0 0 0 0 0 0 0 0 0 0 0 0 0 0 0 0 0 0 0 0 0 0 0 0 0 0 0 0 0 0 0 0 0 0 0 0 0 0 0 0 0 0 0 0 0 0 0 0 0 0 0 0 0 0 0 0 0 0 0 0 0 0 0 0 0 0 0 0 0 0 0 0 0 0 0 0 0 0 0 0 0 0 0 0 0 0 0 0 0 0 0 0 0 0 0 0 0 0 0 0 0 0 0 0 0 0 0 0 0 0 0 0 0 0 0 0 0 0 0 0 0 0 0 0 0 0 0 0 0 0 0 0 0 0 0 0 0 0 0 0 0 0 0 0 0 0 0 0 0 0 0 0 0 0 0 0 0 0 0 0 0 0 0 0 0 0 0 0 0 0 0 0 0 0 0 0 0 0 0 0 0 0 0 0 0 0 0 0 0 0 0 0 0 0 0 0 0 0 0 0 0 0 0 0 0 0 0 0 0 0 0 0 0 0 0 0 0 0 0 0 0 0 0 0 0 0 0 0 0 0 0 0 0 0 0 0 0 0 0 0 0 0 0 0 0 0 0 0 0 0 0 0 0 0 0 0 0 0 0 0 0 0 0 0 0 0 0 0 0 0 0 0 0 0 0 0 0 0 0 0 0 0 0 0 0 0 0 0 0 0 0 0 0 0 0 0 0 0 0 0 0 0 0 0 0 0 0 0 0 0 0 0 0 0 0 0 0 0 0 0 0 0 0 0 0 0 0 0 0 0 0 0 0 0 0 0 0 0 0 0 0 0 0 0 0 0 0 0 0 0 0 0 0 0 0 0 0 0 0 0 0 0 0 0 0 0 0 0 0 0 0 0 0 0 0 0 0 0 0 0 0 0 0 0 0 0 0 0 0 0 0 0 0 0 0 0 0 0 0 0 0 0 0 0 0 0 0 0 0 0 0 0 0 0 0 0 0 0 0 0 0 0 0 0 0 0 0 0 0 0 0 0 0 0 0 0 0 0 0 0 0 0 0 0 0 0 0</float_array>
          <technique_common>
            <accessor source="#gascap-mesh-map-4-array" count="2808" stride="2">
              <param name="S" type="float"/>
              <param name="T" type="float"/>
            </accessor>
          </technique_common>
        </source>
        <source id="gascap-mesh-map-5">
          <float_array id="gascap-mesh-map-5-array" count="5616">0 0 0 0 0 0 0 0 0 0 0 0 0 0 0 0 0 0 0 0 0 0 0 0 0 0 0 0 0 0 0 0 0 0 0 0 0 0 0 0 0 0 0 0 0 0 0 0 0 0 0 0 0 0 0 0 0 0 0 0 0 0 0 0 0 0 0 0 0 0 0 0 0 0 0 0 0 0 0 0 0 0 0 0 0 0 0 0 0 0 0 0 0 0 0 0 0 0 0 0 0 0 0 0 0 0 0 0 0 0 0 0 0 0 0 0 0 0 0 0 0 0 0 0 0 0 0 0 0 0 0 0 0 0 0 0 0 0 0 0 0 0 0 0 0 0 0 0 0 0 0 0 0 0 0 0 0 0 0 0 0 0 0 0 0 0 0 0 0 0 0 0 0 0 0 0 0 0 0 0 0 0 0 0 0 0 0 0 0 0 0 0 0 0 0 0 0 0 0 0 0 0 0 0 0 0 0 0 0 0 0 0 0 0 0 0 0 0 0 0 0 0 0 0 0 0 0 0 0 0 0 0 0 0 0 0 0 0 0 0 0 0 0 0 0 0 0 0 0 0 0 0 0 0 0 0 0 0 0 0 0 0 0 0 0 0 0 0 0 0 0 0 0 0 0 0 0 0 0 0 0 0 0 0 0 0 0 0 0 0 0 0 0 0 0 0 0 0 0 0 0 0 0 0 0 0 0 0 0 0 0 0 0 0 0 0 0 0 0 0 0 0 0 0 0 0 0 0 0 0 0 0 0 0 0 0 0 0 0 0 0 0 0 0 0 0 0 0 0 0 0 0 0 0 0 0 0 0 0 0 0 0 0 0 0 0 0 0 0 0 0 0 0 0 0 0 0 0 0 0 0 0 0 0 0 0 0 0 0 0 0 0 0 0 0 0 0 0 0 0 0 0 0 0 0 0 0 0 0 0 0 0 0 0 0 0 0 0 0 0 0 0 0 0 0 0 0 0 0 0 0 0 0 0 0 0 0 0 0 0 0 0 0 0 0 0 0 0 0 0 0 0 0 0 0 0 0 0 0 0 0 0 0 0 0 0 0 0 0 0 0 0 0 0 0 0 0 0 0 0 0 0 0 0 0 0 0 0 0 0 0 0 0 0 0 0 0 0 0 0 0 0 0 0 0 0 0 0 0 0 0 0 0 0 0 0 0 0 0 0 0 0 0 0 0 0 0 0 0 0 0 0 0 0 0 0 0 0 0 0 0 0 0 0 0 0 0 0 0 0 0 0 0 0 0 0 0 0 0 0 0 0 0 0 0 0 0 0 0 0 0 0 0 0 0 0 0 0 0 0 0 0 0 0 0 0 0 0 0 0 0 0 0 0 0 0 0 0 0 0 0 0 0 0 0 0 0 0 0 0 0 0 0 0 0 0 0 0 0 0 0 0 0 0 0 0 0 0 0 0 0 0 0 0 0 0 0 0 0 0 0 0 0 0 0 0 0 0 0 0 0 0 0 0 0 0 0 0 0 0 0 0 0 0 0 0 0 0 0 0 0 0 0 0 0 0 0 0 0 0 0 0 0 0 0 0 0 0 0 0 0 0 0 0 0 0 0 0 0 0 0 0 0 0 0 0 0 0 0 0 0 0 0 0 0 0 0 0 0 0 0 0 0 0 0 0 0 0 0 0 0 0 0 0 0 0 0 0 0 0 0 0 0 0 0 0 0 0 0 0 0 0 0 0 0 0 0 0 0 0 0 0 0 0 0 0 0 0 0 0 0 0 0 0 0 0 0 0 0 0 0 0 0 0 0 0 0 0 0 0 0 0 0 0 0 0 0 0 0 0 0 0 0 0 0 0 0 0 0 0 0 0 0 0 0 0 0 0 0 0 0 0 0 0 0 0 0 0 0 0 0 0 0 0 0 0 0 0 0 0 0 0 0 0 0 0 0 0 0 0 0 0 0 0 0 0 0 0 0 0 0 0 0 0 0 0 0 0 0 0 0 0 0 0 0 0 0 0 0 0 0 0 0 0 0 0 0 0 0 0 0 0 0 0 0 0 0 0 0 0 0 0 0 0 0 0 0 0 0 0 0 0 0 0 0 0 0 0 0 0 0 0 0 0 0 0 0 0 0 0 0 0 0 0 0 0 0 0 0 0 0 0 0 0 0 0 0 0 0 0 0 0 0 0 0 0 0 0 0 0 0 0 0 0 0 0 0 0 0 0 0 0 0 0 0 0 0 0 0 0 0 0 0 0 0 0 0 0 0 0 0 0 0 0 0 0 0 0 0 0 0 0 0 0 0 0 0 0 0 0 0 0 0 0 0 0 0 0 0 0 0 0 0 0 0 0 0 0 0 0 0 0 0 0 0 0 0 0 0 0 0 0 0 0 0 0 0 0 0 0 0 0 0 0 0 0 0 0 0 0 0 0 0 0 0 0 0 0 0 0 0 0 0 0 0 0 0 0 0 0 0 0 0 0 0 0 0 0 0 0 0 0 0 0 0 0 0 0 0 0 0 0 0 0 0 0 0 0 0 0 0 0 0 0 0 0 0 0 0 0 0 0 0 0 0 0 0 0 0 0 0 0 0 0 0 0 0 0 0 0 0 0 0 0 0 0 0 0 0 0 0 0 0 0 0 0 0 0 0 0 0 0 0 0 0 0 0 0 0 0 0 0 0 0 0 0 0 0 0 0 0 0 0 0 0 0 0 0 0 0 0 0 0 0 0 0 0 0 0 0 0 0 0 0 0 0 0 0 0 0 0 0 0 0 0 0 0 0 0 0 0 0 0 0 0 0 0 0 0 0 0 0 0 0 0 0 0 0 0 0 0 0 0 0 0 0 0 0 0 0 0 0 0 0 0 0 0 0 0 0 0 0 0 0 0 0 0 0 0 0 0 0 0 0 0 0 0 0 0 0 0 0 0 0 0 0 0 0 0 0 0 0 0 0 0 0 0 0 0 0 0 0 0 0 0 0 0 0 0 0 0 0 0 0 0 0 0 0 0 0 0 0 0 0 0 0 0 0 0 0 0 0 0 0 0 0 0 0 0 0 0 0 0 0 0 0 0 0 0 0 0 0 0 0 0 0 0 0 0 0 0 0 0 0 0 0 0 0 0 0 0 0 0 0 0 0 0 0 0 0 0 0 0 0 0 0 0 0 0 0 0 0 0 0 0 0 0 0 0 0 0 0 0 0 0 0 0 0 0 0 0 0 0 0 0 0 0 0 0 0 0 0 0 0 0 0 0 0 0 0 0 0 0 0 0 0 0 0 0 0 0 0 0 0 0 0 0 0 0 0 0 0 0 0 0 0 0 0 0 0 0 0 0 0 0 0 0 0 0 0 0 0 0 0 0 0 0 0 0 0 0 0 0 0 0 0 0 0 0 0 0 0 0 0 0 0 0 0 0 0 0 0 0 0 0 0 0 0 0 0 0 0 0 0 0 0 0 0 0 0 0 0 0 0 0 0 0 0 0 0 0 0 0 0 0 0 0 0 0 0 0 0 0 0 0 0 0 0 0 0 0 0 0 0 0 0 0 0 0 0 0 0 0 0 0 0 0 0 0 0 0 0 0 0 0 0 0 0 0 0 0 0 0 0 0 0 0 0 0 0 0 0 0 0 0 0 0 0 0 0 0 0 0 0 0 0 0 0 0 0 0 0 0 0 0 0 0 0 0 0 0 0 0 0 0 0 0 0 0 0 0 0 0 0 0 0 0 0 0 0 0 0 0 0 0 0 0 0 0 0 0 0 0 0 0 0 0 0 0 0 0 0 0 0 0 0 0 0 0 0 0 0 0 0 0 0 0 0 0 0 0 0 0 0 0 0 0 0 0 0 0 0 0 0 0 0 0 0 0 0 0 0 0 0 0 0 0 0 0 0 0 0 0 0 0 0 0 0 0 0 0 0 0 0 0 0 0 0 0 0 0 0 0 0 0 0 0 0 0 0 0 0 0 0 0 0 0 0 0 0 0 0 0 0 0 0 0 0 0 0 0 0 0 0 0 0 0 0 0 0 0 0 0 0 0 0 0 0 0 0 0 0 0 0 0 0 0 0 0 0 0 0 0 0 0 0 0 0 0 0 0 0 0 0 0 0 0 0 0 0 0 0 0 0 0 0 0 0 0 0 0 0 0 0 0 0 0 0 0 0 0 0 0 0 0 0 0 0 0 0 0 0 0 0 0 0 0 0 0 0 0 0 0 0 0 0 0 0 0 0 0 0 0 0 0 0 0 0 0 0 0 0 0 0 0 0 0 0 0 0 0 0 0 0 0 0 0 0 0 0 0 0 0 0 0 0 0 0 0 0 0 0 0 0 0 0 0 0 0 0 0 0 0 0 0 0 0 0 0 0 0 0 0 0 0 0 0 0 0 0 0 0 0 0 0 0 0 0 0 0 0 0 0 0 0 0 0 0 0 0 0 0 0 0 0 0 0 0 0 0 0 0 0 0 0 0 0 0 0 0 0 0 0 0 0 0 0 0 0 0 0 0 0 0 0 0 0 0 0 0 0 0 0 0 0 0 0 0 0 0 0 0 0 0 0 0 0 0 0 0 0 0 0 0 0 0 0 0 0 0 0 0 0 0 0 0 0 0 0 0 0 0 0 0 0 0 0 0 0 0 0 0 0 0 0 0 0 0 0 0 0 0 0 0 0 0 0 0 0 0 0 0 0 0 0 0 0 0 0 0 0 0 0 0 0 0 0 0 0 0 0 0 0 0 0 0 0 0 0 0 0 0 0 0 0 0 0 0 0 0 0 0 0 0 0 0 0 0 0 0 0 0 0 0 0 0 0 0 0 0 0 0 0 0 0 0 0 0 0 0 0 0 0 0 0 0 0 0 0 0 0 0 0 0 0 0 0 0 0 0 0 0 0 0 0 0 0 0 0 0 0 0 0 0 0 0 0 0 0 0 0 0 0 0 0 0 0 0 0 0 0 0 0 0 0 0 0 0 0 0 0 0 0 0 0 0 0 0 0 0 0 0 0 0 0 0 0 0 0 0 0 0 0 0 0 0 0 0 0 0 0 0 0 0 0 0 0 0 0 0 0 0 0 0 0 0 0 0 0 0 0 0 0 0 0 0 0 0 0 0 0 0 0 0 0 0 0 0 0 0 0 0 0 0 0 0 0 0 0 0 0 0 0 0 0 0 0 0 0 0 0 0 0 0 0 0 0 0 0 0 0 0 0 0 0 0 0 0 0 0 0 0 0 0 0 0 0 0 0 0 0 0 0 0 0 0 0 0 0 0 0 0 0 0 0 0 0 0 0 0 0 0 0 0 0 0 0 0 0 0 0 0 0 0 0 0 0 0 0 0 0 0 0 0 0 0 0 0 0 0 0 0 0 0 0 0 0 0 0 0 0 0 0 0 0 0 0 0 0 0 0 0 0 0 0 0 0 0 0 0 0 0 0 0 0 0 0 0 0 0 0 0 0 0 0 0 0 0 0 0 0 0 0 0 0 0 0 0 0 0 0 0 0 0 0 0 0 0 0 0 0 0 0 0 0 0 0 0 0 0 0 0 0 0 0 0 0 0 0 0 0 0 0 0 0 0 0 0 0 0 0 0 0 0 0 0 0 0 0 0 0 0 0 0 0 0 0 0 0 0 0 0 0 0 0 0 0 0 0 0 0 0 0 0 0 0 0 0 0 0 0 0 0 0 0 0 0 0 0 0 0 0 0 0 0 0 0 0 0 0 0 0 0 0 0 0 0 0 0 0 0 0 0 0 0 0 0 0 0 0 0 0 0 0 0 0 0 0 0 0 0 0 0 0 0 0 0 0 0 0 0 0 0 0 0 0 0 0 0 0 0 0 0 0 0 0 0 0 0 0 0 0 0 0 0 0 0 0 0 0 0 0 0 0 0 0 0 0 0 0 0 0 0 0 0 0 0 0 0 0 0 0 0 0 0 0 0 0 0 0 0 0 0 0 0 0 0 0 0 0 0 0 0 0 0 0 0 0 0 0 0 0 0 0 0 0 0 0 0 0 0 0 0 0 0 0 0 0 0 0 0 0 0 0 0 0 0 0 0 0 0 0 0 0 0 0 0 0 0 0 0 0 0 0 0 0 0 0 0 0 0 0 0 0 0 0 0 0 0 0 0 0 0 0 0 0 0 0 0 0 0 0 0 0 0 0 0 0 0 0 0 0 0 0 0 0 0 0 0 0 0 0 0 0 0 0 0 0 0 0 0 0 0 0 0 0 0 0 0 0 0 0 0 0 0 0 0 0 0 0 0 0 0 0 0 0 0 0 0 0 0 0 0 0 0 0 0 0 0 0 0 0 0 0 0 0 0 0 0 0 0 0 0 0 0 0 0 0 0 0 0 0 0 0 0 0 0 0 0 0 0 0 0 0 0 0 0 0 0 0 0 0 0 0 0 0 0 0 0 0 0 0 0 0 0 0 0 0 0 0 0 0 0 0 0 0 0 0 0 0 0 0 0 0 0 0 0 0 0 0 0 0 0 0 0 0 0 0 0 0 0 0 0 0 0 0 0 0 0 0 0 0 0 0 0 0 0 0 0 0 0 0 0 0 0 0 0 0 0 0 0 0 0 0 0 0 0 0 0 0 0 0 0 0 0 0 0 0 0 0 0 0 0 0 0 0 0 0 0 0 0 0 0 0 0 0 0 0 0 0 0 0 0 0 0 0 0 0 0 0 0 0 0 0 0 0 0 0 0 0 0 0 0 0 0 0 0 0 0 0 0 0 0 0 0 0 0 0 0 0 0 0 0 0 0 0 0 0 0 0 0 0 0 0 0 0 0 0 0 0 0 0 0 0 0 0 0 0 0 0 0 0 0 0 0 0 0 0 0 0 0 0 0 0 0 0 0 0 0 0 0 0 0 0 0 0 0 0 0 0 0 0 0 0 0 0 0 0 0 0 0 0 0 0 0 0 0 0 0 0 0 0 0 0 0 0 0 0 0 0 0 0 0 0 0 0 0 0 0 0 0 0 0 0 0 0 0 0 0 0 0 0 0 0 0 0 0 0 0 0 0 0 0 0 0 0 0 0 0 0 0 0 0 0 0 0 0 0 0 0 0 0 0 0 0 0 0 0 0 0 0 0 0 0 0 0 0 0 0 0 0 0 0 0 0 0 0 0 0 0 0 0 0 0 0 0 0 0 0 0 0 0 0 0 0 0 0 0 0 0 0 0 0 0 0 0 0 0 0 0 0 0 0 0 0 0 0 0 0 0 0 0 0 0 0 0 0 0 0 0 0 0 0 0 0 0 0 0 0 0 0 0 0 0 0 0 0 0 0 0 0 0 0 0 0 0 0 0 0 0 0 0 0 0 0 0 0 0 0 0 0 0 0 0 0 0 0 0 0 0 0 0 0 0 0 0 0 0 0 0 0 0 0 0 0 0 0 0 0 0 0 0 0 0 0 0 0 0 0 0 0 0 0 0 0 0 0 0 0 0 0 0 0 0 0 0 0 0 0 0 0 0 0 0 0 0 0 0 0 0 0 0 0 0 0 0 0 0 0 0 0 0 0 0 0 0 0 0 0 0 0 0 0 0 0 0 0 0 0 0 0 0 0 0 0 0 0 0 0 0 0 0 0 0 0 0 0 0 0 0 0 0 0 0 0 0 0 0 0 0 0 0 0 0 0 0 0 0 0 0 0 0 0 0 0 0 0 0 0 0 0 0 0 0 0 0 0 0 0 0 0 0 0 0 0 0 0 0 0 0 0 0 0 0 0 0 0 0 0 0 0 0 0 0 0 0 0 0 0 0 0 0 0 0 0 0 0 0 0 0 0 0 0 0 0 0 0 0 0 0 0 0 0 0 0 0 0 0 0 0 0 0 0 0 0 0 0 0 0 0 0 0 0 0 0 0 0 0 0 0 0 0 0 0 0 0 0 0 0 0 0 0 0 0 0 0 0 0 0 0 0 0 0 0 0 0 0 0 0 0 0 0 0 0 0 0 0 0 0 0 0 0 0 0 0 0 0 0 0 0 0 0 0 0 0 0 0 0 0 0 0 0 0 0 0 0 0 0 0 0 0 0 0 0 0 0 0 0 0 0 0 0 0 0 0 0 0 0 0 0 0 0 0 0 0 0 0 0 0 0 0 0 0 0 0 0 0 0 0 0 0 0 0 0 0 0 0 0 0 0 0 0 0 0 0 0 0 0 0 0 0 0 0 0 0 0 0 0 0 0 0 0 0 0 0 0 0 0 0 0 0 0 0 0 0 0 0 0 0 0 0 0 0 0 0 0 0 0 0 0 0 0 0 0 0 0 0 0 0 0 0 0 0 0 0 0 0 0 0 0 0 0 0 0 0 0 0 0 0 0 0 0 0 0 0 0 0 0 0 0 0 0 0 0 0 0 0 0 0 0 0 0 0 0 0 0 0 0 0 0 0 0 0 0 0 0 0 0 0 0 0 0 0 0 0 0 0 0 0 0 0 0 0 0 0 0 0 0 0 0 0 0 0 0 0 0 0 0 0 0 0 0 0 0 0 0 0 0 0 0 0 0 0 0 0 0 0 0 0 0 0 0 0 0 0 0 0 0 0 0 0 0 0 0 0 0 0 0 0 0 0 0 0 0 0 0 0 0 0 0 0 0 0 0 0 0 0 0 0 0 0 0 0 0 0 0 0 0 0 0 0 0 0 0 0 0 0 0 0 0 0 0 0 0 0 0 0 0 0 0 0 0 0 0 0 0 0 0 0 0 0 0 0 0 0 0 0 0 0 0 0 0 0 0 0 0 0 0 0 0 0 0 0 0 0 0 0 0 0 0 0 0 0 0 0 0 0 0 0 0 0 0 0 0 0 0 0 0 0 0 0 0 0 0 0 0 0 0 0 0 0 0 0 0 0 0 0 0 0 0 0 0 0 0 0 0 0 0 0 0 0 0 0 0 0 0 0 0 0 0 0 0 0 0 0 0 0 0 0 0 0 0 0 0 0 0 0 0 0 0 0 0 0 0 0 0 0 0 0 0 0 0 0 0 0 0 0 0 0 0 0 0 0 0 0 0 0 0 0 0 0 0 0 0 0 0 0 0 0 0 0 0 0 0 0 0 0 0 0 0 0 0 0 0 0 0 0 0 0 0 0 0 0 0 0 0 0 0 0 0 0 0 0 0 0 0 0 0 0 0 0 0 0 0 0 0 0 0 0 0 0 0 0 0 0 0 0 0 0 0 0 0 0 0 0 0 0 0 0 0 0 0 0 0 0 0 0 0 0 0 0 0 0 0 0 0 0 0 0 0 0 0 0 0 0 0 0 0 0 0 0 0 0 0 0 0 0 0 0 0 0 0 0 0 0 0 0 0 0 0 0 0 0 0 0 0 0 0 0 0 0 0 0 0 0 0 0 0 0 0 0 0 0 0 0 0 0 0 0 0 0 0 0 0 0 0 0 0 0 0 0 0 0 0 0 0 0 0 0 0 0 0 0 0 0 0 0 0 0 0 0 0 0 0 0 0 0 0 0 0 0 0 0 0 0 0 0 0 0 0 0 0 0 0 0 0 0 0 0 0 0 0 0 0 0 0 0 0 0 0 0 0 0 0 0 0 0 0 0 0 0 0 0 0 0 0 0 0 0 0 0 0 0 0 0 0 0 0 0 0 0 0 0 0 0 0 0 0 0 0 0 0 0 0 0 0 0 0 0 0 0 0 0 0 0 0 0 0 0 0 0 0 0 0 0 0 0 0 0 0 0 0 0 0 0 0 0 0 0 0 0 0 0 0 0 0 0 0 0 0 0 0 0 0 0 0 0 0 0 0 0 0 0 0 0 0 0 0 0 0 0 0 0 0 0 0 0 0 0 0 0 0 0 0 0 0 0 0 0 0 0 0 0 0 0 0 0 0 0 0 0 0 0 0 0 0 0 0 0 0 0 0 0 0 0 0 0 0 0 0 0 0 0 0 0 0 0 0 0 0 0 0 0 0 0 0 0 0 0 0 0 0 0 0 0 0 0 0 0 0 0 0 0 0 0 0 0 0 0 0 0 0 0 0 0 0 0 0 0 0 0 0 0 0 0 0 0 0 0 0 0 0 0 0 0 0 0 0 0 0 0 0 0 0 0 0 0 0 0 0 0 0 0 0 0 0 0 0 0 0 0 0 0 0 0 0 0 0 0 0 0 0 0 0 0 0 0 0 0 0 0 0 0 0 0 0 0 0 0 0 0 0 0 0 0 0 0 0 0 0 0 0 0 0 0 0 0 0 0 0 0 0 0 0 0 0 0 0 0 0 0 0 0 0 0 0 0 0 0 0 0 0 0 0 0 0 0 0 0 0 0 0 0 0 0 0 0 0 0 0 0 0 0 0 0 0 0 0 0 0 0 0 0 0 0 0 0 0 0 0 0 0 0 0 0 0 0 0 0 0 0 0 0 0 0 0 0 0 0 0 0 0 0 0 0 0 0 0 0 0 0 0 0 0 0 0 0 0 0 0 0 0 0 0 0 0 0 0 0 0 0 0 0 0 0 0 0 0 0 0 0 0 0 0 0 0 0 0 0 0 0 0 0 0 0 0 0 0 0 0 0 0 0 0 0 0 0 0 0 0 0 0 0 0 0 0 0 0 0 0 0 0 0 0 0 0 0 0 0 0 0 0 0 0 0 0 0 0 0 0 0 0 0 0 0 0 0 0 0 0 0 0 0 0 0 0 0 0 0 0 0 0 0 0 0 0 0 0 0 0 0 0 0 0 0 0 0 0 0 0 0 0 0 0 0 0 0 0 0 0 0 0 0 0 0 0 0 0 0 0 0 0 0 0 0 0 0 0 0 0 0 0 0 0 0 0 0 0 0 0 0 0 0 0 0 0 0 0 0 0 0 0 0 0 0 0 0 0 0 0 0 0 0 0 0 0 0 0 0 0 0 0 0 0 0 0 0 0 0 0 0 0 0 0 0 0 0 0 0 0 0 0 0 0 0 0 0 0 0 0 0 0 0 0 0 0 0 0 0 0 0 0 0 0 0 0 0 0 0 0 0 0 0 0 0 0 0 0 0 0 0 0 0 0 0 0 0 0 0 0 0 0 0 0 0 0 0 0 0 0 0 0 0 0 0 0 0 0 0 0 0 0 0 0 0 0 0 0 0 0 0 0 0 0 0 0 0 0 0 0 0 0 0 0 0 0 0 0 0 0 0 0 0 0 0 0 0 0 0 0 0 0 0 0 0 0 0 0 0 0 0 0 0 0 0 0 0 0 0 0 0 0 0 0 0 0 0 0 0 0 0 0 0 0 0 0 0 0 0 0 0 0 0 0 0 0 0 0 0 0 0 0 0 0 0 0 0 0 0 0 0 0 0 0 0 0 0 0 0 0 0 0 0 0 0 0 0 0 0 0 0 0 0 0 0 0 0 0 0 0 0 0 0 0 0 0 0 0 0 0 0 0 0 0 0 0 0 0 0 0 0 0 0 0 0 0 0 0 0 0 0 0 0 0 0 0 0 0 0 0 0 0 0 0 0 0 0 0 0 0 0 0 0 0 0 0 0 0 0 0 0 0 0 0 0 0 0 0 0 0 0 0 0 0 0 0 0 0 0 0 0 0 0 0 0 0 0 0 0 0 0 0 0 0 0 0 0 0 0 0 0 0 0 0 0 0 0 0 0 0 0 0 0 0 0 0 0 0 0 0 0 0 0 0 0 0 0 0 0 0 0 0 0 0 0 0 0 0 0 0 0 0 0 0 0 0 0 0 0 0 0 0 0 0 0 0 0 0 0 0 0 0 0 0 0 0 0 0 0 0 0 0 0 0 0 0 0 0 0 0 0 0 0 0 0 0 0 0 0 0 0 0 0 0 0 0 0 0 0 0 0 0 0 0 0 0 0 0 0 0 0 0 0 0 0 0 0 0 0 0 0 0 0 0 0 0 0 0 0 0 0 0 0 0 0 0 0 0 0 0 0 0 0 0 0 0 0 0 0 0 0 0 0 0 0 0 0 0 0 0 0 0 0 0 0 0 0 0 0 0 0 0 0 0 0 0 0 0 0 0 0 0 0 0 0 0 0 0 0 0 0 0 0 0 0 0 0 0 0 0 0 0 0 0 0 0 0 0 0 0 0 0 0 0 0 0 0 0 0 0 0 0 0 0 0 0 0 0 0 0 0 0 0 0 0 0 0 0 0 0 0 0 0 0 0 0 0 0 0 0 0 0 0 0 0 0 0 0 0 0 0 0 0 0 0 0 0 0 0 0 0 0 0 0 0 0 0 0 0 0 0 0 0 0 0 0 0 0 0 0 0 0 0 0 0 0 0 0 0 0 0 0 0 0 0 0 0 0 0 0 0 0 0 0 0 0 0 0 0 0 0 0 0 0 0 0 0 0 0 0 0 0 0 0 0 0 0 0 0 0 0 0 0 0 0 0 0 0 0 0 0 0 0 0 0 0 0 0 0 0 0 0 0 0 0 0 0 0 0 0 0 0 0 0 0 0 0 0 0 0 0 0 0 0 0 0 0 0 0 0 0 0 0 0 0 0 0 0 0 0 0 0 0 0 0 0 0 0 0 0 0 0 0 0 0 0 0 0 0 0 0 0 0 0 0 0 0 0 0 0 0 0 0 0 0 0 0 0 0 0 0 0 0 0 0 0 0 0 0 0 0 0 0 0 0 0 0 0 0 0 0 0 0 0 0 0 0 0 0 0 0 0 0 0 0 0 0 0 0 0 0 0 0 0 0 0</float_array>
          <technique_common>
            <accessor source="#gascap-mesh-map-5-array" count="2808" stride="2">
              <param name="S" type="float"/>
              <param name="T" type="float"/>
            </accessor>
          </technique_common>
        </source>
        <source id="gascap-mesh-map-6">
          <float_array id="gascap-mesh-map-6-array" count="5616">0 0 0 0 0 0 0 0 0 0 0 0 0 0 0 0 0 0 0 0 0 0 0 0 0 0 0 0 0 0 0 0 0 0 0 0 0 0 0 0 0 0 0 0 0 0 0 0 0 0 0 0 0 0 0 0 0 0 0 0 0 0 0 0 0 0 0 0 0 0 0 0 0 0 0 0 0 0 0 0 0 0 0 0 0 0 0 0 0 0 0 0 0 0 0 0 0 0 0 0 0 0 0 0 0 0 0 0 0 0 0 0 0 0 0 0 0 0 0 0 0 0 0 0 0 0 0 0 0 0 0 0 0 0 0 0 0 0 0 0 0 0 0 0 0 0 0 0 0 0 0 0 0 0 0 0 0 0 0 0 0 0 0 0 0 0 0 0 0 0 0 0 0 0 0 0 0 0 0 0 0 0 0 0 0 0 0 0 0 0 0 0 0 0 0 0 0 0 0 0 0 0 0 0 0 0 0 0 0 0 0 0 0 0 0 0 0 0 0 0 0 0 0 0 0 0 0 0 0 0 0 0 0 0 0 0 0 0 0 0 0 0 0 0 0 0 0 0 0 0 0 0 0 0 0 0 0 0 0 0 0 0 0 0 0 0 0 0 0 0 0 0 0 0 0 0 0 0 0 0 0 0 0 0 0 0 0 0 0 0 0 0 0 0 0 0 0 0 0 0 0 0 0 0 0 0 0 0 0 0 0 0 0 0 0 0 0 0 0 0 0 0 0 0 0 0 0 0 0 0 0 0 0 0 0 0 0 0 0 0 0 0 0 0 0 0 0 0 0 0 0 0 0 0 0 0 0 0 0 0 0 0 0 0 0 0 0 0 0 0 0 0 0 0 0 0 0 0 0 0 0 0 0 0 0 0 0 0 0 0 0 0 0 0 0 0 0 0 0 0 0 0 0 0 0 0 0 0 0 0 0 0 0 0 0 0 0 0 0 0 0 0 0 0 0 0 0 0 0 0 0 0 0 0 0 0 0 0 0 0 0 0 0 0 0 0 0 0 0 0 0 0 0 0 0 0 0 0 0 0 0 0 0 0 0 0 0 0 0 0 0 0 0 0 0 0 0 0 0 0 0 0 0 0 0 0 0 0 0 0 0 0 0 0 0 0 0 0 0 0 0 0 0 0 0 0 0 0 0 0 0 0 0 0 0 0 0 0 0 0 0 0 0 0 0 0 0 0 0 0 0 0 0 0 0 0 0 0 0 0 0 0 0 0 0 0 0 0 0 0 0 0 0 0 0 0 0 0 0 0 0 0 0 0 0 0 0 0 0 0 0 0 0 0 0 0 0 0 0 0 0 0 0 0 0 0 0 0 0 0 0 0 0 0 0 0 0 0 0 0 0 0 0 0 0 0 0 0 0 0 0 0 0 0 0 0 0 0 0 0 0 0 0 0 0 0 0 0 0 0 0 0 0 0 0 0 0 0 0 0 0 0 0 0 0 0 0 0 0 0 0 0 0 0 0 0 0 0 0 0 0 0 0 0 0 0 0 0 0 0 0 0 0 0 0 0 0 0 0 0 0 0 0 0 0 0 0 0 0 0 0 0 0 0 0 0 0 0 0 0 0 0 0 0 0 0 0 0 0 0 0 0 0 0 0 0 0 0 0 0 0 0 0 0 0 0 0 0 0 0 0 0 0 0 0 0 0 0 0 0 0 0 0 0 0 0 0 0 0 0 0 0 0 0 0 0 0 0 0 0 0 0 0 0 0 0 0 0 0 0 0 0 0 0 0 0 0 0 0 0 0 0 0 0 0 0 0 0 0 0 0 0 0 0 0 0 0 0 0 0 0 0 0 0 0 0 0 0 0 0 0 0 0 0 0 0 0 0 0 0 0 0 0 0 0 0 0 0 0 0 0 0 0 0 0 0 0 0 0 0 0 0 0 0 0 0 0 0 0 0 0 0 0 0 0 0 0 0 0 0 0 0 0 0 0 0 0 0 0 0 0 0 0 0 0 0 0 0 0 0 0 0 0 0 0 0 0 0 0 0 0 0 0 0 0 0 0 0 0 0 0 0 0 0 0 0 0 0 0 0 0 0 0 0 0 0 0 0 0 0 0 0 0 0 0 0 0 0 0 0 0 0 0 0 0 0 0 0 0 0 0 0 0 0 0 0 0 0 0 0 0 0 0 0 0 0 0 0 0 0 0 0 0 0 0 0 0 0 0 0 0 0 0 0 0 0 0 0 0 0 0 0 0 0 0 0 0 0 0 0 0 0 0 0 0 0 0 0 0 0 0 0 0 0 0 0 0 0 0 0 0 0 0 0 0 0 0 0 0 0 0 0 0 0 0 0 0 0 0 0 0 0 0 0 0 0 0 0 0 0 0 0 0 0 0 0 0 0 0 0 0 0 0 0 0 0 0 0 0 0 0 0 0 0 0 0 0 0 0 0 0 0 0 0 0 0 0 0 0 0 0 0 0 0 0 0 0 0 0 0 0 0 0 0 0 0 0 0 0 0 0 0 0 0 0 0 0 0 0 0 0 0 0 0 0 0 0 0 0 0 0 0 0 0 0 0 0 0 0 0 0 0 0 0 0 0 0 0 0 0 0 0 0 0 0 0 0 0 0 0 0 0 0 0 0 0 0 0 0 0 0 0 0 0 0 0 0 0 0 0 0 0 0 0 0 0 0 0 0 0 0 0 0 0 0 0 0 0 0 0 0 0 0 0 0 0 0 0 0 0 0 0 0 0 0 0 0 0 0 0 0 0 0 0 0 0 0 0 0 0 0 0 0 0 0 0 0 0 0 0 0 0 0 0 0 0 0 0 0 0 0 0 0 0 0 0 0 0 0 0 0 0 0 0 0 0 0 0 0 0 0 0 0 0 0 0 0 0 0 0 0 0 0 0 0 0 0 0 0 0 0 0 0 0 0 0 0 0 0 0 0 0 0 0 0 0 0 0 0 0 0 0 0 0 0 0 0 0 0 0 0 0 0 0 0 0 0 0 0 0 0 0 0 0 0 0 0 0 0 0 0 0 0 0 0 0 0 0 0 0 0 0 0 0 0 0 0 0 0 0 0 0 0 0 0 0 0 0 0 0 0 0 0 0 0 0 0 0 0 0 0 0 0 0 0 0 0 0 0 0 0 0 0 0 0 0 0 0 0 0 0 0 0 0 0 0 0 0 0 0 0 0 0 0 0 0 0 0 0 0 0 0 0 0 0 0 0 0 0 0 0 0 0 0 0 0 0 0 0 0 0 0 0 0 0 0 0 0 0 0 0 0 0 0 0 0 0 0 0 0 0 0 0 0 0 0 0 0 0 0 0 0 0 0 0 0 0 0 0 0 0 0 0 0 0 0 0 0 0 0 0 0 0 0 0 0 0 0 0 0 0 0 0 0 0 0 0 0 0 0 0 0 0 0 0 0 0 0 0 0 0 0 0 0 0 0 0 0 0 0 0 0 0 0 0 0 0 0 0 0 0 0 0 0 0 0 0 0 0 0 0 0 0 0 0 0 0 0 0 0 0 0 0 0 0 0 0 0 0 0 0 0 0 0 0 0 0 0 0 0 0 0 0 0 0 0 0 0 0 0 0 0 0 0 0 0 0 0 0 0 0 0 0 0 0 0 0 0 0 0 0 0 0 0 0 0 0 0 0 0 0 0 0 0 0 0 0 0 0 0 0 0 0 0 0 0 0 0 0 0 0 0 0 0 0 0 0 0 0 0 0 0 0 0 0 0 0 0 0 0 0 0 0 0 0 0 0 0 0 0 0 0 0 0 0 0 0 0 0 0 0 0 0 0 0 0 0 0 0 0 0 0 0 0 0 0 0 0 0 0 0 0 0 0 0 0 0 0 0 0 0 0 0 0 0 0 0 0 0 0 0 0 0 0 0 0 0 0 0 0 0 0 0 0 0 0 0 0 0 0 0 0 0 0 0 0 0 0 0 0 0 0 0 0 0 0 0 0 0 0 0 0 0 0 0 0 0 0 0 0 0 0 0 0 0 0 0 0 0 0 0 0 0 0 0 0 0 0 0 0 0 0 0 0 0 0 0 0 0 0 0 0 0 0 0 0 0 0 0 0 0 0 0 0 0 0 0 0 0 0 0 0 0 0 0 0 0 0 0 0 0 0 0 0 0 0 0 0 0 0 0 0 0 0 0 0 0 0 0 0 0 0 0 0 0 0 0 0 0 0 0 0 0 0 0 0 0 0 0 0 0 0 0 0 0 0 0 0 0 0 0 0 0 0 0 0 0 0 0 0 0 0 0 0 0 0 0 0 0 0 0 0 0 0 0 0 0 0 0 0 0 0 0 0 0 0 0 0 0 0 0 0 0 0 0 0 0 0 0 0 0 0 0 0 0 0 0 0 0 0 0 0 0 0 0 0 0 0 0 0 0 0 0 0 0 0 0 0 0 0 0 0 0 0 0 0 0 0 0 0 0 0 0 0 0 0 0 0 0 0 0 0 0 0 0 0 0 0 0 0 0 0 0 0 0 0 0 0 0 0 0 0 0 0 0 0 0 0 0 0 0 0 0 0 0 0 0 0 0 0 0 0 0 0 0 0 0 0 0 0 0 0 0 0 0 0 0 0 0 0 0 0 0 0 0 0 0 0 0 0 0 0 0 0 0 0 0 0 0 0 0 0 0 0 0 0 0 0 0 0 0 0 0 0 0 0 0 0 0 0 0 0 0 0 0 0 0 0 0 0 0 0 0 0 0 0 0 0 0 0 0 0 0 0 0 0 0 0 0 0 0 0 0 0 0 0 0 0 0 0 0 0 0 0 0 0 0 0 0 0 0 0 0 0 0 0 0 0 0 0 0 0 0 0 0 0 0 0 0 0 0 0 0 0 0 0 0 0 0 0 0 0 0 0 0 0 0 0 0 0 0 0 0 0 0 0 0 0 0 0 0 0 0 0 0 0 0 0 0 0 0 0 0 0 0 0 0 0 0 0 0 0 0 0 0 0 0 0 0 0 0 0 0 0 0 0 0 0 0 0 0 0 0 0 0 0 0 0 0 0 0 0 0 0 0 0 0 0 0 0 0 0 0 0 0 0 0 0 0 0 0 0 0 0 0 0 0 0 0 0 0 0 0 0 0 0 0 0 0 0 0 0 0 0 0 0 0 0 0 0 0 0 0 0 0 0 0 0 0 0 0 0 0 0 0 0 0 0 0 0 0 0 0 0 0 0 0 0 0 0 0 0 0 0 0 0 0 0 0 0 0 0 0 0 0 0 0 0 0 0 0 0 0 0 0 0 0 0 0 0 0 0 0 0 0 0 0 0 0 0 0 0 0 0 0 0 0 0 0 0 0 0 0 0 0 0 0 0 0 0 0 0 0 0 0 0 0 0 0 0 0 0 0 0 0 0 0 0 0 0 0 0 0 0 0 0 0 0 0 0 0 0 0 0 0 0 0 0 0 0 0 0 0 0 0 0 0 0 0 0 0 0 0 0 0 0 0 0 0 0 0 0 0 0 0 0 0 0 0 0 0 0 0 0 0 0 0 0 0 0 0 0 0 0 0 0 0 0 0 0 0 0 0 0 0 0 0 0 0 0 0 0 0 0 0 0 0 0 0 0 0 0 0 0 0 0 0 0 0 0 0 0 0 0 0 0 0 0 0 0 0 0 0 0 0 0 0 0 0 0 0 0 0 0 0 0 0 0 0 0 0 0 0 0 0 0 0 0 0 0 0 0 0 0 0 0 0 0 0 0 0 0 0 0 0 0 0 0 0 0 0 0 0 0 0 0 0 0 0 0 0 0 0 0 0 0 0 0 0 0 0 0 0 0 0 0 0 0 0 0 0 0 0 0 0 0 0 0 0 0 0 0 0 0 0 0 0 0 0 0 0 0 0 0 0 0 0 0 0 0 0 0 0 0 0 0 0 0 0 0 0 0 0 0 0 0 0 0 0 0 0 0 0 0 0 0 0 0 0 0 0 0 0 0 0 0 0 0 0 0 0 0 0 0 0 0 0 0 0 0 0 0 0 0 0 0 0 0 0 0 0 0 0 0 0 0 0 0 0 0 0 0 0 0 0 0 0 0 0 0 0 0 0 0 0 0 0 0 0 0 0 0 0 0 0 0 0 0 0 0 0 0 0 0 0 0 0 0 0 0 0 0 0 0 0 0 0 0 0 0 0 0 0 0 0 0 0 0 0 0 0 0 0 0 0 0 0 0 0 0 0 0 0 0 0 0 0 0 0 0 0 0 0 0 0 0 0 0 0 0 0 0 0 0 0 0 0 0 0 0 0 0 0 0 0 0 0 0 0 0 0 0 0 0 0 0 0 0 0 0 0 0 0 0 0 0 0 0 0 0 0 0 0 0 0 0 0 0 0 0 0 0 0 0 0 0 0 0 0 0 0 0 0 0 0 0 0 0 0 0 0 0 0 0 0 0 0 0 0 0 0 0 0 0 0 0 0 0 0 0 0 0 0 0 0 0 0 0 0 0 0 0 0 0 0 0 0 0 0 0 0 0 0 0 0 0 0 0 0 0 0 0 0 0 0 0 0 0 0 0 0 0 0 0 0 0 0 0 0 0 0 0 0 0 0 0 0 0 0 0 0 0 0 0 0 0 0 0 0 0 0 0 0 0 0 0 0 0 0 0 0 0 0 0 0 0 0 0 0 0 0 0 0 0 0 0 0 0 0 0 0 0 0 0 0 0 0 0 0 0 0 0 0 0 0 0 0 0 0 0 0 0 0 0 0 0 0 0 0 0 0 0 0 0 0 0 0 0 0 0 0 0 0 0 0 0 0 0 0 0 0 0 0 0 0 0 0 0 0 0 0 0 0 0 0 0 0 0 0 0 0 0 0 0 0 0 0 0 0 0 0 0 0 0 0 0 0 0 0 0 0 0 0 0 0 0 0 0 0 0 0 0 0 0 0 0 0 0 0 0 0 0 0 0 0 0 0 0 0 0 0 0 0 0 0 0 0 0 0 0 0 0 0 0 0 0 0 0 0 0 0 0 0 0 0 0 0 0 0 0 0 0 0 0 0 0 0 0 0 0 0 0 0 0 0 0 0 0 0 0 0 0 0 0 0 0 0 0 0 0 0 0 0 0 0 0 0 0 0 0 0 0 0 0 0 0 0 0 0 0 0 0 0 0 0 0 0 0 0 0 0 0 0 0 0 0 0 0 0 0 0 0 0 0 0 0 0 0 0 0 0 0 0 0 0 0 0 0 0 0 0 0 0 0 0 0 0 0 0 0 0 0 0 0 0 0 0 0 0 0 0 0 0 0 0 0 0 0 0 0 0 0 0 0 0 0 0 0 0 0 0 0 0 0 0 0 0 0 0 0 0 0 0 0 0 0 0 0 0 0 0 0 0 0 0 0 0 0 0 0 0 0 0 0 0 0 0 0 0 0 0 0 0 0 0 0 0 0 0 0 0 0 0 0 0 0 0 0 0 0 0 0 0 0 0 0 0 0 0 0 0 0 0 0 0 0 0 0 0 0 0 0 0 0 0 0 0 0 0 0 0 0 0 0 0 0 0 0 0 0 0 0 0 0 0 0 0 0 0 0 0 0 0 0 0 0 0 0 0 0 0 0 0 0 0 0 0 0 0 0 0 0 0 0 0 0 0 0 0 0 0 0 0 0 0 0 0 0 0 0 0 0 0 0 0 0 0 0 0 0 0 0 0 0 0 0 0 0 0 0 0 0 0 0 0 0 0 0 0 0 0 0 0 0 0 0 0 0 0 0 0 0 0 0 0 0 0 0 0 0 0 0 0 0 0 0 0 0 0 0 0 0 0 0 0 0 0 0 0 0 0 0 0 0 0 0 0 0 0 0 0 0 0 0 0 0 0 0 0 0 0 0 0 0 0 0 0 0 0 0 0 0 0 0 0 0 0 0 0 0 0 0 0 0 0 0 0 0 0 0 0 0 0 0 0 0 0 0 0 0 0 0 0 0 0 0 0 0 0 0 0 0 0 0 0 0 0 0 0 0 0 0 0 0 0 0 0 0 0 0 0 0 0 0 0 0 0 0 0 0 0 0 0 0 0 0 0 0 0 0 0 0 0 0 0 0 0 0 0 0 0 0 0 0 0 0 0 0 0 0 0 0 0 0 0 0 0 0 0 0 0 0 0 0 0 0 0 0 0 0 0 0 0 0 0 0 0 0 0 0 0 0 0 0 0 0 0 0 0 0 0 0 0 0 0 0 0 0 0 0 0 0 0 0 0 0 0 0 0 0 0 0 0 0 0 0 0 0 0 0 0 0 0 0 0 0 0 0 0 0 0 0 0 0 0 0 0 0 0 0 0 0 0 0 0 0 0 0 0 0 0 0 0 0 0 0 0 0 0 0 0 0 0 0 0 0 0 0 0 0 0 0 0 0 0 0 0 0 0 0 0 0 0 0 0 0 0 0 0 0 0 0 0 0 0 0 0 0 0 0 0 0 0 0 0 0 0 0 0 0 0 0 0 0 0 0 0 0 0 0 0 0 0 0 0 0 0 0 0 0 0 0 0 0 0 0 0 0 0 0 0 0 0 0 0 0 0 0 0 0 0 0 0 0 0 0 0 0 0 0 0 0 0 0 0 0 0 0 0 0 0 0 0 0 0 0 0 0 0 0 0 0 0 0 0 0 0 0 0 0 0 0 0 0 0 0 0 0 0 0 0 0 0 0 0 0 0 0 0 0 0 0 0 0 0 0 0 0 0 0 0 0 0 0 0 0 0 0 0 0 0 0 0 0 0 0 0 0 0 0 0 0 0 0 0 0 0 0 0 0 0 0 0 0 0 0 0 0 0 0 0 0 0 0 0 0 0 0 0 0 0 0 0 0 0 0 0 0 0 0 0 0 0 0 0 0 0 0 0 0 0 0 0 0 0 0 0 0 0 0 0 0 0 0 0 0 0 0 0 0 0 0 0 0 0 0 0 0 0 0 0 0 0 0 0 0 0 0 0 0 0 0 0 0 0 0 0 0 0 0 0 0 0 0 0 0 0 0 0 0 0 0 0 0 0 0 0 0 0 0 0 0 0 0 0 0 0 0 0 0 0 0 0 0 0 0 0 0 0 0 0 0 0 0 0 0 0 0 0 0 0 0 0 0 0 0 0 0 0 0 0 0 0 0 0 0 0 0 0 0 0 0 0 0 0 0 0 0 0 0 0 0 0 0 0 0 0 0 0 0 0 0 0 0 0 0 0 0 0 0 0 0 0 0 0 0 0 0 0 0 0 0 0 0 0 0 0 0 0 0 0 0 0 0 0 0 0 0 0 0 0 0 0 0 0 0 0 0 0 0 0 0 0 0 0 0 0 0 0 0 0 0 0 0 0 0 0 0 0 0 0 0 0 0 0 0 0 0 0 0 0 0 0 0 0 0 0 0 0 0 0 0 0 0 0 0 0 0 0 0 0 0 0 0 0 0 0 0 0 0 0 0 0 0 0 0 0 0 0 0 0 0 0 0 0 0 0 0 0 0 0 0 0 0 0 0 0 0 0 0 0 0 0 0 0 0 0 0 0 0 0 0 0 0 0 0 0 0 0 0 0 0 0 0 0 0 0 0 0 0 0 0 0 0 0 0 0 0 0 0 0 0 0 0 0 0 0 0 0 0 0 0 0 0 0 0 0 0 0 0 0 0 0 0 0 0 0 0 0 0 0 0 0 0 0 0 0 0 0 0 0 0 0 0 0 0 0 0 0 0 0 0 0 0 0 0 0 0 0 0 0 0 0 0 0 0 0 0 0 0 0 0 0 0 0 0 0 0 0 0 0 0 0 0 0 0 0 0 0 0 0 0 0 0 0 0 0 0 0 0 0 0 0 0 0 0 0 0 0 0 0 0 0 0 0 0 0 0 0 0 0 0 0 0 0 0 0 0 0 0 0 0 0 0 0 0 0 0 0 0 0 0 0 0 0 0 0 0 0 0 0 0 0 0 0 0 0 0 0 0 0 0 0 0 0 0 0 0 0 0 0 0 0 0 0 0 0 0 0 0 0 0 0 0 0 0 0 0 0 0 0 0 0 0 0 0 0 0 0 0 0 0 0 0 0 0 0 0 0 0 0 0 0 0 0 0 0 0 0 0 0 0 0 0 0 0 0 0 0 0 0 0 0 0 0 0 0 0 0 0 0 0 0 0 0 0 0 0 0 0 0 0 0 0 0 0 0 0 0 0 0 0 0 0 0 0 0 0 0 0 0 0 0 0 0 0 0 0 0 0 0 0 0 0 0 0 0 0 0 0 0 0 0 0 0 0 0 0 0 0 0 0 0 0 0 0 0 0 0 0 0 0 0 0 0 0 0 0 0 0 0 0 0 0 0 0 0 0 0 0 0 0 0 0 0 0 0 0 0 0 0 0 0 0 0 0 0 0 0 0 0 0 0 0 0 0 0 0 0 0 0 0 0 0 0 0 0 0 0 0 0 0 0 0 0 0 0 0 0 0 0 0 0 0 0 0 0 0 0 0 0 0 0 0 0 0 0 0 0 0 0 0 0 0 0 0 0 0 0 0 0 0 0 0 0 0 0 0 0 0 0 0 0 0 0 0 0 0 0 0 0 0 0 0 0 0 0 0 0 0 0 0 0 0 0 0 0 0 0 0 0 0 0 0 0 0 0 0 0 0 0 0 0 0 0 0 0 0 0 0 0 0 0 0 0 0 0 0 0 0 0 0 0 0 0 0 0 0 0 0 0 0 0 0 0 0 0 0 0 0 0 0 0 0 0 0 0 0 0 0 0 0 0 0 0 0 0 0 0 0 0 0 0 0 0 0 0 0 0 0 0 0 0 0 0 0 0 0 0 0 0 0 0 0 0 0 0 0 0 0 0 0 0 0 0 0 0 0 0 0 0 0 0 0 0 0 0 0 0 0 0 0 0 0 0 0 0 0 0 0 0 0 0 0 0 0 0 0 0 0 0 0 0 0 0 0 0 0 0 0 0 0 0 0 0 0 0 0 0 0 0 0 0 0 0 0 0 0 0 0 0 0 0 0 0 0 0 0 0 0 0 0 0 0 0 0 0 0 0 0 0 0 0 0 0 0 0 0 0 0 0 0 0 0 0 0 0 0 0 0 0 0 0 0 0 0 0 0 0 0 0 0 0 0 0 0 0 0 0 0 0 0 0 0 0 0 0 0 0 0 0 0 0 0 0 0 0 0 0 0 0 0 0 0 0 0 0 0 0 0 0 0 0 0 0 0 0 0 0 0 0 0 0 0 0 0 0 0 0 0 0 0 0 0 0 0 0 0 0 0 0 0 0 0 0 0 0 0 0 0 0 0 0 0 0 0 0 0 0 0 0 0 0 0 0 0 0 0 0 0 0 0 0 0 0 0 0 0 0 0 0 0 0 0 0 0 0 0 0 0 0 0 0 0 0 0 0 0 0 0 0 0 0 0 0 0 0 0 0 0 0 0 0 0 0 0 0 0 0 0 0 0 0 0 0 0 0 0 0 0 0 0 0 0 0 0 0 0 0 0 0 0 0 0 0 0 0 0 0 0 0 0 0 0 0 0 0 0 0 0 0 0 0 0 0 0 0 0 0 0 0 0 0 0 0 0 0 0 0 0 0 0 0 0 0 0 0 0 0 0 0 0 0 0 0 0 0 0 0 0 0 0 0 0 0 0 0 0 0 0 0 0 0 0 0 0 0 0 0 0 0 0 0 0 0 0 0 0 0 0 0 0 0 0 0 0 0 0 0 0 0 0 0 0 0 0 0 0 0 0 0 0 0 0 0 0 0 0 0 0 0 0 0 0 0 0 0 0 0 0 0 0 0 0 0 0 0 0 0 0 0 0 0 0 0 0 0 0 0 0 0 0 0 0 0 0 0 0 0 0 0 0 0 0 0 0 0 0 0 0 0 0 0 0 0 0 0 0 0 0 0 0 0 0 0 0 0 0 0 0 0 0 0 0 0 0 0 0 0 0 0 0 0 0 0 0 0 0 0 0 0 0 0 0 0 0 0 0 0 0 0 0 0 0 0 0 0 0 0 0 0 0 0 0 0 0 0 0 0 0 0 0 0 0 0 0 0 0 0 0 0 0 0 0 0 0 0 0 0 0 0 0 0 0 0 0 0 0 0 0 0 0 0 0 0 0 0 0 0 0 0 0 0 0 0 0 0 0 0 0 0 0 0 0 0 0 0 0 0 0 0 0 0 0 0 0 0 0 0 0 0 0 0 0 0 0 0 0 0 0 0 0 0 0 0 0 0 0 0 0 0 0 0 0 0 0 0 0 0 0 0 0 0 0 0 0 0 0 0 0 0 0 0 0 0 0 0 0 0 0 0 0 0 0 0 0 0 0 0 0 0 0 0 0 0 0 0 0 0 0 0 0 0 0 0 0 0 0 0 0 0 0 0 0 0 0 0 0 0 0 0 0 0 0 0 0 0 0 0 0 0 0 0 0 0 0 0 0 0 0 0 0 0 0 0 0 0 0 0 0 0 0 0 0 0 0 0 0 0 0 0 0 0 0 0 0 0 0 0 0 0 0 0 0 0 0 0 0 0 0 0 0 0 0 0 0 0 0 0 0 0 0 0 0 0 0 0 0 0 0 0 0 0 0 0 0 0 0 0 0 0 0 0 0 0 0 0 0 0 0 0 0 0 0 0 0 0 0 0 0 0 0 0 0 0 0 0 0 0 0 0 0 0 0 0 0 0 0 0 0 0 0 0 0 0 0</float_array>
          <technique_common>
            <accessor source="#gascap-mesh-map-6-array" count="2808" stride="2">
              <param name="S" type="float"/>
              <param name="T" type="float"/>
            </accessor>
          </technique_common>
        </source>
        <source id="gascap-mesh-map-7">
          <float_array id="gascap-mesh-map-7-array" count="5616">0 0 0 0 0 0 0 0 0 0 0 0 0 0 0 0 0 0 0 0 0 0 0 0 0 0 0 0 0 0 0 0 0 0 0 0 0 0 0 0 0 0 0 0 0 0 0 0 0 0 0 0 0 0 0 0 0 0 0 0 0 0 0 0 0 0 0 0 0 0 0 0 0 0 0 0 0 0 0 0 0 0 0 0 0 0 0 0 0 0 0 0 0 0 0 0 0 0 0 0 0 0 0 0 0 0 0 0 0 0 0 0 0 0 0 0 0 0 0 0 0 0 0 0 0 0 0 0 0 0 0 0 0 0 0 0 0 0 0 0 0 0 0 0 0 0 0 0 0 0 0 0 0 0 0 0 0 0 0 0 0 0 0 0 0 0 0 0 0 0 0 0 0 0 0 0 0 0 0 0 0 0 0 0 0 0 0 0 0 0 0 0 0 0 0 0 0 0 0 0 0 0 0 0 0 0 0 0 0 0 0 0 0 0 0 0 0 0 0 0 0 0 0 0 0 0 0 0 0 0 0 0 0 0 0 0 0 0 0 0 0 0 0 0 0 0 0 0 0 0 0 0 0 0 0 0 0 0 0 0 0 0 0 0 0 0 0 0 0 0 0 0 0 0 0 0 0 0 0 0 0 0 0 0 0 0 0 0 0 0 0 0 0 0 0 0 0 0 0 0 0 0 0 0 0 0 0 0 0 0 0 0 0 0 0 0 0 0 0 0 0 0 0 0 0 0 0 0 0 0 0 0 0 0 0 0 0 0 0 0 0 0 0 0 0 0 0 0 0 0 0 0 0 0 0 0 0 0 0 0 0 0 0 0 0 0 0 0 0 0 0 0 0 0 0 0 0 0 0 0 0 0 0 0 0 0 0 0 0 0 0 0 0 0 0 0 0 0 0 0 0 0 0 0 0 0 0 0 0 0 0 0 0 0 0 0 0 0 0 0 0 0 0 0 0 0 0 0 0 0 0 0 0 0 0 0 0 0 0 0 0 0 0 0 0 0 0 0 0 0 0 0 0 0 0 0 0 0 0 0 0 0 0 0 0 0 0 0 0 0 0 0 0 0 0 0 0 0 0 0 0 0 0 0 0 0 0 0 0 0 0 0 0 0 0 0 0 0 0 0 0 0 0 0 0 0 0 0 0 0 0 0 0 0 0 0 0 0 0 0 0 0 0 0 0 0 0 0 0 0 0 0 0 0 0 0 0 0 0 0 0 0 0 0 0 0 0 0 0 0 0 0 0 0 0 0 0 0 0 0 0 0 0 0 0 0 0 0 0 0 0 0 0 0 0 0 0 0 0 0 0 0 0 0 0 0 0 0 0 0 0 0 0 0 0 0 0 0 0 0 0 0 0 0 0 0 0 0 0 0 0 0 0 0 0 0 0 0 0 0 0 0 0 0 0 0 0 0 0 0 0 0 0 0 0 0 0 0 0 0 0 0 0 0 0 0 0 0 0 0 0 0 0 0 0 0 0 0 0 0 0 0 0 0 0 0 0 0 0 0 0 0 0 0 0 0 0 0 0 0 0 0 0 0 0 0 0 0 0 0 0 0 0 0 0 0 0 0 0 0 0 0 0 0 0 0 0 0 0 0 0 0 0 0 0 0 0 0 0 0 0 0 0 0 0 0 0 0 0 0 0 0 0 0 0 0 0 0 0 0 0 0 0 0 0 0 0 0 0 0 0 0 0 0 0 0 0 0 0 0 0 0 0 0 0 0 0 0 0 0 0 0 0 0 0 0 0 0 0 0 0 0 0 0 0 0 0 0 0 0 0 0 0 0 0 0 0 0 0 0 0 0 0 0 0 0 0 0 0 0 0 0 0 0 0 0 0 0 0 0 0 0 0 0 0 0 0 0 0 0 0 0 0 0 0 0 0 0 0 0 0 0 0 0 0 0 0 0 0 0 0 0 0 0 0 0 0 0 0 0 0 0 0 0 0 0 0 0 0 0 0 0 0 0 0 0 0 0 0 0 0 0 0 0 0 0 0 0 0 0 0 0 0 0 0 0 0 0 0 0 0 0 0 0 0 0 0 0 0 0 0 0 0 0 0 0 0 0 0 0 0 0 0 0 0 0 0 0 0 0 0 0 0 0 0 0 0 0 0 0 0 0 0 0 0 0 0 0 0 0 0 0 0 0 0 0 0 0 0 0 0 0 0 0 0 0 0 0 0 0 0 0 0 0 0 0 0 0 0 0 0 0 0 0 0 0 0 0 0 0 0 0 0 0 0 0 0 0 0 0 0 0 0 0 0 0 0 0 0 0 0 0 0 0 0 0 0 0 0 0 0 0 0 0 0 0 0 0 0 0 0 0 0 0 0 0 0 0 0 0 0 0 0 0 0 0 0 0 0 0 0 0 0 0 0 0 0 0 0 0 0 0 0 0 0 0 0 0 0 0 0 0 0 0 0 0 0 0 0 0 0 0 0 0 0 0 0 0 0 0 0 0 0 0 0 0 0 0 0 0 0 0 0 0 0 0 0 0 0 0 0 0 0 0 0 0 0 0 0 0 0 0 0 0 0 0 0 0 0 0 0 0 0 0 0 0 0 0 0 0 0 0 0 0 0 0 0 0 0 0 0 0 0 0 0 0 0 0 0 0 0 0 0 0 0 0 0 0 0 0 0 0 0 0 0 0 0 0 0 0 0 0 0 0 0 0 0 0 0 0 0 0 0 0 0 0 0 0 0 0 0 0 0 0 0 0 0 0 0 0 0 0 0 0 0 0 0 0 0 0 0 0 0 0 0 0 0 0 0 0 0 0 0 0 0 0 0 0 0 0 0 0 0 0 0 0 0 0 0 0 0 0 0 0 0 0 0 0 0 0 0 0 0 0 0 0 0 0 0 0 0 0 0 0 0 0 0 0 0 0 0 0 0 0 0 0 0 0 0 0 0 0 0 0 0 0 0 0 0 0 0 0 0 0 0 0 0 0 0 0 0 0 0 0 0 0 0 0 0 0 0 0 0 0 0 0 0 0 0 0 0 0 0 0 0 0 0 0 0 0 0 0 0 0 0 0 0 0 0 0 0 0 0 0 0 0 0 0 0 0 0 0 0 0 0 0 0 0 0 0 0 0 0 0 0 0 0 0 0 0 0 0 0 0 0 0 0 0 0 0 0 0 0 0 0 0 0 0 0 0 0 0 0 0 0 0 0 0 0 0 0 0 0 0 0 0 0 0 0 0 0 0 0 0 0 0 0 0 0 0 0 0 0 0 0 0 0 0 0 0 0 0 0 0 0 0 0 0 0 0 0 0 0 0 0 0 0 0 0 0 0 0 0 0 0 0 0 0 0 0 0 0 0 0 0 0 0 0 0 0 0 0 0 0 0 0 0 0 0 0 0 0 0 0 0 0 0 0 0 0 0 0 0 0 0 0 0 0 0 0 0 0 0 0 0 0 0 0 0 0 0 0 0 0 0 0 0 0 0 0 0 0 0 0 0 0 0 0 0 0 0 0 0 0 0 0 0 0 0 0 0 0 0 0 0 0 0 0 0 0 0 0 0 0 0 0 0 0 0 0 0 0 0 0 0 0 0 0 0 0 0 0 0 0 0 0 0 0 0 0 0 0 0 0 0 0 0 0 0 0 0 0 0 0 0 0 0 0 0 0 0 0 0 0 0 0 0 0 0 0 0 0 0 0 0 0 0 0 0 0 0 0 0 0 0 0 0 0 0 0 0 0 0 0 0 0 0 0 0 0 0 0 0 0 0 0 0 0 0 0 0 0 0 0 0 0 0 0 0 0 0 0 0 0 0 0 0 0 0 0 0 0 0 0 0 0 0 0 0 0 0 0 0 0 0 0 0 0 0 0 0 0 0 0 0 0 0 0 0 0 0 0 0 0 0 0 0 0 0 0 0 0 0 0 0 0 0 0 0 0 0 0 0 0 0 0 0 0 0 0 0 0 0 0 0 0 0 0 0 0 0 0 0 0 0 0 0 0 0 0 0 0 0 0 0 0 0 0 0 0 0 0 0 0 0 0 0 0 0 0 0 0 0 0 0 0 0 0 0 0 0 0 0 0 0 0 0 0 0 0 0 0 0 0 0 0 0 0 0 0 0 0 0 0 0 0 0 0 0 0 0 0 0 0 0 0 0 0 0 0 0 0 0 0 0 0 0 0 0 0 0 0 0 0 0 0 0 0 0 0 0 0 0 0 0 0 0 0 0 0 0 0 0 0 0 0 0 0 0 0 0 0 0 0 0 0 0 0 0 0 0 0 0 0 0 0 0 0 0 0 0 0 0 0 0 0 0 0 0 0 0 0 0 0 0 0 0 0 0 0 0 0 0 0 0 0 0 0 0 0 0 0 0 0 0 0 0 0 0 0 0 0 0 0 0 0 0 0 0 0 0 0 0 0 0 0 0 0 0 0 0 0 0 0 0 0 0 0 0 0 0 0 0 0 0 0 0 0 0 0 0 0 0 0 0 0 0 0 0 0 0 0 0 0 0 0 0 0 0 0 0 0 0 0 0 0 0 0 0 0 0 0 0 0 0 0 0 0 0 0 0 0 0 0 0 0 0 0 0 0 0 0 0 0 0 0 0 0 0 0 0 0 0 0 0 0 0 0 0 0 0 0 0 0 0 0 0 0 0 0 0 0 0 0 0 0 0 0 0 0 0 0 0 0 0 0 0 0 0 0 0 0 0 0 0 0 0 0 0 0 0 0 0 0 0 0 0 0 0 0 0 0 0 0 0 0 0 0 0 0 0 0 0 0 0 0 0 0 0 0 0 0 0 0 0 0 0 0 0 0 0 0 0 0 0 0 0 0 0 0 0 0 0 0 0 0 0 0 0 0 0 0 0 0 0 0 0 0 0 0 0 0 0 0 0 0 0 0 0 0 0 0 0 0 0 0 0 0 0 0 0 0 0 0 0 0 0 0 0 0 0 0 0 0 0 0 0 0 0 0 0 0 0 0 0 0 0 0 0 0 0 0 0 0 0 0 0 0 0 0 0 0 0 0 0 0 0 0 0 0 0 0 0 0 0 0 0 0 0 0 0 0 0 0 0 0 0 0 0 0 0 0 0 0 0 0 0 0 0 0 0 0 0 0 0 0 0 0 0 0 0 0 0 0 0 0 0 0 0 0 0 0 0 0 0 0 0 0 0 0 0 0 0 0 0 0 0 0 0 0 0 0 0 0 0 0 0 0 0 0 0 0 0 0 0 0 0 0 0 0 0 0 0 0 0 0 0 0 0 0 0 0 0 0 0 0 0 0 0 0 0 0 0 0 0 0 0 0 0 0 0 0 0 0 0 0 0 0 0 0 0 0 0 0 0 0 0 0 0 0 0 0 0 0 0 0 0 0 0 0 0 0 0 0 0 0 0 0 0 0 0 0 0 0 0 0 0 0 0 0 0 0 0 0 0 0 0 0 0 0 0 0 0 0 0 0 0 0 0 0 0 0 0 0 0 0 0 0 0 0 0 0 0 0 0 0 0 0 0 0 0 0 0 0 0 0 0 0 0 0 0 0 0 0 0 0 0 0 0 0 0 0 0 0 0 0 0 0 0 0 0 0 0 0 0 0 0 0 0 0 0 0 0 0 0 0 0 0 0 0 0 0 0 0 0 0 0 0 0 0 0 0 0 0 0 0 0 0 0 0 0 0 0 0 0 0 0 0 0 0 0 0 0 0 0 0 0 0 0 0 0 0 0 0 0 0 0 0 0 0 0 0 0 0 0 0 0 0 0 0 0 0 0 0 0 0 0 0 0 0 0 0 0 0 0 0 0 0 0 0 0 0 0 0 0 0 0 0 0 0 0 0 0 0 0 0 0 0 0 0 0 0 0 0 0 0 0 0 0 0 0 0 0 0 0 0 0 0 0 0 0 0 0 0 0 0 0 0 0 0 0 0 0 0 0 0 0 0 0 0 0 0 0 0 0 0 0 0 0 0 0 0 0 0 0 0 0 0 0 0 0 0 0 0 0 0 0 0 0 0 0 0 0 0 0 0 0 0 0 0 0 0 0 0 0 0 0 0 0 0 0 0 0 0 0 0 0 0 0 0 0 0 0 0 0 0 0 0 0 0 0 0 0 0 0 0 0 0 0 0 0 0 0 0 0 0 0 0 0 0 0 0 0 0 0 0 0 0 0 0 0 0 0 0 0 0 0 0 0 0 0 0 0 0 0 0 0 0 0 0 0 0 0 0 0 0 0 0 0 0 0 0 0 0 0 0 0 0 0 0 0 0 0 0 0 0 0 0 0 0 0 0 0 0 0 0 0 0 0 0 0 0 0 0 0 0 0 0 0 0 0 0 0 0 0 0 0 0 0 0 0 0 0 0 0 0 0 0 0 0 0 0 0 0 0 0 0 0 0 0 0 0 0 0 0 0 0 0 0 0 0 0 0 0 0 0 0 0 0 0 0 0 0 0 0 0 0 0 0 0 0 0 0 0 0 0 0 0 0 0 0 0 0 0 0 0 0 0 0 0 0 0 0 0 0 0 0 0 0 0 0 0 0 0 0 0 0 0 0 0 0 0 0 0 0 0 0 0 0 0 0 0 0 0 0 0 0 0 0 0 0 0 0 0 0 0 0 0 0 0 0 0 0 0 0 0 0 0 0 0 0 0 0 0 0 0 0 0 0 0 0 0 0 0 0 0 0 0 0 0 0 0 0 0 0 0 0 0 0 0 0 0 0 0 0 0 0 0 0 0 0 0 0 0 0 0 0 0 0 0 0 0 0 0 0 0 0 0 0 0 0 0 0 0 0 0 0 0 0 0 0 0 0 0 0 0 0 0 0 0 0 0 0 0 0 0 0 0 0 0 0 0 0 0 0 0 0 0 0 0 0 0 0 0 0 0 0 0 0 0 0 0 0 0 0 0 0 0 0 0 0 0 0 0 0 0 0 0 0 0 0 0 0 0 0 0 0 0 0 0 0 0 0 0 0 0 0 0 0 0 0 0 0 0 0 0 0 0 0 0 0 0 0 0 0 0 0 0 0 0 0 0 0 0 0 0 0 0 0 0 0 0 0 0 0 0 0 0 0 0 0 0 0 0 0 0 0 0 0 0 0 0 0 0 0 0 0 0 0 0 0 0 0 0 0 0 0 0 0 0 0 0 0 0 0 0 0 0 0 0 0 0 0 0 0 0 0 0 0 0 0 0 0 0 0 0 0 0 0 0 0 0 0 0 0 0 0 0 0 0 0 0 0 0 0 0 0 0 0 0 0 0 0 0 0 0 0 0 0 0 0 0 0 0 0 0 0 0 0 0 0 0 0 0 0 0 0 0 0 0 0 0 0 0 0 0 0 0 0 0 0 0 0 0 0 0 0 0 0 0 0 0 0 0 0 0 0 0 0 0 0 0 0 0 0 0 0 0 0 0 0 0 0 0 0 0 0 0 0 0 0 0 0 0 0 0 0 0 0 0 0 0 0 0 0 0 0 0 0 0 0 0 0 0 0 0 0 0 0 0 0 0 0 0 0 0 0 0 0 0 0 0 0 0 0 0 0 0 0 0 0 0 0 0 0 0 0 0 0 0 0 0 0 0 0 0 0 0 0 0 0 0 0 0 0 0 0 0 0 0 0 0 0 0 0 0 0 0 0 0 0 0 0 0 0 0 0 0 0 0 0 0 0 0 0 0 0 0 0 0 0 0 0 0 0 0 0 0 0 0 0 0 0 0 0 0 0 0 0 0 0 0 0 0 0 0 0 0 0 0 0 0 0 0 0 0 0 0 0 0 0 0 0 0 0 0 0 0 0 0 0 0 0 0 0 0 0 0 0 0 0 0 0 0 0 0 0 0 0 0 0 0 0 0 0 0 0 0 0 0 0 0 0 0 0 0 0 0 0 0 0 0 0 0 0 0 0 0 0 0 0 0 0 0 0 0 0 0 0 0 0 0 0 0 0 0 0 0 0 0 0 0 0 0 0 0 0 0 0 0 0 0 0 0 0 0 0 0 0 0 0 0 0 0 0 0 0 0 0 0 0 0 0 0 0 0 0 0 0 0 0 0 0 0 0 0 0 0 0 0 0 0 0 0 0 0 0 0 0 0 0 0 0 0 0 0 0 0 0 0 0 0 0 0 0 0 0 0 0 0 0 0 0 0 0 0 0 0 0 0 0 0 0 0 0 0 0 0 0 0 0 0 0 0 0 0 0 0 0 0 0 0 0 0 0 0 0 0 0 0 0 0 0 0 0 0 0 0 0 0 0 0 0 0 0 0 0 0 0 0 0 0 0 0 0 0 0 0 0 0 0 0 0 0 0 0 0 0 0 0 0 0 0 0 0 0 0 0 0 0 0 0 0 0 0 0 0 0 0 0 0 0 0 0 0 0 0 0 0 0 0 0 0 0 0 0 0 0 0 0 0 0 0 0 0 0 0 0 0 0 0 0 0 0 0 0 0 0 0 0 0 0 0 0 0 0 0 0 0 0 0 0 0 0 0 0 0 0 0 0 0 0 0 0 0 0 0 0 0 0 0 0 0 0 0 0 0 0 0 0 0 0 0 0 0 0 0 0 0 0 0 0 0 0 0 0 0 0 0 0 0 0 0 0 0 0 0 0 0 0 0 0 0 0 0 0 0 0 0 0 0 0 0 0 0 0 0 0 0 0 0 0 0 0 0 0 0 0 0 0 0 0 0 0 0 0 0 0 0 0 0 0 0 0 0 0 0 0 0 0 0 0 0 0 0 0 0 0 0 0 0 0 0 0 0 0 0 0 0 0 0 0 0 0 0 0 0 0 0 0 0 0 0 0 0 0 0 0 0 0 0 0 0 0 0 0 0 0 0 0 0 0 0 0 0 0 0 0 0 0 0 0 0 0 0 0 0 0 0 0 0 0 0 0 0 0 0 0 0 0 0 0 0 0 0 0 0 0 0 0 0 0 0 0 0 0 0 0 0 0 0 0 0 0 0 0 0 0 0 0 0 0 0 0 0 0 0 0 0 0 0 0 0 0 0 0 0 0 0 0 0 0 0 0 0 0 0 0 0 0 0 0 0 0 0 0 0 0 0 0 0 0 0 0 0 0 0 0 0 0 0 0 0 0 0 0 0 0 0 0 0 0 0 0 0 0 0 0 0 0 0 0 0 0 0 0 0 0 0 0 0 0 0 0 0 0 0 0 0 0 0 0 0 0 0 0 0 0 0 0 0 0 0 0 0 0 0 0 0 0 0 0 0 0 0 0 0 0 0 0 0 0 0 0 0 0 0 0 0 0 0 0 0 0 0 0 0 0 0 0 0 0 0 0 0 0 0 0 0 0 0 0 0 0 0 0 0 0 0 0 0 0 0 0 0 0 0 0 0 0 0 0 0 0 0 0 0 0 0 0 0 0 0 0 0 0 0 0 0 0 0 0 0 0 0 0 0 0 0 0 0 0 0 0 0 0 0 0 0 0 0 0 0 0 0 0 0 0 0 0 0 0 0 0 0 0 0 0 0 0 0 0 0 0 0 0 0 0 0 0 0 0 0 0 0 0 0 0 0 0 0 0 0 0 0 0 0 0 0 0 0 0 0 0 0 0 0 0 0 0 0 0 0 0 0 0 0 0 0 0 0 0 0 0 0 0 0 0 0 0 0 0 0 0 0 0 0 0 0 0 0 0 0 0 0 0 0 0 0 0 0 0 0 0 0 0 0 0 0 0 0 0 0 0 0 0 0 0 0 0 0 0 0 0 0 0 0 0 0 0 0 0 0 0 0 0 0 0 0 0 0 0 0 0 0 0 0 0 0 0 0 0 0 0 0 0 0 0 0 0 0 0 0 0 0 0 0 0 0 0 0 0 0 0 0 0 0 0 0 0 0 0 0 0 0 0 0 0 0 0 0 0 0 0 0 0 0 0 0 0 0 0 0 0 0 0 0 0 0 0 0 0 0 0 0 0 0 0 0 0 0 0 0 0 0 0 0 0 0 0 0 0 0 0 0 0 0 0 0 0 0 0 0 0 0 0 0 0 0 0 0 0 0 0 0 0 0 0 0 0 0 0 0 0 0 0 0 0 0 0 0 0 0 0 0 0 0 0 0 0 0 0 0 0 0 0 0 0 0 0 0 0 0 0 0 0 0 0 0 0 0 0 0 0 0 0 0 0 0 0 0 0 0 0 0 0 0 0 0 0 0 0 0 0 0 0 0 0 0 0 0 0 0 0 0 0 0 0 0 0 0 0 0 0 0 0 0 0 0 0 0 0 0 0 0 0 0 0 0 0 0 0 0 0 0 0 0 0 0 0 0 0 0 0 0 0 0 0 0 0 0 0 0 0 0 0 0 0 0 0 0 0 0 0 0 0 0 0 0 0 0 0 0 0 0 0 0 0 0 0 0 0 0 0 0 0 0 0 0 0 0 0 0 0 0 0 0 0 0 0 0 0 0 0 0 0 0 0 0 0 0 0 0 0 0 0 0 0 0 0 0 0 0 0 0 0 0 0 0 0 0 0 0 0 0 0 0 0 0 0 0 0 0 0 0 0 0 0 0 0 0 0 0 0 0 0 0 0 0 0 0 0 0 0 0 0 0 0 0 0 0 0 0 0 0 0 0 0 0 0 0 0 0 0 0 0 0 0 0 0 0 0 0 0 0 0 0 0 0 0 0 0 0 0 0 0 0 0 0 0 0 0 0 0 0 0 0 0 0 0 0 0 0 0 0 0 0 0 0 0 0 0 0 0 0 0 0 0 0 0 0 0 0 0 0 0 0 0 0 0 0 0 0 0 0 0 0 0 0 0 0 0 0 0 0 0 0 0 0 0 0 0 0 0 0 0 0 0 0 0 0 0 0 0 0 0 0 0 0 0 0 0 0 0 0 0 0 0 0 0 0 0 0 0 0 0 0 0 0 0 0 0 0 0 0 0 0 0 0 0 0 0 0 0 0 0 0 0 0 0 0 0 0 0 0 0 0 0 0 0 0 0 0 0 0 0 0 0 0 0 0 0 0 0 0 0 0 0 0 0 0 0 0 0 0 0 0 0 0 0 0 0 0 0 0 0 0 0 0 0 0 0 0 0 0 0 0 0 0 0 0 0 0 0 0 0 0 0 0 0 0 0 0 0 0 0 0 0 0 0 0 0 0 0 0 0 0 0 0 0 0 0 0 0 0 0 0 0 0 0 0 0 0 0 0 0 0 0 0 0 0 0 0 0 0 0 0 0 0 0 0 0 0 0 0 0 0 0 0 0 0 0 0 0 0 0 0 0 0 0 0 0 0 0 0 0 0 0 0 0 0 0 0 0 0 0 0 0 0 0 0 0 0 0 0 0 0 0 0 0 0 0 0 0 0 0 0 0 0 0 0 0 0 0 0 0 0 0 0 0 0 0 0 0 0 0 0 0 0 0 0 0 0 0 0 0 0 0 0 0 0 0 0 0 0 0 0 0 0 0 0 0 0 0 0 0 0 0 0 0 0 0 0 0 0 0 0 0 0 0 0 0 0 0 0 0 0 0 0 0 0 0 0 0 0 0 0 0 0 0 0 0 0 0 0 0 0 0 0 0 0 0 0 0 0 0 0 0 0 0 0 0 0 0 0 0 0 0 0 0 0 0 0 0 0 0 0 0 0 0 0 0 0 0 0 0 0 0 0 0 0 0 0 0 0 0 0 0 0 0 0 0 0 0 0 0 0 0 0 0 0 0 0 0 0 0 0 0 0 0 0 0 0 0 0 0 0 0 0 0 0 0 0 0 0 0 0 0 0 0 0 0 0 0 0 0 0 0 0 0 0 0 0 0 0 0 0 0 0 0 0 0 0 0 0 0 0 0 0 0 0 0 0 0 0 0 0 0 0 0 0 0 0 0 0 0 0 0 0 0 0 0 0 0 0 0 0 0 0 0 0 0 0 0 0 0 0 0 0 0 0 0 0 0 0 0 0 0 0 0 0 0 0 0 0 0 0 0 0 0 0 0 0 0 0 0 0 0 0 0 0 0 0 0 0 0 0 0 0 0 0 0 0 0 0 0 0 0 0 0 0 0 0 0 0 0 0 0 0 0 0 0 0 0 0 0 0 0 0 0 0 0 0 0 0 0 0 0 0 0 0 0 0 0 0 0 0 0 0 0 0 0 0 0 0 0 0 0 0 0 0 0 0 0 0 0 0 0 0 0 0 0 0 0 0 0 0 0 0 0 0 0 0 0 0 0 0 0 0 0 0 0 0 0 0 0 0 0 0 0 0 0 0 0 0 0 0 0 0 0 0 0 0 0 0 0 0 0 0 0 0 0 0 0 0 0 0 0 0 0 0 0 0 0 0 0 0 0 0 0 0 0 0 0 0 0 0 0 0 0 0 0 0 0 0 0 0 0 0 0 0 0 0 0 0 0 0 0 0 0 0 0 0 0 0 0 0 0 0 0 0 0 0 0 0 0 0 0 0 0 0 0 0 0 0 0 0 0 0 0 0 0 0 0 0 0 0 0 0 0 0 0 0 0 0 0 0 0 0 0 0 0 0 0 0 0 0 0 0 0 0 0 0 0 0 0 0 0 0 0 0 0 0 0 0 0 0 0 0 0 0 0 0 0 0 0 0 0 0 0 0 0 0 0 0 0 0 0 0 0 0 0 0 0 0 0 0 0 0 0 0 0 0 0 0 0 0 0 0 0 0 0 0 0 0 0 0 0 0 0 0 0 0 0 0 0 0 0 0 0 0 0 0 0 0 0</float_array>
          <technique_common>
            <accessor source="#gascap-mesh-map-7-array" count="2808" stride="2">
              <param name="S" type="float"/>
              <param name="T" type="float"/>
            </accessor>
          </technique_common>
        </source>
        <vertices id="gascap-mesh-vertices">
          <input semantic="POSITION" source="#gascap-mesh-positions"/>
        </vertices>
        <triangles material="bug_gascap-material" count="936">
          <input semantic="VERTEX" source="#gascap-mesh-vertices" offset="0"/>
          <input semantic="NORMAL" source="#gascap-mesh-normals" offset="1"/>
          <input semantic="TEXCOORD" source="#gascap-mesh-map-0" offset="2" set="0"/>
          <input semantic="TEXCOORD" source="#gascap-mesh-map-1" offset="2" set="1"/>
          <input semantic="TEXCOORD" source="#gascap-mesh-map-2" offset="2" set="2"/>
          <input semantic="TEXCOORD" source="#gascap-mesh-map-3" offset="2" set="3"/>
          <input semantic="TEXCOORD" source="#gascap-mesh-map-4" offset="2" set="4"/>
          <input semantic="TEXCOORD" source="#gascap-mesh-map-5" offset="2" set="5"/>
          <input semantic="TEXCOORD" source="#gascap-mesh-map-6" offset="2" set="6"/>
          <input semantic="TEXCOORD" source="#gascap-mesh-map-7" offset="2" set="7"/>
          <p>19 0 0 131 1 1 17 2 2 48 3 3 156 4 4 50 5 5 29 6 6 21 7 7 5 8 8 8 9 9 67 10 10 6 11 11 71 12 12 104 13 13 103 14 14 24 15 15 77 16 16 76 17 17 42 18 18 86 19 19 85 20 20 62 21 21 94 22 22 60 23 23 18 24 24 72 25 25 16 26 26 34 27 27 82 28 28 81 29 29 54 30 30 90 31 31 52 32 32 10 33 33 68 34 34 8 9 35 26 35 36 78 36 37 77 16 38 46 37 39 86 19 40 44 38 41 2 39 42 64 40 43 0 41 44 0 41 45 95 42 46 62 21 47 18 24 48 74 43 49 73 44 50 36 45 51 83 46 52 82 28 53 56 47 54 91 48 55 54 30 56 10 33 57 70 49 58 69 50 59 28 51 60 79 52 61 78 36 62 46 37 63 88 53 64 87 54 65 4 55 66 65 56 67 2 39 68 22 57 69 74 43 70 20 58 71 38 59 72 84 60 73 83 46 74 58 61 75 92 62 76 56 47 77 14 63 78 70 49 79 12 64 80 30 65 81 80 66 82 79 52 83 50 5 84 88 53 85 48 3 86 6 11 87 66 67 88 4 55 89 22 57 90 76 17 91 75 68 92 40 69 93 85 20 94 84 60 95 60 23 96 93 70 97 58 61 98 14 63 99 72 25 100 71 12 101 32 71 102 81 29 103 80 66 104 50 5 105 90 31 106 89 72 107 115 73 108 119 74 109 127 75 110 86 19 111 117 76 112 85 20 113 73 44 114 104 13 115 72 25 116 86 19 117 119 74 118 118 77 119 73 44 120 106 78 121 105 79 122 88 53 123 119 74 124 87 54 125 75 68 126 106 78 127 74 43 128 88 53 129 121 80 130 120 81 131 76 17 132 107 82 133 75 68 134 90 31 135 121 80 136 89 72 137 77 16 138 108 83 139 76 17 140 90 31 141 123 84 142 122 85 143 78 36 144 109 86 145 77 16 146 64 40 147 97 87 148 96 88 149 91 48 150 124 89 151 123 84 152 79 52 153 110 90 154 78 36 155 65 56 156 98 91 157 97 87 158 92 62 159 125 92 160 124 89 161 80 66 162 111 93 163 79 52 164 66 67 165 99 94 166 98 91 167 93 70 168 126 95 169 125 92 170 81 29 171 112 96 172 80 66 173 67 10 174 100 97 175 99 94 176 94 22 177 127 75 178 126 95 179 82 28 180 113 98 181 81 29 182 68 34 183 101 99 184 100 97 185 95 42 186 96 88 187 127 75 188 83 46 189 114 100 190 82 28 191 69 50 192 102 101 193 101 99 194 84 60 195 115 73 196 83 46 197 71 12 198 102 101 199 70 49 200 85 20 201 116 102 202 84 60 203 130 103 204 138 104 205 132 105 206 16 26 207 129 106 208 130 103 209 16 26 210 132 105 211 18 24 212 15 107 213 131 1 214 128 108 215 136 109 216 146 110 217 147 111 218 139 112 219 143 113 220 137 114 221 131 1 222 134 115 223 128 108 224 131 1 225 139 112 226 137 114 227 130 103 228 135 116 229 136 109 230 142 117 231 151 118 232 150 119 233 134 115 234 143 113 235 140 120 236 136 109 237 148 121 238 138 104 239 142 117 240 149 122 241 141 123 242 144 124 243 148 121 244 151 118 245 141 123 246 146 110 247 135 116 248 156 4 249 160 125 250 162 126 251 49 127 252 152 128 253 47 129 254 49 127 255 157 130 256 155 131 257 48 3 258 153 132 259 154 133 260 159 134 261 166 135 262 160 125 263 163 136 264 167 137 265 161 138 266 152 128 267 161 138 268 158 139 269 157 130 270 161 138 271 155 131 272 153 132 273 160 125 274 154 133 275 167 137 276 170 140 277 164 141 278 175 142 279 185 143 280 192 144 281 162 126 282 166 135 283 168 145 284 158 139 285 167 137 286 164 141 287 168 145 288 186 146 289 162 126 290 167 137 291 175 142 292 173 147 293 195 148 294 176 149 295 196 150 296 165 151 297 191 152 298 171 153 299 195 148 300 180 154 301 179 155 302 177 156 303 179 155 304 180 154 305 178 157 306 180 154 307 181 158 308 197 159 309 180 154 310 194 160 311 197 159 312 178 157 313 181 158 314 199 161 315 203 162 316 198 163 317 177 156 318 200 164 319 176 149 320 164 141 321 182 165 322 158 139 323 165 151 324 183 166 325 188 167 326 169 168 327 184 169 328 185 143 329 170 140 330 187 170 331 164 141 332 168 145 333 193 171 334 189 172 335 168 145 336 199 161 337 198 163 338 165 151 339 199 161 340 166 135 341 174 173 342 198 163 343 197 159 344 174 173 345 194 160 346 172 174 347 172 174 348 195 148 349 171 153 350 171 153 351 196 150 352 165 151 353 205 175 354 200 164 355 201 176 356 205 175 357 202 177 358 203 162 359 196 150 360 200 164 361 204 178 362 177 156 363 202 177 364 201 176 365 199 161 366 204 178 367 205 175 368 198 163 369 202 177 370 178 157 371 207 179 372 307 180 373 306 181 374 209 182 375 308 183 376 307 180 377 211 184 378 309 185 379 308 183 380 213 186 381 310 187 382 309 185 383 310 187 384 217 188 385 311 189 386 311 189 387 219 190 388 312 191 389 312 191 390 221 192 391 313 193 392 313 193 393 266 194 394 336 195 395 314 196 396 225 197 397 315 198 398 315 198 399 227 199 400 316 200 401 316 200 402 229 201 403 317 202 404 317 202 405 231 203 406 318 204 407 318 204 408 233 205 409 319 206 410 319 206 411 235 207 412 320 208 413 320 208 414 237 209 415 321 210 416 321 210 417 239 211 418 322 212 419 322 212 420 241 213 421 323 214 422 323 214 423 243 215 424 324 216 425 324 216 426 245 217 427 325 218 428 245 217 429 326 219 430 325 218 431 247 220 432 327 221 433 326 219 434 249 222 435 328 223 436 327 221 437 329 224 438 282 225 439 344 226 440 253 227 441 330 228 442 329 224 443 255 229 444 331 230 445 330 228 446 257 231 447 332 232 448 331 230 449 259 233 450 333 234 451 332 232 452 261 235 453 334 236 454 333 234 455 263 237 456 335 238 457 334 236 458 265 239 459 306 181 460 335 238 461 268 240 462 339 241 463 337 242 464 222 243 465 337 242 466 314 196 467 266 194 468 338 244 469 336 195 470 340 245 471 277 246 472 341 247 473 341 247 474 279 248 475 342 249 476 272 250 477 342 249 478 339 241 479 338 244 480 274 251 481 340 245 482 282 225 483 346 252 484 344 226 485 328 223 486 280 253 487 343 254 488 343 254 489 284 255 490 345 256 491 286 257 492 351 258 493 346 252 494 288 259 495 348 260 496 347 261 497 291 262 498 349 263 499 348 260 500 299 264 501 354 265 502 352 266 503 298 267 504 353 268 505 351 258 506 294 269 507 352 266 508 350 270 509 301 271 510 355 272 511 353 268 512 293 273 513 355 272 514 349 263 515 284 255 516 350 270 517 345 256 518 289 274 519 354 265 520 347 261 521 288 259 522 354 265 523 302 275 524 285 276 525 350 270 526 295 277 527 292 278 528 355 272 529 305 279 530 297 280 531 355 272 532 304 281 533 295 277 534 352 266 535 300 282 536 296 283 537 353 268 538 297 280 539 300 282 540 354 265 541 303 284 542 348 260 543 292 278 544 290 285 545 347 261 546 290 285 547 289 274 548 287 286 549 351 258 550 296 283 551 281 287 552 345 256 553 285 276 554 328 223 555 281 287 556 250 288 557 344 226 558 287 286 559 283 289 560 271 290 561 340 245 562 275 291 563 339 241 564 279 248 565 273 292 566 276 293 567 342 249 568 278 294 569 275 291 570 341 247 571 276 293 572 267 295 573 338 244 574 271 290 575 314 196 576 269 296 577 223 297 578 269 296 579 339 241 580 273 292 581 264 298 582 306 181 583 206 299 584 262 300 585 335 238 586 264 298 587 260 301 588 334 236 589 262 300 590 258 302 591 333 234 592 260 301 593 331 230 594 258 302 595 256 303 596 330 228 597 256 303 598 254 304 599 329 224 600 254 304 601 252 305 602 329 224 603 283 289 604 253 227 605 327 221 606 250 288 607 248 306 608 326 219 609 248 306 610 246 307 611 325 218 612 246 307 613 244 308 614 324 216 615 244 308 616 242 309 617 323 214 618 242 309 619 240 310 620 322 212 621 240 310 622 238 311 623 321 210 624 238 311 625 236 312 626 320 208 627 236 312 628 234 313 629 319 206 630 234 313 631 232 314 632 318 204 633 232 314 634 230 315 635 317 202 636 230 315 637 228 316 638 226 317 639 317 202 640 228 316 641 224 318 642 316 200 643 226 317 644 222 243 645 315 198 646 224 318 647 220 319 648 336 195 649 267 295 650 218 320 651 313 193 652 220 319 653 216 321 654 312 191 655 218 320 656 214 322 657 311 189 658 216 321 659 212 323 660 310 187 661 214 322 662 210 324 663 309 185 664 212 323 665 208 325 666 308 183 667 210 324 668 206 299 669 307 180 670 208 325 671 357 326 672 364 327 673 358 328 674 360 329 675 367 330 676 366 331 677 363 332 678 365 333 679 366 331 680 364 327 681 366 331 682 367 330 683 358 328 684 367 330 685 361 334 686 356 335 687 365 333 688 362 336 689 360 329 690 365 333 691 359 337 692 357 326 693 362 336 694 363 332 695 541 338 696 387 339 697 386 340 698 390 341 699 420 342 700 389 343 701 377 344 702 407 345 703 376 346 704 422 347 705 390 341 706 391 348 707 378 349 708 408 350 709 377 344 710 392 351 711 422 347 712 391 348 713 379 352 714 409 353 715 378 349 716 424 354 717 392 351 718 393 355 719 380 356 720 410 357 721 379 352 722 425 358 723 393 355 724 394 359 725 381 360 726 411 361 727 380 356 728 426 362 729 394 359 730 395 363 731 382 364 732 412 365 733 381 360 734 427 366 735 395 363 736 396 367 737 383 368 738 413 369 739 382 364 740 400 370 741 368 371 742 369 372 743 428 373 744 396 367 745 397 374 746 384 375 747 414 376 748 383 368 749 401 377 750 369 372 751 370 378 752 429 379 753 397 374 754 398 380 755 385 381 756 415 382 757 384 375 758 402 383 759 370 378 760 371 384 761 399 385 762 398 380 763 368 371 764 386 340 765 416 386 766 385 381 767 403 387 768 371 384 769 372 388 770 376 346 771 406 389 772 375 390 773 387 339 774 417 391 775 386 340 776 404 392 777 372 388 778 373 393 779 388 394 780 418 395 781 387 339 782 405 396 783 373 393 784 374 397 785 389 343 786 419 398 787 388 394 788 406 389 789 374 397 790 375 390 791 448 399 792 478 400 793 447 401 794 484 402 795 514 403 796 483 404 797 465 405 798 433 406 799 434 407 800 438 408 801 468 409 802 437 410 803 449 411 804 479 412 805 448 399 806 466 413 807 434 407 808 435 414 809 450 415 810 480 416 811 449 411 812 467 417 813 435 414 814 436 418 815 451 419 816 481 420 817 450 415 818 468 409 819 436 418 820 437 410 821 452 421 822 482 422 823 451 419 824 439 423 825 469 424 826 438 408 827 453 425 828 483 404 829 452 421 830 440 426 831 470 427 832 439 423 833 485 428 834 453 425 835 454 429 836 441 430 837 471 431 838 440 426 839 486 432 840 454 429 841 455 433 842 442 434 843 472 435 844 441 430 845 487 436 846 455 433 847 456 437 848 443 438 849 473 439 850 442 434 851 488 440 852 456 437 853 457 441 854 444 442 855 474 443 856 443 438 857 489 444 858 457 441 859 458 445 860 445 446 861 475 447 862 444 442 863 462 448 864 430 449 865 431 450 866 490 451 867 458 445 868 459 452 869 446 453 870 476 454 871 445 446 872 463 455 873 431 450 874 432 456 875 491 457 876 459 452 877 460 458 878 447 401 879 477 459 880 446 453 881 464 460 882 432 456 883 433 406 884 461 461 885 460 458 886 430 449 887 509 462 888 513 463 889 521 464 890 471 431 891 501 465 892 470 427 893 516 466 894 484 402 895 485 428 896 472 435 897 502 467 898 471 431 899 517 468 900 485 428 901 486 432 902 473 439 903 503 469 904 472 435 905 518 470 906 486 432 907 487 436 908 474 443 909 504 471 910 473 439 911 519 472 912 487 436 913 488 440 914 475 447 915 505 473 916 474 443 917 520 474 918 488 440 919 489 444 920 476 454 921 506 475 922 475 447 923 493 476 924 461 461 925 462 448 926 521 464 927 489 444 928 490 451 929 477 459 930 507 477 931 476 454 932 494 478 933 462 448 934 463 455 935 522 479 936 490 451 937 491 457 938 478 400 939 508 480 940 477 459 941 495 481 942 463 455 943 464 460 944 492 482 945 491 457 946 461 461 947 479 412 948 509 462 949 478 400 950 496 483 951 464 460 952 465 405 953 500 484 954 468 409 955 469 424 956 480 416 957 510 485 958 479 412 959 497 486 960 465 405 961 466 413 962 481 420 963 511 487 964 480 416 965 498 488 966 466 413 967 467 417 968 482 422 969 512 489 970 481 420 971 499 490 972 467 417 973 468 409 974 483 404 975 513 463 976 482 422 977 470 427 978 500 484 979 469 424 980 548 491 981 580 492 982 549 493 983 372 388 984 528 494 985 373 393 986 542 495 987 388 394 988 387 339 989 373 393 990 529 496 991 374 397 992 543 497 993 389 343 994 388 394 995 374 397 996 530 498 997 375 390 998 544 499 999 390 341 1000 389 343 1001 531 500 1002 377 344 1003 376 346 1004 590 501 1005 546 502 1006 547 503 1007 532 504 1008 378 349 1009 377 344 1010 587 505 1011 547 503 1012 392 351 1013 533 506 1014 379 352 1015 378 349 1016 392 351 1017 548 491 1018 393 355 1019 534 507 1020 380 356 1021 379 352 1022 393 355 1023 549 493 1024 394 359 1025 535 508 1026 381 360 1027 380 356 1028 394 359 1029 550 509 1030 395 363 1031 536 510 1032 382 364 1033 381 360 1034 395 363 1035 551 511 1036 396 367 1037 537 512 1038 383 368 1039 382 364 1040 368 371 1041 524 513 1042 369 372 1043 396 367 1044 552 514 1045 397 374 1046 538 515 1047 384 375 1048 383 368 1049 369 372 1050 525 516 1051 370 378 1052 397 374 1053 553 517 1054 398 380 1055 539 518 1056 385 381 1057 384 375 1058 370 378 1059 526 519 1060 371 384 1061 398 380 1062 523 520 1063 368 371 1064 540 521 1065 386 340 1066 385 381 1067 371 384 1068 527 522 1069 372 388 1070 375 390 1071 531 500 1072 376 346 1073 568 523 1074 564 524 1075 556 525 1076 566 526 1077 536 510 1078 535 508 1079 549 493 1080 581 527 1081 550 509 1082 567 528 1083 537 512 1084 536 510 1085 550 509 1086 582 529 1087 551 511 1088 568 523 1089 538 515 1090 537 512 1091 523 520 1092 555 530 1093 524 513 1094 551 511 1095 583 531 1096 552 514 1097 569 532 1098 539 518 1099 538 515 1100 524 513 1101 556 525 1102 525 516 1103 552 514 1104 584 533 1105 553 517 1106 570 534 1107 540 521 1108 539 518 1109 525 516 1110 557 535 1111 526 519 1112 553 517 1113 554 536 1114 523 520 1115 571 537 1116 541 338 1117 540 521 1118 526 519 1119 558 538 1120 527 522 1121 530 498 1122 562 539 1123 531 500 1124 572 540 1125 542 495 1126 541 338 1127 527 522 1128 559 541 1129 528 494 1130 573 542 1131 543 497 1132 542 495 1133 528 494 1134 560 543 1135 529 496 1136 574 544 1137 544 499 1138 543 497 1139 529 496 1140 561 545 1141 530 498 1142 575 546 1143 545 547 1144 544 499 1145 562 539 1146 532 504 1147 531 500 1148 576 548 1149 546 502 1150 545 547 1151 563 549 1152 533 506 1153 532 504 1154 546 502 1155 578 550 1156 547 503 1157 564 524 1158 534 507 1159 533 506 1160 547 503 1161 579 551 1162 548 491 1163 565 552 1164 535 508 1165 534 507 1166 588 553 1167 591 554 1168 585 555 1169 593 556 1170 590 501 1171 587 505 1172 391 348 1173 587 505 1174 392 351 1175 546 502 1176 588 553 1177 545 547 1178 545 547 1179 585 555 1180 390 341 1181 585 555 1182 391 348 1183 390 341 1184 594 557 1185 592 558 1186 591 554 1187 592 558 1188 596 559 1189 593 556 1190 589 560 1191 594 557 1192 588 553 1193 602 561 1194 592 558 1195 593 556 1196 596 559 1197 589 560 1198 590 501 1199 587 505 1200 602 561 1201 593 556 1202 607 562 1203 600 563 1204 601 564 1205 599 565 1206 608 566 1207 602 561 1208 597 567 1209 586 568 1210 585 555 1211 600 563 1212 585 555 1213 591 554 1214 586 568 1215 599 565 1216 587 505 1217 592 558 1218 600 563 1219 591 554 1220 603 569 1221 607 562 1222 604 570 1223 604 570 1224 608 566 1225 605 571 1226 603 569 1227 598 572 1228 597 567 1229 606 573 1230 597 567 1231 600 563 1232 602 561 1233 607 562 1234 601 564 1235 604 570 1236 599 565 1237 598 572 1238 19 0 1239 133 574 1240 131 1 1241 48 3 1242 154 133 1243 156 4 1244 5 8 1245 3 575 1246 1 576 1247 1 576 1248 63 577 1249 5 8 1250 61 578 1251 59 579 1252 53 580 1253 57 581 1254 55 582 1255 53 580 1256 53 580 1257 51 583 1258 45 584 1259 49 127 1260 47 129 1261 51 583 1262 45 584 1263 43 585 1264 41 586 1265 41 586 1266 39 587 1267 37 588 1268 37 588 1269 35 589 1270 29 6 1271 33 590 1272 31 591 1273 29 6 1274 29 6 1275 27 592 1276 21 7 1277 25 593 1278 23 594 1279 21 7 1280 21 7 1281 19 0 1282 15 107 1283 17 2 1284 15 107 1285 19 0 1286 13 595 1287 11 596 1288 9 597 1289 9 597 1290 7 598 1291 5 8 1292 5 8 1293 63 577 1294 61 578 1295 59 579 1296 57 581 1297 53 580 1298 51 583 1299 47 129 1300 45 584 1301 45 584 1302 41 586 1303 53 580 1304 35 589 1305 33 590 1306 29 6 1307 27 592 1308 25 593 1309 21 7 1310 21 7 1311 15 107 1312 13 595 1313 13 595 1314 9 597 1315 21 7 1316 5 8 1317 61 578 1318 37 588 1319 53 580 1320 41 586 1321 37 588 1322 37 588 1323 29 6 1324 5 8 1325 21 7 1326 9 597 1327 5 8 1328 61 578 1329 53 580 1330 37 588 1331 8 9 1332 68 34 1333 67 10 1334 71 12 1335 72 25 1336 104 13 1337 24 15 1338 26 35 1339 77 16 1340 42 18 1341 44 38 1342 86 19 1343 62 21 1344 95 42 1345 94 22 1346 18 24 1347 73 44 1348 72 25 1349 34 27 1350 36 45 1351 82 28 1352 54 30 1353 91 48 1354 90 31 1355 10 33 1356 69 50 1357 68 34 1358 26 35 1359 28 51 1360 78 36 1361 46 37 1362 87 54 1363 86 19 1364 2 39 1365 65 56 1366 64 40 1367 0 41 1368 64 40 1369 95 42 1370 18 24 1371 20 58 1372 74 43 1373 36 45 1374 38 59 1375 83 46 1376 56 47 1377 92 62 1378 91 48 1379 10 33 1380 12 64 1381 70 49 1382 28 51 1383 30 65 1384 79 52 1385 46 37 1386 48 3 1387 88 53 1388 4 55 1389 66 67 1390 65 56 1391 22 57 1392 75 68 1393 74 43 1394 38 59 1395 40 69 1396 84 60 1397 58 61 1398 93 70 1399 92 62 1400 14 63 1401 71 12 1402 70 49 1403 30 65 1404 32 71 1405 80 66 1406 50 5 1407 89 72 1408 88 53 1409 6 11 1410 67 10 1411 66 67 1412 22 57 1413 24 15 1414 76 17 1415 40 69 1416 42 18 1417 85 20 1418 60 23 1419 94 22 1420 93 70 1421 14 63 1422 16 26 1423 72 25 1424 32 71 1425 34 27 1426 81 29 1427 50 5 1428 52 32 1429 90 31 1430 127 75 1431 96 88 1432 99 94 1433 97 87 1434 98 91 1435 99 94 1436 99 94 1437 100 97 1438 101 99 1439 101 99 1440 102 101 1441 103 14 1442 103 14 1443 104 13 1444 101 99 1445 105 79 1446 106 78 1447 107 82 1448 107 82 1449 108 83 1450 109 86 1451 109 86 1452 110 90 1453 107 82 1454 111 93 1455 112 96 1456 115 73 1457 113 98 1458 114 100 1459 115 73 1460 115 73 1461 116 102 1462 117 76 1463 117 76 1464 118 77 1465 119 74 1466 119 74 1467 120 81 1468 121 80 1469 121 80 1470 122 85 1471 123 84 1472 123 84 1473 124 89 1474 127 75 1475 125 92 1476 126 95 1477 127 75 1478 96 88 1479 97 87 1480 99 94 1481 99 94 1482 101 99 1483 107 82 1484 104 13 1485 105 79 1486 107 82 1487 107 82 1488 110 90 1489 111 93 1490 112 96 1491 113 98 1492 115 73 1493 115 73 1494 117 76 1495 119 74 1496 119 74 1497 121 80 1498 123 84 1499 124 89 1500 125 92 1501 127 75 1502 127 75 1503 99 94 1504 111 93 1505 104 13 1506 107 82 1507 101 99 1508 111 93 1509 115 73 1510 127 75 1511 119 74 1512 123 84 1513 127 75 1514 99 94 1515 107 82 1516 111 93 1517 86 19 1518 118 77 1519 117 76 1520 73 44 1521 105 79 1522 104 13 1523 86 19 1524 87 54 1525 119 74 1526 73 44 1527 74 43 1528 106 78 1529 88 53 1530 120 81 1531 119 74 1532 75 68 1533 107 82 1534 106 78 1535 88 53 1536 89 72 1537 121 80 1538 76 17 1539 108 83 1540 107 82 1541 90 31 1542 122 85 1543 121 80 1544 77 16 1545 109 86 1546 108 83 1547 90 31 1548 91 48 1549 123 84 1550 78 36 1551 110 90 1552 109 86 1553 64 40 1554 65 56 1555 97 87 1556 91 48 1557 92 62 1558 124 89 1559 79 52 1560 111 93 1561 110 90 1562 65 56 1563 66 67 1564 98 91 1565 92 62 1566 93 70 1567 125 92 1568 80 66 1569 112 96 1570 111 93 1571 66 67 1572 67 10 1573 99 94 1574 93 70 1575 94 22 1576 126 95 1577 81 29 1578 113 98 1579 112 96 1580 67 10 1581 68 34 1582 100 97 1583 94 22 1584 95 42 1585 127 75 1586 82 28 1587 114 100 1588 113 98 1589 68 34 1590 69 50 1591 101 99 1592 95 42 1593 64 40 1594 96 88 1595 83 46 1596 115 73 1597 114 100 1598 69 50 1599 70 49 1600 102 101 1601 84 60 1602 116 102 1603 115 73 1604 71 12 1605 103 14 1606 102 101 1607 85 20 1608 117 76 1609 116 102 1610 130 103 1611 136 109 1612 138 104 1613 16 26 1614 14 63 1615 129 106 1616 16 26 1617 130 103 1618 132 105 1619 15 107 1620 17 2 1621 131 1 1622 136 109 1623 135 116 1624 146 110 1625 139 112 1626 145 599 1627 143 113 1628 131 1 1629 137 114 1630 134 115 1631 131 1 1632 133 574 1633 139 112 1634 130 103 1635 129 106 1636 135 116 1637 142 117 1638 144 124 1639 151 118 1640 134 115 1641 137 114 1642 143 113 1643 136 109 1644 147 111 1645 148 121 1646 142 117 1647 150 119 1648 149 122 1649 144 124 1650 138 104 1651 148 121 1652 141 123 1653 149 122 1654 146 110 1655 156 4 1656 154 133 1657 160 125 1658 49 127 1659 155 131 1660 152 128 1661 49 127 1662 51 583 1663 157 130 1664 48 3 1665 46 37 1666 153 132 1667 159 134 1668 165 151 1669 166 135 1670 163 136 1671 169 168 1672 167 137 1673 152 128 1674 155 131 1675 161 138 1676 157 130 1677 163 136 1678 161 138 1679 153 132 1680 159 134 1681 160 125 1682 167 137 1683 173 147 1684 170 140 1685 175 142 1686 169 168 1687 185 143 1688 162 126 1689 160 125 1690 166 135 1691 158 139 1692 161 138 1693 167 137 1694 168 145 1695 189 172 1696 186 146 1697 167 137 1698 169 168 1699 175 142 1700 195 148 1701 179 155 1702 176 149 1703 165 151 1704 188 167 1705 191 152 1706 195 148 1707 194 160 1708 180 154 1709 177 156 1710 176 149 1711 179 155 1712 178 157 1713 177 156 1714 180 154 1715 197 159 1716 181 158 1717 180 154 1718 197 159 1719 198 163 1720 178 157 1721 199 161 1722 205 175 1723 203 162 1724 177 156 1725 201 176 1726 200 164 1727 164 141 1728 187 170 1729 182 165 1730 165 151 1731 159 134 1732 183 166 1733 169 168 1734 163 136 1735 184 169 1736 170 140 1737 190 600 1738 187 170 1739 168 145 1740 174 173 1741 193 171 1742 168 145 1743 166 135 1744 199 161 1745 165 151 1746 196 150 1747 199 161 1748 174 173 1749 168 145 1750 198 163 1751 174 173 1752 197 159 1753 194 160 1754 172 174 1755 194 160 1756 195 148 1757 171 153 1758 195 148 1759 196 150 1760 205 175 1761 204 178 1762 200 164 1763 205 175 1764 201 176 1765 202 177 1766 196 150 1767 176 149 1768 200 164 1769 177 156 1770 178 157 1771 202 177 1772 199 161 1773 196 150 1774 204 178 1775 198 163 1776 203 162 1777 202 177 1778 207 179 1779 209 182 1780 307 180 1781 209 182 1782 211 184 1783 308 183 1784 211 184 1785 213 186 1786 309 185 1787 213 186 1788 215 601 1789 310 187 1790 310 187 1791 215 601 1792 217 188 1793 311 189 1794 217 188 1795 219 190 1796 312 191 1797 219 190 1798 221 192 1799 313 193 1800 221 192 1801 266 194 1802 314 196 1803 223 297 1804 225 197 1805 315 198 1806 225 197 1807 227 199 1808 316 200 1809 227 199 1810 229 201 1811 317 202 1812 229 201 1813 231 203 1814 318 204 1815 231 203 1816 233 205 1817 319 206 1818 233 205 1819 235 207 1820 320 208 1821 235 207 1822 237 209 1823 321 210 1824 237 209 1825 239 211 1826 322 212 1827 239 211 1828 241 213 1829 323 214 1830 241 213 1831 243 215 1832 324 216 1833 243 215 1834 245 217 1835 245 217 1836 247 220 1837 326 219 1838 247 220 1839 249 222 1840 327 221 1841 249 222 1842 251 602 1843 328 223 1844 329 224 1845 252 305 1846 282 225 1847 253 227 1848 255 229 1849 330 228 1850 255 229 1851 257 231 1852 331 230 1853 257 231 1854 259 233 1855 332 232 1856 259 233 1857 261 235 1858 333 234 1859 261 235 1860 263 237 1861 334 236 1862 263 237 1863 265 239 1864 335 238 1865 265 239 1866 207 179 1867 306 181 1868 268 240 1869 272 250 1870 339 241 1871 222 243 1872 268 240 1873 337 242 1874 266 194 1875 270 603 1876 338 244 1877 340 245 1878 274 251 1879 277 246 1880 341 247 1881 277 246 1882 279 248 1883 272 250 1884 278 294 1885 342 249 1886 338 244 1887 270 603 1888 274 251 1889 282 225 1890 286 257 1891 346 252 1892 328 223 1893 251 602 1894 280 253 1895 343 254 1896 280 253 1897 284 255 1898 286 257 1899 298 267 1900 351 258 1901 288 259 1902 291 262 1903 348 260 1904 291 262 1905 293 273 1906 349 263 1907 299 264 1908 302 275 1909 354 265 1910 298 267 1911 301 271 1912 353 268 1913 294 269 1914 299 264 1915 352 266 1916 301 271 1917 305 279 1918 355 272 1919 293 273 1920 304 281 1921 355 272 1922 284 255 1923 294 269 1924 350 270 1925 289 274 1926 303 284 1927 354 265 1928 288 259 1929 347 261 1930 354 265 1931 285 276 1932 345 256 1933 350 270 1934 292 278 1935 349 263 1936 355 272 1937 297 280 1938 353 268 1939 355 272 1940 295 277 1941 350 270 1942 352 266 1943 296 283 1944 351 258 1945 353 268 1946 300 282 1947 352 266 1948 354 265 1949 348 260 1950 349 263 1951 292 278 1952 347 261 1953 348 260 1954 290 285 1955 287 286 1956 346 252 1957 351 258 1958 281 287 1959 343 254 1960 345 256 1961 328 223 1962 343 254 1963 281 287 1964 344 226 1965 346 252 1966 287 286 1967 271 290 1968 338 244 1969 340 245 1970 339 241 1971 342 249 1972 279 248 1973 276 293 1974 341 247 1975 342 249 1976 275 291 1977 340 245 1978 341 247 1979 267 295 1980 336 195 1981 338 244 1982 314 196 1983 337 242 1984 269 296 1985 269 296 1986 337 242 1987 339 241 1988 264 298 1989 335 238 1990 306 181 1991 262 300 1992 334 236 1993 335 238 1994 260 301 1995 333 234 1996 334 236 1997 258 302 1998 332 232 1999 333 234 2000 331 230 2001 332 232 2002 258 302 2003 330 228 2004 331 230 2005 256 303 2006 329 224 2007 330 228 2008 254 304 2009 329 224 2010 344 226 2011 283 289 2012 327 221 2013 328 223 2014 250 288 2015 326 219 2016 327 221 2017 248 306 2018 325 218 2019 326 219 2020 246 307 2021 324 216 2022 325 218 2023 244 308 2024 323 214 2025 324 216 2026 242 309 2027 322 212 2028 323 214 2029 240 310 2030 321 210 2031 322 212 2032 238 311 2033 320 208 2034 321 210 2035 236 312 2036 319 206 2037 320 208 2038 234 313 2039 318 204 2040 319 206 2041 232 314 2042 317 202 2043 318 204 2044 230 315 2045 226 317 2046 316 200 2047 317 202 2048 224 318 2049 315 198 2050 316 200 2051 222 243 2052 314 196 2053 315 198 2054 220 319 2055 313 193 2056 336 195 2057 218 320 2058 312 191 2059 313 193 2060 216 321 2061 311 189 2062 312 191 2063 214 322 2064 310 187 2065 311 189 2066 212 323 2067 309 185 2068 310 187 2069 210 324 2070 308 183 2071 309 185 2072 208 325 2073 307 180 2074 308 183 2075 206 299 2076 306 181 2077 307 180 2078 357 326 2079 363 332 2080 364 327 2081 360 329 2082 361 334 2083 367 330 2084 363 332 2085 362 336 2086 365 333 2087 364 327 2088 363 332 2089 366 331 2090 358 328 2091 364 327 2092 367 330 2093 356 335 2094 359 337 2095 365 333 2096 360 329 2097 366 331 2098 365 333 2099 357 326 2100 356 335 2101 362 336 2102 541 338 2103 542 495 2104 387 339 2105 390 341 2106 421 604 2107 420 342 2108 377 344 2109 408 350 2110 407 345 2111 422 347 2112 421 604 2113 390 341 2114 378 349 2115 409 353 2116 408 350 2117 392 351 2118 423 605 2119 422 347 2120 379 352 2121 410 357 2122 409 353 2123 424 354 2124 423 605 2125 392 351 2126 380 356 2127 411 361 2128 410 357 2129 425 358 2130 424 354 2131 393 355 2132 381 360 2133 412 365 2134 411 361 2135 426 362 2136 425 358 2137 394 359 2138 382 364 2139 413 369 2140 412 365 2141 427 366 2142 426 362 2143 395 363 2144 383 368 2145 414 376 2146 413 369 2147 400 370 2148 399 385 2149 368 371 2150 428 373 2151 427 366 2152 396 367 2153 384 375 2154 415 382 2155 414 376 2156 401 377 2157 400 370 2158 369 372 2159 429 379 2160 428 373 2161 397 374 2162 385 381 2163 416 386 2164 415 382 2165 402 383 2166 401 377 2167 370 378 2168 399 385 2169 429 379 2170 398 380 2171 386 340 2172 417 391 2173 416 386 2174 403 387 2175 402 383 2176 371 384 2177 376 346 2178 407 345 2179 406 389 2180 387 339 2181 418 395 2182 417 391 2183 404 392 2184 403 387 2185 372 388 2186 388 394 2187 419 398 2188 418 395 2189 405 396 2190 404 392 2191 373 393 2192 389 343 2193 420 342 2194 419 398 2195 406 389 2196 405 396 2197 374 397 2198 448 399 2199 479 412 2200 478 400 2201 484 402 2202 515 606 2203 514 403 2204 465 405 2205 464 460 2206 433 406 2207 438 408 2208 469 424 2209 468 409 2210 449 411 2211 480 416 2212 479 412 2213 466 413 2214 465 405 2215 434 407 2216 450 415 2217 481 420 2218 480 416 2219 467 417 2220 466 413 2221 435 414 2222 451 419 2223 482 422 2224 481 420 2225 468 409 2226 467 417 2227 436 418 2228 452 421 2229 483 404 2230 482 422 2231 439 423 2232 470 427 2233 469 424 2234 453 425 2235 484 402 2236 483 404 2237 440 426 2238 471 431 2239 470 427 2240 485 428 2241 484 402 2242 453 425 2243 441 430 2244 472 435 2245 471 431 2246 486 432 2247 485 428 2248 454 429 2249 442 434 2250 473 439 2251 472 435 2252 487 436 2253 486 432 2254 455 433 2255 443 438 2256 474 443 2257 473 439 2258 488 440 2259 487 436 2260 456 437 2261 444 442 2262 475 447 2263 474 443 2264 489 444 2265 488 440 2266 457 441 2267 445 446 2268 476 454 2269 475 447 2270 462 448 2271 461 461 2272 430 449 2273 490 451 2274 489 444 2275 458 445 2276 446 453 2277 477 459 2278 476 454 2279 463 455 2280 462 448 2281 431 450 2282 491 457 2283 490 451 2284 459 452 2285 447 401 2286 478 400 2287 477 459 2288 464 460 2289 463 455 2290 432 456 2291 461 461 2292 491 457 2293 460 458 2294 522 479 2295 492 482 2296 521 464 2297 493 476 2298 494 478 2299 495 481 2300 495 481 2301 496 483 2302 493 476 2303 497 486 2304 498 488 2305 499 490 2306 499 490 2307 500 484 2308 501 465 2309 501 465 2310 502 467 2311 503 469 2312 503 469 2313 504 471 2314 501 465 2315 505 473 2316 506 475 2317 507 477 2318 507 477 2319 508 480 2320 505 473 2321 509 462 2322 510 485 2323 511 487 2324 511 487 2325 512 489 2326 513 463 2327 513 463 2328 514 403 2329 515 606 2330 515 606 2331 516 466 2332 513 463 2333 517 468 2334 518 470 2335 521 464 2336 519 472 2337 520 474 2338 521 464 2339 521 464 2340 492 482 2341 493 476 2342 493 476 2343 496 483 2344 497 486 2345 497 486 2346 499 490 2347 505 473 2348 501 465 2349 504 471 2350 505 473 2351 505 473 2352 508 480 2353 509 462 2354 509 462 2355 511 487 2356 513 463 2357 513 463 2358 516 466 2359 517 468 2360 518 470 2361 519 472 2362 521 464 2363 521 464 2364 493 476 2365 505 473 2366 499 490 2367 501 465 2368 505 473 2369 505 473 2370 509 462 2371 521 464 2372 513 463 2373 517 468 2374 521 464 2375 493 476 2376 497 486 2377 505 473 2378 471 431 2379 502 467 2380 501 465 2381 516 466 2382 515 606 2383 484 402 2384 472 435 2385 503 469 2386 502 467 2387 517 468 2388 516 466 2389 485 428 2390 473 439 2391 504 471 2392 503 469 2393 518 470 2394 517 468 2395 486 432 2396 474 443 2397 505 473 2398 504 471 2399 519 472 2400 518 470 2401 487 436 2402 475 447 2403 506 475 2404 505 473 2405 520 474 2406 519 472 2407 488 440 2408 476 454 2409 507 477 2410 506 475 2411 493 476 2412 492 482 2413 461 461 2414 521 464 2415 520 474 2416 489 444 2417 477 459 2418 508 480 2419 507 477 2420 494 478 2421 493 476 2422 462 448 2423 522 479 2424 521 464 2425 490 451 2426 478 400 2427 509 462 2428 508 480 2429 495 481 2430 494 478 2431 463 455 2432 492 482 2433 522 479 2434 491 457 2435 479 412 2436 510 485 2437 509 462 2438 496 483 2439 495 481 2440 464 460 2441 500 484 2442 499 490 2443 468 409 2444 480 416 2445 511 487 2446 510 485 2447 497 486 2448 496 483 2449 465 405 2450 481 420 2451 512 489 2452 511 487 2453 498 488 2454 497 486 2455 466 413 2456 482 422 2457 513 463 2458 512 489 2459 499 490 2460 498 488 2461 467 417 2462 483 404 2463 514 403 2464 513 463 2465 470 427 2466 501 465 2467 500 484 2468 548 491 2469 579 551 2470 580 492 2471 372 388 2472 527 522 2473 528 494 2474 542 495 2475 543 497 2476 388 394 2477 373 393 2478 528 494 2479 529 496 2480 543 497 2481 544 499 2482 389 343 2483 374 397 2484 529 496 2485 530 498 2486 544 499 2487 545 547 2488 390 341 2489 531 500 2490 532 504 2491 377 344 2492 590 501 2493 589 560 2494 546 502 2495 532 504 2496 533 506 2497 378 349 2498 587 505 2499 590 501 2500 547 503 2501 533 506 2502 534 507 2503 379 352 2504 392 351 2505 547 503 2506 548 491 2507 534 507 2508 535 508 2509 380 356 2510 393 355 2511 548 491 2512 549 493 2513 535 508 2514 536 510 2515 381 360 2516 394 359 2517 549 493 2518 550 509 2519 536 510 2520 537 512 2521 382 364 2522 395 363 2523 550 509 2524 551 511 2525 537 512 2526 538 515 2527 383 368 2528 368 371 2529 523 520 2530 524 513 2531 396 367 2532 551 511 2533 552 514 2534 538 515 2535 539 518 2536 384 375 2537 369 372 2538 524 513 2539 525 516 2540 397 374 2541 552 514 2542 553 517 2543 539 518 2544 540 521 2545 385 381 2546 370 378 2547 525 516 2548 526 519 2549 398 380 2550 553 517 2551 523 520 2552 540 521 2553 541 338 2554 386 340 2555 371 384 2556 526 519 2557 527 522 2558 375 390 2559 530 498 2560 531 500 2561 555 530 2562 554 536 2563 556 525 2564 584 533 2565 583 531 2566 580 492 2567 582 529 2568 581 527 2569 580 492 2570 580 492 2571 579 551 2572 578 550 2573 578 550 2574 577 607 2575 580 492 2576 576 548 2577 575 546 2578 574 544 2579 574 544 2580 573 542 2581 576 548 2582 572 540 2583 571 537 2584 570 534 2585 570 534 2586 569 532 2587 572 540 2588 568 523 2589 567 528 2590 564 524 2591 566 526 2592 565 552 2593 564 524 2594 564 524 2595 563 549 2596 560 543 2597 562 539 2598 561 545 2599 560 543 2600 560 543 2601 559 541 2602 558 538 2603 558 538 2604 557 535 2605 556 525 2606 556 525 2607 554 536 2608 584 533 2609 583 531 2610 582 529 2611 580 492 2612 580 492 2613 577 607 2614 576 548 2615 576 548 2616 573 542 2617 572 540 2618 572 540 2619 569 532 2620 568 523 2621 567 528 2622 566 526 2623 564 524 2624 563 549 2625 562 539 2626 560 543 2627 560 543 2628 558 538 2629 564 524 2630 556 525 2631 584 533 2632 572 540 2633 580 492 2634 576 548 2635 572 540 2636 572 540 2637 568 523 2638 556 525 2639 564 524 2640 558 538 2641 556 525 2642 584 533 2643 580 492 2644 572 540 2645 566 526 2646 567 528 2647 536 510 2648 549 493 2649 580 492 2650 581 527 2651 567 528 2652 568 523 2653 537 512 2654 550 509 2655 581 527 2656 582 529 2657 568 523 2658 569 532 2659 538 515 2660 523 520 2661 554 536 2662 555 530 2663 551 511 2664 582 529 2665 583 531 2666 569 532 2667 570 534 2668 539 518 2669 524 513 2670 555 530 2671 556 525 2672 552 514 2673 583 531 2674 584 533 2675 570 534 2676 571 537 2677 540 521 2678 525 516 2679 556 525 2680 557 535 2681 553 517 2682 584 533 2683 554 536 2684 571 537 2685 572 540 2686 541 338 2687 526 519 2688 557 535 2689 558 538 2690 530 498 2691 561 545 2692 562 539 2693 572 540 2694 573 542 2695 542 495 2696 527 522 2697 558 538 2698 559 541 2699 573 542 2700 574 544 2701 543 497 2702 528 494 2703 559 541 2704 560 543 2705 574 544 2706 575 546 2707 544 499 2708 529 496 2709 560 543 2710 561 545 2711 575 546 2712 576 548 2713 545 547 2714 562 539 2715 563 549 2716 532 504 2717 576 548 2718 577 607 2719 546 502 2720 563 549 2721 564 524 2722 533 506 2723 546 502 2724 577 607 2725 578 550 2726 564 524 2727 565 552 2728 534 507 2729 547 503 2730 578 550 2731 579 551 2732 565 552 2733 566 526 2734 535 508 2735 588 553 2736 594 557 2737 591 554 2738 593 556 2739 596 559 2740 590 501 2741 391 348 2742 586 568 2743 587 505 2744 546 502 2745 589 560 2746 588 553 2747 545 547 2748 588 553 2749 585 555 2750 585 555 2751 586 568 2752 391 348 2753 594 557 2754 595 608 2755 592 558 2756 592 558 2757 595 608 2758 596 559 2759 589 560 2760 595 608 2761 594 557 2762 602 561 2763 601 564 2764 592 558 2765 596 559 2766 595 608 2767 589 560 2768 587 505 2769 599 565 2770 602 561 2771 607 562 2772 606 573 2773 600 563 2774 599 565 2775 605 571 2776 608 566 2777 597 567 2778 598 572 2779 586 568 2780 600 563 2781 597 567 2782 585 555 2783 586 568 2784 598 572 2785 599 565 2786 592 558 2787 601 564 2788 600 563 2789 603 569 2790 606 573 2791 607 562 2792 604 570 2793 607 562 2794 608 566 2795 603 569 2796 604 570 2797 598 572 2798 606 573 2799 603 569 2800 597 567 2801 602 561 2802 608 566 2803 607 562 2804 604 570 2805 605 571 2806 599 565 2807</p>
        </triangles>
      </mesh>
    </geometry>
    <geometry id="spoiler_B_color_001-mesh" name="spoiler_B_color.001">
      <mesh>
        <source id="spoiler_B_color_001-mesh-positions">
          <float_array id="spoiler_B_color_001-mesh-positions-array" count="1425">0.3253074 1.594853 0.9351317 0.3224374 1.599833 0.9387527 0.3370774 1.597383 0.9371777 0.3318204 1.593773 0.9344258 0.3118634 1.585503 0.8891488 0.3241234 1.578353 0.8914288 0.3250564 1.580753 0.8855078 0.3152254 1.586483 0.8836567 0.3370964 1.592873 0.9409518 0.3318414 1.589253 0.9382097 0.3135294 1.582163 0.8943408 0.3189784 1.578973 0.8953508 0.3253264 1.604933 0.9425468 0.3370744 1.602983 0.9412827 0.3318594 1.601823 0.9474537 0.3370954 1.598473 0.9450608 0.3318254 1.606333 0.9436697 0.3253274 1.590343 0.9389108 0.3224484 1.595323 0.9425318 0.1214359 1.600788 0.9471095 0.119295 1.637168 0.9730421 0.08189934 1.643783 0.9010578 0.07527732 1.643483 0.9025708 0.08712434 1.641003 0.9039847 0.08700633 1.637223 0.9091508 0.07224434 1.640343 0.9073858 0.07508236 1.636703 0.9118778 0.08165735 1.635323 0.9126597 0.3253394 1.600423 0.9463236 0.08872634 1.663703 0.9779918 0.07605135 1.666293 0.9796957 0.08307737 1.667733 0.9806407 0.07604831 1.654623 0.9720306 0.07291436 1.660463 0.9758608 0.08872032 1.657213 0.9737328 0.08307933 1.653183 0.9710807 0.3211084 1.584363 0.8820397 0.1193069 1.644102 0.9709083 0.1176997 1.674721 0.9931567 0.3380849 1.642853 0.9810175 0.3379909 1.641874 0.977037 0.2334534 1.670758 0.9925064 0.2334355 1.671675 0.9964097 0.2342674 1.653069 0.9793401 0.3393793 1.621911 0.9618228 0.4124237 1.609713 0.9602908 0.4390956 1.595474 0.9564365 0.4122707 1.611006 0.9644462 0.4124257 1.608773 0.9653937 0.4390286 1.593434 0.9574615 0.4149829 1.59169 0.9467239 0.4390746 1.593999 0.9521485 0.3210724 1.572773 0.8838648 0.3220134 1.575173 0.8779398 0.4700583 1.55606 0.9346732 0.4682272 1.565631 0.9414075 0.467815 1.557757 0.9364669 0.3333714 1.598303 0.9391738 0.3312434 1.596253 0.9391938 0.3182114 1.577103 0.8844947 0.3202964 1.579083 0.8843628 0.2367783 1.620747 0.9558756 0.3437079 1.586734 0.9354661 0.4190238 1.551764 0.9158393 0.4659112 1.518613 0.8979144 0.4621086 1.567996 0.9370184 0.467868 1.56039 0.9320472 0.4728888 1.513313 0.8950734 0.4683977 1.482424 0.8683177 0.4750317 1.478089 0.8659542 0.1214714 1.607372 0.9444145 0.2401568 1.581011 0.9272211 0.4658425 1.570873 0.9392737 0.46096 1.574688 0.9413706 0.4466683 1.4952 0.8752251 0.4567493 1.582121 0.9459907 0.4631888 1.577822 0.9437817 0.4651374 1.574421 0.9416865 0.4641604 1.576256 0.9428422 0.3088184 1.579933 0.8816108 0.3104994 1.576583 0.8867927 0.4649976 1.573932 0.9469637 0.4665372 1.570936 0.945024 0.4668706 1.572554 0.9438166 0.4653329 1.575702 0.9458497 0.4685608 1.566998 0.9400375 0.3282784 1.602623 0.9415447 0.3309814 1.603473 0.9416907 0.3179684 1.583733 0.8834167 0.3152944 1.582923 0.8833317 0.4635825 1.576112 0.9482847 0.4639657 1.577882 0.9471597 0.3159424 1.573393 0.8877868 0.3393889 1.626021 0.9718961 0.3380759 1.64058 0.9820032 0.3495029 1.543241 0.9030081 0.08872133 1.652413 0.9782066 0.08308333 1.648383 0.9755598 0.4191668 1.54797 0.9186712 0.4251558 1.504951 0.8845369 0.4472212 1.529991 0.908954 0.4514307 1.4907 0.8769836 0.4687317 1.479974 0.8714098 0.4660949 1.515815 0.9013097 0.4420573 1.581104 0.9499899 0.4592773 1.569073 0.9438091 0.4730198 1.510665 0.8985557 0.4752497 1.475834 0.8692307 0.117166 1.691151 1.005358 0.117194 1.692027 1.009258 0.07881534 1.663753 0.9789867 0.08226037 1.664763 0.9790438 0.08081632 1.642183 0.9039938 0.07811331 1.641513 0.9039558 0.4703755 1.557624 0.9334939 0.4745244 1.510505 0.8978157 0.2334964 1.669325 0.9974204 0.2342744 1.654108 0.9873316 0.117691 1.675697 1.001395 0.2368163 1.614476 0.957608 0.3438109 1.583649 0.9389877 0.117199 1.689572 1.010238 0.4181537 1.593965 0.9556393 0.08622133 1.632713 0.9005157 0.08633136 1.636483 0.8953498 0.2401805 1.575636 0.9291118 0.4567736 1.581507 0.9512311 0.4748967 1.511465 0.8966007 0.4771457 1.475554 0.8668017 0.4767557 1.475134 0.8680637 0.4249388 1.507976 0.8821325 0.4570996 1.583342 0.9501117 0.08110237 1.639263 0.8924288 0.3332484 1.601723 0.9420838 0.3201904 1.582023 0.8838797 0.3497269 1.540463 0.9057521 0.3284884 1.596753 0.9389008 0.3154864 1.577603 0.8841937 0.08872735 1.658893 0.9824657 0.07604932 1.649823 0.9765056 0.07291233 1.655653 0.9803317 0.3121904 1.580903 0.8761148 0.3180694 1.578783 0.8744758 0.08465331 1.662123 0.9788768 0.08299034 1.640313 0.9038817 0.08082234 1.635423 0.9035817 0.08203732 1.657203 0.9759378 0.07933533 1.657893 0.9760178 0.07811331 1.636093 0.9036238 0.07802134 1.660383 0.9787157 0.07691234 1.638803 0.9037898 0.3271704 1.599793 0.9417468 0.3141934 1.580183 0.8836837 0.08420234 1.659123 0.9761587 0.08298736 1.637303 0.9036978 0.07429331 1.632193 0.9032418 0.08085936 1.630803 0.9040278 0.07145333 1.635823 0.8987527 0.07448935 1.638973 0.8939378 0.07604432 1.661483 0.9841698 0.08308535 1.662933 0.9851207 0.180804 1.590141 0.9396505 0.1780555 1.625868 0.9653618 0.2903137 1.599028 0.9482707 0.2949498 1.559847 0.9188672 0.2948247 1.5645 0.91701 0.2902432 1.603706 0.945643 0.1808089 1.596609 0.9377479 0.1780425 1.632469 0.9634277 0.3872169 1.527406 0.8940057 0.3813658 1.569249 0.9256526 0.3814888 1.56581 0.9288294 0.3874375 1.524505 0.8965799 0.2400142 1.577553 0.9305183 0.4682475 1.484217 0.8697756 0.4751164 1.477556 0.8706802 0.1213301 1.602586 0.9483914 0.4749039 1.479835 0.867388 0.4248598 1.507077 0.8862242 0.4770121 1.477329 0.8682747 0.4512033 1.492642 0.8785639 0.1213646 1.609083 0.9456403 0.1806681 1.591942 0.9409494 0.476623 1.476882 0.8695344 0.2399899 1.582915 0.9285898 0.4246464 1.510141 0.8837987 0.3494345 1.542598 0.907395 0.3492164 1.54539 0.9046125 0.4685733 1.481746 0.8728877 0.2947207 1.561784 0.9203207 0.2945983 1.566438 0.9184253 0.1806722 1.598329 0.9389754 0.3869277 1.529475 0.89557 0.3871434 1.526547 0.898174 0.1214554 1.603255 0.9451032 0.1808083 1.59254 0.9380331 0.2401704 1.577498 0.9275075 0.2948891 1.561348 0.9172798 0.3496167 1.541027 0.9037213 0.387329 1.52513 0.894634 0.4250491 1.505638 0.882676 0.4425044 1.535322 0.9067113 0.446447 1.497179 0.8767871 0.4395232 1.578509 0.9409899 0.4609092 1.574895 0.9486291 0.4636489 1.57212 0.9458526 0.4659995 1.566085 0.9420217 0.4580929 1.577201 0.9499295 0.3384112 1.636215 0.9802641 0.1173256 1.685381 1.00882 0.2336957 1.664799 0.995691 0.4138836 1.604344 0.9637443 0.4398002 1.589635 0.9563927 0.1753147 1.681851 1.002834 0.1759836 1.663895 0.9862484 0.1753477 1.679449 1.003829 0.1753097 1.680955 0.9989321 0.1759827 1.664903 0.9943635 0.1755106 1.67509 1.002256 0.2868317 1.640065 0.9796139 0.2857862 1.654953 0.9897118 0.2857602 1.657264 0.9887136 0.2860534 1.650507 0.9879776 0.3751778 1.626929 0.9727318 0.3752508 1.624676 0.9736984 0.3787713 1.609993 0.9637677 0.3761474 1.62028 0.9720042 0.3771811 1.606801 0.9542734 0.3752073 1.625793 0.9686639 0.2868234 1.63749 0.9705815 0.2857222 1.656316 0.9847717 -0.3253074 1.594853 0.9351317 -0.3224374 1.599833 0.9387527 -0.3370774 1.597383 0.9371777 -0.3318204 1.593773 0.9344258 -0.3118634 1.585503 0.8891488 -0.3241234 1.578353 0.8914288 -0.3250564 1.580753 0.8855078 -0.3152254 1.586483 0.8836567 0 1.605435 0.9500579 0 1.639894 0.9747533 -0.3370964 1.592873 0.9409518 -0.3318414 1.589253 0.9382097 -0.3135294 1.582163 0.8943408 -0.3189784 1.578973 0.8953508 -0.3253264 1.604933 0.9425468 -0.3370744 1.602983 0.9412827 -0.3318594 1.601823 0.9474537 -0.3370954 1.598473 0.9450608 -0.3318254 1.606333 0.9436697 -0.3253274 1.590343 0.9389108 -0.3224484 1.595323 0.9425318 -0.1214359 1.600788 0.9471095 -0.119295 1.637168 0.9730421 -0.08189934 1.643783 0.9010578 -0.07527732 1.643483 0.9025708 -0.08712434 1.641003 0.9039847 -0.08700633 1.637223 0.9091508 -0.07224434 1.640343 0.9073858 -0.07508236 1.636703 0.9118778 -0.08165735 1.635323 0.9126597 -0.3253394 1.600423 0.9463236 -0.08872634 1.663703 0.9779918 -0.07605135 1.666293 0.9796957 -0.08307737 1.667733 0.9806407 -0.07604831 1.654623 0.9720306 -0.07291436 1.660463 0.9758608 -0.08872032 1.657213 0.9737328 -0.08307933 1.653183 0.9710807 -0.3211084 1.584363 0.8820397 -0.1193069 1.644102 0.9709083 0 1.646281 0.9713766 -0.1176997 1.674721 0.9931567 -0.3380849 1.642853 0.9810175 -0.3379909 1.641874 0.977037 -0.2334534 1.670758 0.9925064 -0.2334355 1.671675 0.9964097 -0.2342674 1.653069 0.9793401 -0.3393793 1.621911 0.9618228 -0.4124237 1.609713 0.9602908 -0.4390956 1.595474 0.9564365 -0.4122707 1.611006 0.9644462 -0.4124257 1.608773 0.9653937 -0.4390286 1.593434 0.9574615 -0.4149829 1.59169 0.9467239 -0.4390746 1.593999 0.9521485 -0.3210724 1.572773 0.8838648 -0.3220134 1.575173 0.8779398 -0.4700583 1.55606 0.9346732 -0.4682272 1.565631 0.9414075 -0.467815 1.557757 0.9364669 -0.3333714 1.598303 0.9391738 -0.3312434 1.596253 0.9391938 -0.3182114 1.577103 0.8844947 -0.3202964 1.579083 0.8843628 -0.2367783 1.620747 0.9558756 -0.3437079 1.586734 0.9354661 -0.4190238 1.551764 0.9158393 -0.4659112 1.518613 0.8979144 -0.4621086 1.567996 0.9370184 -0.467868 1.56039 0.9320472 -0.4728888 1.513313 0.8950734 -0.4683977 1.482424 0.8683177 0 1.67819 1.003131 -0.4750317 1.478089 0.8659542 -0.1214714 1.607372 0.9444145 -0.2401568 1.581011 0.9272211 -0.4658425 1.570873 0.9392737 -0.46096 1.574688 0.9413706 -0.4466683 1.4952 0.8752251 -0.4567493 1.582121 0.9459907 -0.4631888 1.577822 0.9437817 -0.4651374 1.574421 0.9416865 -0.4641604 1.576256 0.9428422 -0.3088184 1.579933 0.8816108 -0.3104994 1.576583 0.8867927 -0.4649976 1.573932 0.9469637 -0.4665372 1.570936 0.945024 -0.4668706 1.572554 0.9438166 -0.4653329 1.575702 0.9458497 -0.4685608 1.566998 0.9400375 -0.3282784 1.602623 0.9415447 -0.3309814 1.603473 0.9416907 -0.3179684 1.583733 0.8834167 -0.3152944 1.582923 0.8833317 -0.4635825 1.576112 0.9482847 -0.4639657 1.577882 0.9471597 -0.3159424 1.573393 0.8877868 -0.3393889 1.626021 0.9718961 -0.3380759 1.64058 0.9820032 0 1.694476 1.011001 0 1.692005 1.01199 -0.3495029 1.543241 0.9030081 -0.08872133 1.652413 0.9782066 -0.08308333 1.648383 0.9755598 -0.4191668 1.54797 0.9186712 -0.4251558 1.504951 0.8845369 -0.4472212 1.529991 0.908954 -0.4514307 1.4907 0.8769836 -0.4687317 1.479974 0.8714098 -0.4660949 1.515815 0.9013097 -0.4420573 1.581104 0.9499899 -0.4592773 1.569073 0.9438091 -0.4730198 1.510665 0.8985557 -0.4752497 1.475834 0.8692307 -0.117166 1.691151 1.005358 0 1.693547 1.007008 -0.117194 1.692027 1.009258 -0.07881534 1.663753 0.9789867 -0.08226037 1.664763 0.9790438 -0.08081632 1.642183 0.9039938 -0.07811331 1.641513 0.9039558 -0.4703755 1.557624 0.9334939 -0.4745244 1.510505 0.8978157 -0.2334964 1.669325 0.9974204 -0.2342744 1.654108 0.9873316 -0.117691 1.675697 1.001395 -0.2368163 1.614476 0.957608 0 1.611666 0.9455606 -0.3438109 1.583649 0.9389877 -0.117199 1.689572 1.010238 -0.4181537 1.593965 0.9556393 -0.08622133 1.632713 0.9005157 -0.08633136 1.636483 0.8953498 -0.2401805 1.575636 0.9291118 -0.4567736 1.581507 0.9512311 -0.4748967 1.511465 0.8966007 -0.4771457 1.475554 0.8668017 -0.4767557 1.475134 0.8680637 -0.4249388 1.507976 0.8821325 -0.4570996 1.583342 0.9501117 -0.08110237 1.639263 0.8924288 -0.3332484 1.601723 0.9420838 -0.3201904 1.582023 0.8838797 0 1.676814 0.9943232 -0.3497269 1.540463 0.9057521 -0.3284884 1.596753 0.9389008 -0.3154864 1.577603 0.8841937 -0.08872735 1.658893 0.9824657 -0.07604932 1.649823 0.9765056 -0.07291233 1.655653 0.9803317 -0.3121904 1.580903 0.8761148 -0.3180694 1.578783 0.8744758 -0.08465331 1.662123 0.9788768 -0.08299034 1.640313 0.9038817 -0.08082234 1.635423 0.9035817 -0.08203732 1.657203 0.9759378 -0.07933533 1.657893 0.9760178 -0.07811331 1.636093 0.9036238 -0.07802134 1.660383 0.9787157 -0.07691234 1.638803 0.9037898 -0.3271704 1.599793 0.9417468 -0.3141934 1.580183 0.8836837 -0.08420234 1.659123 0.9761587 -0.08298736 1.637303 0.9036978 -0.07429331 1.632193 0.9032418 -0.08085936 1.630803 0.9040278 -0.07145333 1.635823 0.8987527 -0.07448935 1.638973 0.8939378 -0.07604432 1.661483 0.9841698 -0.08308535 1.662933 0.9851207 -0.180804 1.590141 0.9396505 -0.1780555 1.625868 0.9653618 -0.2903137 1.599028 0.9482707 -0.2949498 1.559847 0.9188672 -0.2948247 1.5645 0.91701 -0.2902432 1.603706 0.945643 -0.1808089 1.596609 0.9377479 -0.1780425 1.632469 0.9634277 -0.3872169 1.527406 0.8940057 -0.3813658 1.569249 0.9256526 -0.3814888 1.56581 0.9288294 -0.3874375 1.524505 0.8965799 -0.2400142 1.577553 0.9305183 0 1.607138 0.9512785 -0.4682475 1.484217 0.8697756 -0.4751164 1.477556 0.8706802 -0.1213301 1.602586 0.9483914 -0.4749039 1.479835 0.867388 -0.4248598 1.507077 0.8862242 -0.4770121 1.477329 0.8682747 -0.4512033 1.492642 0.8785639 -0.1213646 1.609083 0.9456403 -0.1806681 1.591942 0.9409494 -0.476623 1.476882 0.8695344 -0.2399899 1.582915 0.9285898 0 1.613377 0.9468366 -0.4246464 1.510141 0.8837987 -0.3494345 1.542598 0.907395 -0.3492164 1.54539 0.9046125 -0.4685733 1.481746 0.8728877 -0.2947207 1.561784 0.9203207 -0.2945983 1.566438 0.9184253 -0.1806722 1.598329 0.9389754 -0.3869277 1.529475 0.89557 -0.3871434 1.526547 0.898174 0 1.607725 0.9471505 -0.1214554 1.603255 0.9451032 -0.1808083 1.59254 0.9380331 -0.2401704 1.577498 0.9275075 -0.2948891 1.561348 0.9172798 -0.3496167 1.541027 0.9037213 -0.387329 1.52513 0.894634 -0.4250491 1.505638 0.882676 -0.4425044 1.535322 0.9067113 -0.446447 1.497179 0.8767871 -0.4395232 1.578509 0.9409899 -0.4609092 1.574895 0.9486291 -0.4636489 1.57212 0.9458526 -0.4659995 1.566085 0.9420217 -0.4580929 1.577201 0.9499295 -0.3384112 1.636215 0.9802641 -0.1173256 1.685381 1.00882 -0.2336957 1.664799 0.995691 -0.4138836 1.604344 0.9637443 -0.4398002 1.589635 0.9563927 0 1.687771 1.010532 -0.1753147 1.681851 1.002834 -0.1759836 1.663895 0.9862484 -0.1753477 1.679449 1.003829 -0.1753097 1.680955 0.9989321 -0.1759827 1.664903 0.9943635 -0.1755106 1.67509 1.002256 -0.2868317 1.640065 0.9796139 -0.2857862 1.654953 0.9897118 -0.2857602 1.657264 0.9887136 -0.2860534 1.650507 0.9879776 -0.3751778 1.626929 0.9727318 -0.3752508 1.624676 0.9736984 -0.3787713 1.609993 0.9637677 -0.3761474 1.62028 0.9720042 -0.3771811 1.606801 0.9542734 -0.3752073 1.625793 0.9686639 -0.2868234 1.63749 0.9705815 -0.2857222 1.656316 0.9847717</float_array>
          <technique_common>
            <accessor source="#spoiler_B_color_001-mesh-positions-array" count="475" stride="3">
              <param name="X" type="float"/>
              <param name="Y" type="float"/>
              <param name="Z" type="float"/>
            </accessor>
          </technique_common>
        </source>
        <source id="spoiler_B_color_001-mesh-normals">
          <float_array id="spoiler_B_color_001-mesh-normals-array" count="1425">-0.002925813 -0.5809753 0.8139159 0 -0.9883431 0.152243 -0.1022498 -0.9927629 0.06298297 -0.02644157 -0.6034547 0.7969589 -0.248881 -0.9660284 0.06962448 -0.2831037 -0.9492705 0.1368867 0.1919474 0.8224375 -0.5354931 0.4357677 0.8144986 0.3830128 0.2223495 0.8034754 -0.5522572 -0.01549667 -0.6045273 0.7964338 -0.005502104 -0.5877177 0.8090475 -0.008118271 -0.5906115 0.8069152 0.1929631 0.02141106 0.9809724 0.2238835 0.0160219 0.9744842 0.9569657 0.2814404 -0.07076764 0.6047665 -0.2550876 0.7544455 0.675152 -0.2913693 0.6776975 0.0769056 0.6088965 -0.7895129 0.1071624 0.6074355 -0.7871077 0.1059693 0.6157603 -0.7807751 0.06366562 0.6046754 -0.7939234 0.03570657 0.5940424 -0.803641 0.04368561 0.5990447 -0.799523 0.1344774 0.5995139 -0.788986 0.05603522 0.6024413 -0.7961938 0.02893841 0.592945 -0.8047229 0.7000188 -0.37641 0.6068684 0.972137 0.188628 -0.1391738 0.9654611 0.2323578 -0.1178761 0.4724614 0.5790142 -0.6644719 -0.3346994 -0.02190417 -0.9420703 0.1380075 0.6332218 -0.7615668 0.7114149 -0.4226368 0.5614864 0.9737905 0.1812379 -0.137422 0 0.5964643 -0.8026396 0.01143747 0.5875965 -0.8090733 0.01332479 0.584115 -0.8115616 0.101925 0.5630073 -0.8201428 0.3175101 0.746398 -0.5848738 0.4654814 0.7214119 -0.51273 0.5000426 0.5693292 -0.6525502 0.4961771 0.5710013 -0.6540381 0.3021579 0.7610642 -0.5740052 -0.3158022 -0.07717949 -0.945681 0.1267896 0.6249153 -0.7703282 0.15526 0.6228844 -0.7667526 0.1413173 0.6193555 -0.7722877 0.8970915 0.4031981 0.1807157 0.5511554 -0.01225042 0.8343127 0.5942394 -0.2120289 0.7758373 0.5108593 0.6431235 -0.5704517 0.5515208 0.5922453 -0.5874269 0.01221501 0.5825245 -0.8127213 -0.0322194 0.2452976 -0.9689123 0.1073184 0.587992 -0.8017157 -0.3729656 -0.8799381 0.2942882 -0.1406481 -0.6358521 0.7588875 -0.1018123 -0.6285774 0.7710543 0.0702418 -0.6305388 0.7729728 0.03893756 -0.5919373 0.805043 -0.1676052 -0.6321566 0.7564963 -0.09526073 -0.6079728 0.7882224 0.06897807 -0.6399447 0.7653188 -0.4809724 -0.8555974 0.1913598 -0.2719199 -0.9179885 0.2887158 -0.05908417 -0.6145635 0.7866517 -0.0506221 -0.6145312 0.7872667 -0.1567934 -0.6408609 0.751474 0 0.6020331 -0.7984711 0.05127465 0.8464965 -0.5299194 0.009756743 0.593203 -0.8049939 0.4863855 0.5665732 -0.6651496 -0.08314603 -0.6205479 0.7797482 -0.1267538 -0.6324039 0.7641982 -0.09553176 -0.6285691 0.7718644 -0.0730462 -0.6261852 0.7762451 -0.03560817 -0.6052993 0.7952013 0.06827551 0.6091482 -0.7901121 0.09471911 0.6164724 -0.7816587 -0.1691449 0.2312098 -0.9580878 0.06710916 0.04251283 0.9968396 0 -0.4724591 0.8813526 0.01172679 -0.4623863 0.886601 0.2981294 0.8551971 0.4239774 0.1369476 0.03077125 0.9901003 0.1498258 0.01431965 0.9886088 0.08558082 0.8331335 -0.5464105 0.2447911 0.868253 0.4315254 0.1192032 0.8334094 -0.5396474 0.2622048 0.7946083 -0.5475824 0.5687433 0.762694 0.3079434 0.7604333 0.5838132 0.2844355 0.6299414 0.7217701 0.2867437 0.08370161 0.607558 -0.7898528 0.04577457 -0.5438088 0.8379598 0.06575584 -0.5816411 0.8107835 0.3476354 0.07736784 0.9344325 -0.008250832 -0.4846191 0.8746864 0.01346641 -0.4397341 0.8980272 0.274476 0.04039722 0.960745 0.4786157 0.8005778 0.3605585 0.09323006 -0.477218 0.8738256 -0.150612 -0.6205386 0.7695764 -0.1105654 -0.6256422 0.7722352 -0.1498165 -0.6292777 0.7626039 0.7320058 -0.3991568 0.5521245 0.04780608 -0.07521635 -0.9960206 -0.002735614 -0.5855001 0.8106678 0.9453608 0.3187028 0.06871283 0.4058126 0.07284945 0.9110483 0 0.5980717 -0.8014426 0.1140608 0.02274298 0.9932134 0.2018417 0.8716315 0.446675 -0.3202797 -0.8858278 0.3357533 -0.07530111 -0.621532 0.7797614 -0.03205662 -0.6089914 0.7925288 -0.0215947 -0.5970297 0.8019284 0.01468622 0.5926014 -0.8053621 0.02917164 0.5936712 -0.8041789 -0.09485948 0.2742204 -0.9569771 0.01926964 0.5859776 -0.8100982 0.1103605 0.878529 0.4647662 0 0.841762 -0.5398488 0 0.8859711 0.4637405 0.0135591 -0.4815343 0.8763225 0.2975636 -0.9519097 0.0729652 0.5197792 -0.5638725 -0.6417769 0.06242203 -0.4219318 0.9044762 0.1460522 0.8245336 -0.5466382 0.3583701 0.8381482 0.4111918 0.04812508 0.6025113 -0.7966581 -0.1097804 0.2810134 -0.9534043 -0.07566732 0.2814177 -0.9565975 -0.1615549 0.1763795 -0.9709739 -0.1638693 0.2076219 -0.9643858 -0.01347196 -0.5934152 0.8047839 -0.2077592 -0.978003 0.01861006 -0.0489661 -0.6171114 0.7853507 0.02402859 0.5879198 -0.8085623 0.01321166 0.5858109 -0.8103401 -0.270918 -0.9004582 0.3402625 -0.7813286 0.4061148 -0.4739162 0.1991288 -0.1303412 -0.9712666 -0.4712402 -0.03834974 -0.8811709 0.8059894 -0.05012255 0.5898041 -0.04541373 0.9912803 -0.1236975 -0.4864042 0.7966709 0.3587848 0.8801133 -0.3024835 -0.3659297 0.7067747 0.168416 -0.6870994 0.2259283 -0.04306882 0.9731914 -0.3605602 0.3279176 0.8731932 -0.5134593 0.8561675 -0.05776607 0.2081201 0.6292096 0.7488533 0.7165648 0.6602249 -0.2250292 0.1589649 0.9848966 0.06862229 -0.5703276 -0.5289583 -0.6284343 0.240245 -0.6224632 -0.7448637 -0.9975309 -0.04681414 -0.05235242 0.2306647 0.9723871 -0.03545439 -0.3675603 0.9276887 0.06552129 0.760336 0.6272261 0.1687501 0.761224 0.08321559 0.6431278 -0.7386994 0.4838708 0.4692466 -0.4486034 -0.01202332 0.8936501 0.2099758 -0.1668691 0.9633612 -0.6709077 0.4750504 0.5693945 0.7196469 0.6371323 -0.2759907 -0.5095886 0.8553949 -0.09283834 0.183853 0.9828647 0.0132361 -0.4907701 -0.07230448 -0.8682838 0.7026516 0.131209 -0.6993318 0.1766635 -0.1897148 -0.9658148 -0.7833191 0.381282 -0.4909536 0.5428825 0.8014887 -0.250788 0.9390818 0.3424693 0.02898931 0.92167 0.2515984 0.2953352 0.7307831 -0.6557954 0.1894426 0.9162331 0.04095739 -0.3985468 0.3755538 -0.8989768 0.225389 0.8905923 -0.4522928 -0.04771387 0.9741511 -0.02129751 -0.2248913 -0.8191035 -0.251374 0.5156362 -0.5989242 0.7895566 -0.1337537 0.1246584 0.9309964 -0.3430834 -0.7364812 0.6734964 -0.06323075 -0.08510988 -0.7851271 0.6134589 0.8778408 -0.3264961 -0.3504223 0.2116363 -0.6666987 -0.7146489 -0.6474752 0.7320351 -0.2118976 0.2390577 0.9297114 -0.2801578 -0.6777973 0.7079728 -0.1984072 0.9060525 -0.4033589 0.127948 0.8417874 0.4424979 -0.309176 0.222612 0.854999 -0.4684237 0.2608687 0.8950496 -0.3617097 0.868613 0.3765169 -0.3220973 -0.4960448 -0.7802636 0.3809569 0.1725628 -0.9418072 0.2884809 0.9284981 0.253003 0.2718102 -0.9979121 -0.04395294 -0.04732584 -0.8463493 0.5302132 -0.050664 -0.2188589 0.8247622 -0.52141 0.4569608 0.6181434 -0.6395981 0.8447442 0.5079692 -0.1684482 0.2342235 0.9297071 -0.2842255 0.2539339 -0.9273065 0.2749915 -0.5752882 -0.7805025 0.2446622 0.1978608 -0.9395406 0.27949 -0.9990034 0.04446333 -0.003927469 -0.9947357 -0.09165829 0.04582273 -0.9775211 0.1064405 0.1819975 -0.9701437 -0.03820735 0.2395027 0.8607823 -0.4917616 0.1312425 0.91558 -0.3890376 0.1017994 0.1711668 -0.879452 0.4441465 -0.6715027 -0.6297538 0.3905054 -0.976634 0.2137498 -0.02229595 -0.4682213 0.7998343 -0.3755449 0.2419811 0.661666 0.7096783 -0.6645538 0.5092838 0.5468074 -0.5978493 -0.5468054 -0.5861571 -0.622865 -0.6803672 0.3861861 0.7117758 0.5989876 -0.3668636 -0.6031275 -0.7626848 0.2335575 0.9320635 0.3418182 -0.1200748 0 -0.5955607 -0.8033105 -0.1056585 -0.4019454 -0.9095473 -0.2072431 -0.3136731 -0.9266388 -0.2616824 -0.3661267 -0.8930138 -0.3248773 -0.4089374 -0.852775 -0.4113783 -0.660132 -0.6284852 -0.4710991 -0.6166298 -0.6307403 -0.5031956 -0.5824776 -0.6383683 -0.4384844 -0.867725 0.234062 0 0.1394024 -0.9902358 0 -0.5822909 0.8129805 -0.02158778 -0.5014517 0.8649164 -0.008225083 -0.5000399 0.8659634 -0.01103264 -0.5022538 0.86465 0.005326986 -0.4877966 0.8729412 0 -0.6033968 0.7974411 -0.008657276 -0.6015943 0.7987549 0 0.02903765 0.9995784 0 -0.5887442 0.8083196 0.002925813 -0.5809753 0.8139159 0.02644157 -0.6034547 0.7969589 0.248886 -0.9660261 0.06963783 0.01347196 -0.593415 0.8047839 -0.1919474 0.8224375 -0.5354931 -0.4357677 0.8144986 0.3830127 -0.3583701 0.8381482 0.4111918 0.005502104 -0.5877174 0.8090476 0.01549673 -0.6045272 0.7964338 0.008118391 -0.5906115 0.8069154 -0.1929631 0.02141106 0.9809724 -0.9569657 0.2814404 -0.07076764 -0.6047667 -0.2550874 0.7544452 -0.9453608 0.3187028 0.06871283 -0.0769056 0.6088964 -0.7895129 -0.1071624 0.6074356 -0.7871075 -0.08370161 0.6075579 -0.7898529 -0.06366562 0.6046754 -0.7939234 -0.03570657 0.5940423 -0.8036411 -0.05603522 0.6024413 -0.7961938 -0.04368561 0.5990447 -0.799523 -0.1460522 0.8245335 -0.5466381 -0.1344771 0.5995136 -0.7889863 -0.1059693 0.6157603 -0.7807751 -0.1413176 0.6193559 -0.7722874 -0.02893841 0.592945 -0.8047228 -0.04812508 0.6025113 -0.7966581 -0.7000173 -0.376411 0.6068696 -0.972137 0.188628 -0.1391738 -0.7320016 -0.399163 0.5521255 0.334693 -0.02191162 -0.9420725 -0.4724664 0.5790197 -0.6644636 -0.1380048 0.6332187 -0.7615699 -0.7114136 -0.4226388 0.5614866 -0.01143753 0.5875968 -0.8090732 -0.101925 0.5630074 -0.8201428 -0.4654814 0.7214119 -0.51273 -0.3175101 0.746398 -0.5848738 -0.9654611 0.2323578 -0.1178761 -0.5000424 0.5693289 -0.6525506 -0.3021578 0.7610642 -0.5740051 -0.2622048 0.7946083 -0.5475824 0.3157958 -0.07717347 -0.9456835 -0.15526 0.6228852 -0.766752 -0.1267896 0.6249152 -0.7703282 -0.8970915 0.4031981 0.1807157 -0.5511555 -0.01225042 0.8343127 -0.7604333 0.5838132 0.2844355 -0.5515208 0.5922452 -0.5874269 -0.5108593 0.6431235 -0.5704516 -0.6751522 -0.2913652 0.677699 -0.01221501 0.5825245 -0.8127213 0.03221946 0.2452976 -0.9689123 0.07566648 0.2814176 -0.9565975 -0.1073175 0.5879919 -0.801716 0.1406452 -0.635844 0.7588949 0.3729693 -0.8799363 0.2942891 0.1018144 -0.6285769 0.7710545 -0.07023841 -0.6305409 0.7729713 -0.03893095 -0.5919366 0.8050439 0.1676049 -0.6321574 0.7564957 0.0952605 -0.6079726 0.7882226 -0.06897103 -0.6399444 0.7653197 0.480974 -0.8555984 0.1913514 0.1568013 -0.640865 0.7514688 0.05908387 -0.6145635 0.7866516 0.03560787 -0.6052994 0.7952012 -0.05127465 0.8464965 -0.5299193 -0.4961749 0.571003 -0.6540383 0.1267541 -0.6324059 0.7641966 0.08314561 -0.6205479 0.7797482 0.09553152 -0.6285693 0.7718644 0.07304638 -0.6261852 0.7762451 0.04896599 -0.6171115 0.7853507 -0.06827551 0.6091482 -0.790112 0.1691449 0.2312099 -0.9580878 -0.06710916 0.04251283 0.9968396 -0.2981295 0.8551971 0.4239774 -0.1369476 0.03077125 0.9901003 -0.2447911 0.868253 0.4315254 -0.08558082 0.8331335 -0.5464106 -0.2018417 0.8716315 0.446675 -0.5687434 0.762694 0.3079434 -0.4786157 0.8005778 0.3605585 -0.2223495 0.8034754 -0.5522572 -0.0457763 -0.5438069 0.837961 -0.06575584 -0.5816411 0.8107835 0.00825411 -0.4846208 0.8746855 -0.3476318 0.07736766 0.9344338 -0.01346468 -0.4397358 0.8980263 -0.2744751 0.0403968 0.9607453 -0.09323006 -0.477218 0.8738256 0.1506121 -0.6205392 0.769576 0.1105658 -0.6256422 0.772235 -0.9737907 0.1812379 -0.137422 -0.0478121 -0.07520455 -0.9960212 -0.5197736 -0.5638667 -0.6417865 -0.6299413 0.7217701 0.2867437 -0.009756743 0.5932031 -0.8049938 -0.1140608 0.02274298 0.9932134 0.3202797 -0.8858278 0.3357533 0.07530111 -0.621532 0.7797613 0.0320568 -0.6089914 0.7925288 -0.01468622 0.5926014 -0.8053621 -0.1192032 0.8334094 -0.5396474 0.09485852 0.2742211 -0.9569768 0.1097854 0.2810124 -0.9534041 -0.1103604 0.8785288 0.4647662 -0.4058126 0.07284945 0.9110483 -0.0135591 -0.4815343 0.8763225 -0.005326986 -0.4877966 0.8729412 -0.2975522 -0.9519126 0.07297426 -0.06242203 -0.4219318 0.9044762 -0.4863855 0.5665732 -0.6651496 0.1615564 0.1763824 -0.9709731 -0.01926964 0.5859776 -0.8100982 0.2077634 -0.9780019 0.01861798 0.002735614 -0.5855001 0.8106678 0.0506221 -0.6145313 0.7872667 0.02159464 -0.5970298 0.8019284 -0.02402859 0.5879198 -0.8085622 0.2831038 -0.9492689 0.1368968 -0.02917164 0.5936712 -0.8041789 0.2709196 -0.9004591 0.3402587 0.7813286 0.4061148 -0.4739162 0.4712402 -0.03834974 -0.8811709 -0.1991288 -0.1303412 -0.9712666 -0.8059894 -0.05012255 0.5898041 0.4864042 0.7966709 0.3587848 0.04541373 0.9912803 -0.1236975 -0.8801133 -0.3024835 -0.3659297 -0.7067747 0.168416 -0.6870994 -0.2259283 -0.04306882 0.9731914 0.3605602 0.3279176 0.8731932 0.5134593 0.8561675 -0.05776607 -0.2081201 0.6292096 0.7488533 -0.1589649 0.9848966 0.06862229 -0.7165648 0.6602249 -0.2250292 0.5703276 -0.5289583 -0.6284343 -0.240245 -0.6224632 -0.7448637 0.9975309 -0.04681414 -0.05235242 -0.2306647 0.9723871 -0.03545439 -0.760336 0.6272261 0.1687501 0.3675603 0.9276887 0.06552129 -0.761224 0.08321559 0.6431278 0.4486034 -0.01202332 0.8936501 0.7386994 0.4838708 0.4692466 -0.2099758 -0.1668691 0.9633612 0.6709077 0.4750504 0.5693945 -0.7196469 0.6371323 -0.2759907 -0.183853 0.9828647 0.0132361 0.5095886 0.8553949 -0.09283834 0.4907701 -0.07230448 -0.8682838 -0.1766635 -0.1897148 -0.9658148 -0.7026516 0.131209 -0.6993318 0.7833191 0.381282 -0.4909536 -0.5428825 0.8014887 -0.250788 -0.9390818 0.3424693 0.02898931 -0.92167 0.2515984 0.2953352 -0.9162331 0.04095739 -0.3985468 -0.7307831 -0.6557954 0.1894426 -0.3755538 -0.8989768 0.225389 -0.9741511 -0.02129751 -0.2248913 -0.8905923 -0.4522928 -0.04771387 0.8191035 -0.251374 0.5156362 0.5989242 0.7895566 -0.1337537 0.7364812 0.6734964 -0.06323075 -0.1246584 0.9309964 -0.3430834 0.08510988 -0.7851271 0.6134589 -0.2116363 -0.6666987 -0.7146489 -0.8778408 -0.3264961 -0.3504223 0.6474752 0.7320351 -0.2118976 0.6777973 0.7079728 -0.1984072 -0.2390577 0.9297114 -0.2801578 -0.8417874 0.4424979 -0.309176 -0.9060525 -0.4033589 0.127948 -0.222612 0.854999 -0.4684237 -0.2608687 0.8950496 -0.3617097 -0.868613 0.3765169 -0.3220973 0.4960448 -0.7802636 0.3809569 -0.1725628 -0.9418072 0.2884809 -0.9284981 0.253003 0.2718102 0.9979121 -0.04395294 -0.04732584 0.8463493 0.5302132 -0.050664 0.2188589 0.8247622 -0.52141 -0.4569608 0.6181434 -0.6395981 -0.8447442 0.5079692 -0.1684482 -0.2342235 0.9297071 -0.2842255 -0.2539339 -0.9273065 0.2749915 -0.1978608 -0.9395406 0.27949 0.5752882 -0.7805025 0.2446622 0.9990034 0.04446333 -0.003927469 0.9947357 -0.09165829 0.04582273 0.9775211 0.1064405 0.1819975 0.9701437 -0.03820735 0.2395027 -0.91558 -0.3890376 0.1017994 -0.8607823 -0.4917616 0.1312425 -0.1711668 -0.879452 0.4441465 0.6715027 -0.6297538 0.3905054 0.976634 0.2137498 -0.02229595 0.4682213 0.7998343 -0.3755449 -0.2419811 0.661666 0.7096783 0.6645538 0.5092838 0.5468074 0.5978493 -0.5468054 -0.5861571 0.622865 -0.6803672 0.3861861 -0.7117758 0.5989876 -0.3668636 0.6031275 -0.7626848 0.2335575 -0.9320635 0.3418182 -0.1200748 0.1022504 -0.9927629 0.06298208 0.1056588 -0.4019444 -0.9095478 0.2072465 -0.313679 -0.926636 0.2616883 -0.3661357 -0.8930084 0.324887 -0.4089464 -0.8527669 0.4113804 -0.6601287 -0.6284873 0.1638692 0.2076212 -0.9643861 0.4710988 -0.6166295 -0.6307408 0.5032016 -0.5824785 -0.6383627 0.4384889 -0.8677229 0.2340609 0.2719225 -0.9179882 0.288714 -0.09471911 0.6164724 -0.7816587 0.1498177 -0.6292778 0.7626035 -0.01321166 0.5858108 -0.8103401 -0.01332479 0.584115 -0.8115615 -0.5942394 -0.2120289 0.7758371 0.02158778 -0.5014517 0.8649164 0.01103264 -0.5022538 0.8646499 0.008225083 -0.5000399 0.8659633 -0.2238835 0.01602196 0.9744842 -0.01172679 -0.4623863 0.886601 0.008657097 -0.6015941 0.7987551 -0.1498258 0.01431965 0.9886088</float_array>
          <technique_common>
            <accessor source="#spoiler_B_color_001-mesh-normals-array" count="475" stride="3">
              <param name="X" type="float"/>
              <param name="Y" type="float"/>
              <param name="Z" type="float"/>
            </accessor>
          </technique_common>
        </source>
        <source id="spoiler_B_color_001-mesh-map-0">
          <float_array id="spoiler_B_color_001-mesh-map-0-array" count="4908">0.8641067 0.9550407 0.8222687 0.9561923 0.8641431 0.9544206 0.9238856 0.9426614 0.9050797 0.9480265 0.9239647 0.941963 0.9388113 0.9671693 0.9516329 0.9620167 0.951643 0.9616249 0.8829557 0.9739637 0.863405 0.9669639 0.8836624 0.9641792 0.9516329 0.9620167 0.9388406 0.9667232 0.951658 0.9612399 0.9837576 0.9422681 0.983089 0.9428989 0.9836397 0.9417025 0.9537584 0.9458243 0.9653517 0.9523656 0.9667424 0.9397957 0.939284 0.9630793 0.9223406 0.9577047 0.9211639 0.968251 0.9211639 0.968251 0.9388113 0.9671693 0.939284 0.9630793 0.9738211 0.9473734 0.9667424 0.9397957 0.9653517 0.9523656 0.9407745 0.951853 0.9238433 0.9442659 0.9223406 0.9577047 0.9842146 0.9398854 0.98585 0.925901 0.9843277 0.9404338 0.9860135 0.9149971 0.9837659 0.9158884 0.9837153 0.9165115 0.98585 0.925901 0.9866038 0.9139776 0.9867314 0.9141302 0.8222879 0.9594254 0.8634091 0.9693544 0.864117 0.9580124 0.9811769 0.9442501 0.9797569 0.9465674 0.9819595 0.9450848 0.9843277 0.9404338 0.9851616 0.9265698 0.9834745 0.941175 0.9653517 0.9523656 0.9736636 0.9506627 0.9738211 0.9473734 0.9837153 0.9165115 0.9762738 0.9202935 0.9761982 0.9209781 0.9827182 0.9283938 0.9761982 0.9209781 0.9747303 0.9340947 0.9826946 0.9443541 0.9821012 0.9444954 0.9825765 0.9437436 0.9811769 0.9442501 0.9822139 0.9445402 0.9826098 0.9440057 0.9843277 0.9404338 0.9836397 0.9417025 0.9842146 0.9398854 0.8845649 0.9544728 0.8641539 0.9574227 0.864117 0.9580124 0.9747303 0.9340947 0.981543 0.9426231 0.9827182 0.9283938 0.9688566 0.9236555 0.9778375 0.9194117 0.9687545 0.9243885 0.9851981 0.9256254 0.9842146 0.9398854 0.9834517 0.9400028 0.9827761 0.9274008 0.9834517 0.9400028 0.9807022 0.9418253 0.9860822 0.9142088 0.983881 0.9150437 0.9861283 0.9136163 0.9408101 0.9507896 0.9238856 0.9426614 0.9427489 0.9366355 0.9827761 0.9274008 0.9778375 0.9194117 0.9838275 0.9156587 0.8219298 0.9798629 0.8626789 0.981881 0.8628582 0.9784175 0.9837576 0.9422681 0.9834745 0.941175 0.982832 0.9431653 0.9538009 0.9446387 0.9664504 0.9506511 0.9528719 0.9561774 0.9392934 0.9617035 0.922365 0.956092 0.9408101 0.9507896 0.9556773 0.9315214 0.9667424 0.9397957 0.968681 0.9254449 0.9761982 0.9209781 0.9687819 0.9246985 0.968681 0.9254449 0.9528719 0.9561774 0.9408101 0.9507896 0.9538009 0.9446387 0.8626903 0.9813368 0.8218883 0.9816016 0.8627336 0.9801204 0.920803 0.9724717 0.9027832 0.9766252 0.9208119 0.9716742 0.8827236 0.979498 0.9027621 0.9774367 0.9027683 0.977115 0.9644747 0.9560806 0.9736708 0.9511712 0.9736636 0.9506627 0.982235 0.9451057 0.9797569 0.9465674 0.9798784 0.9469882 0.9736636 0.9506627 0.9797569 0.9465674 0.9811769 0.9442501 0.9523178 0.9577225 0.9644747 0.9560806 0.9653517 0.9523656 0.9407745 0.951853 0.9523178 0.9577225 0.9537584 0.9458243 0.9834517 0.9400028 0.9826307 0.9424601 0.9807022 0.9418253 0.9826307 0.9424601 0.9822723 0.9430593 0.9807022 0.9418253 0.9736477 0.950468 0.9649779 0.9544602 0.9739125 0.9493824 0.9644754 0.9557566 0.9736708 0.9511712 0.964422 0.9565265 0.9822723 0.9430593 0.9819113 0.943333 0.9807022 0.9418253 0.9746919 0.9462166 0.9667916 0.9384879 0.9763295 0.9322888 0.9857217 0.92557 0.9860822 0.9142088 0.9866038 0.9139776 0.9867314 0.9141302 0.986053 0.9143939 0.9860135 0.9149971 0.8836624 0.9641792 0.8641067 0.9550407 0.8845644 0.9518638 0.9826098 0.9440057 0.9826946 0.9443541 0.9832065 0.9434954 0.9798784 0.9469882 0.9736477 0.950468 0.979766 0.9463554 0.8220877 0.9707688 0.8628582 0.9784175 0.8634091 0.9693544 0.8827368 0.978981 0.9027621 0.9774367 0.8827254 0.9798099 0.9558532 0.9297775 0.9687545 0.9243885 0.9557517 0.930512 0.9557517 0.930512 0.9667916 0.9384879 0.9538009 0.9446387 0.9030514 0.9713744 0.8836624 0.9641792 0.9039199 0.9613946 0.882951 0.9759201 0.9027683 0.977115 0.9030438 0.9734226 0.9238433 0.9442659 0.9050707 0.950277 0.9050131 0.9509333 0.9819595 0.9450848 0.9826946 0.9443541 0.9822139 0.9445402 0.8626886 0.9821832 0.8218773 0.9833647 0.8218735 0.9836854 0.979766 0.9463554 0.982235 0.9451057 0.9798784 0.9469882 0.8827925 0.9777052 0.9027832 0.9766252 0.8827368 0.978981 0.939284 0.9630793 0.951643 0.9616249 0.9523178 0.9577225 0.9867314 0.9141302 0.9866476 0.913375 0.986782 0.9135197 0.9802173 0.9450984 0.9746919 0.9462166 0.9807022 0.9418253 0.982832 0.9431653 0.9832065 0.9434954 0.9837576 0.9422681 0.9736636 0.9506627 0.9798784 0.9469882 0.9797569 0.9465674 0.9207898 0.9721421 0.9388439 0.9675068 0.9388113 0.9671693 0.9426738 0.9375984 0.9239216 0.943567 0.9238433 0.9442659 0.9050131 0.9509333 0.8846123 0.9538499 0.8845649 0.9544728 0.9427725 0.9368571 0.9556773 0.9315214 0.9557771 0.9307777 0.9050224 0.9486873 0.8846114 0.9512235 0.9050797 0.9480265 0.9427489 0.9366355 0.9538009 0.9446387 0.9408101 0.9507896 0.9211724 0.966539 0.9039199 0.9613946 0.922365 0.956092 0.9039199 0.9613946 0.8845644 0.9518638 0.9050224 0.9486873 0.9039067 0.9635562 0.8845649 0.9544728 0.8836578 0.9664553 0.9223406 0.9577047 0.9050131 0.9509333 0.9039067 0.9635562 0.9426738 0.9375984 0.9537584 0.9458243 0.9556773 0.9315214 0.9427489 0.9366355 0.9239647 0.941963 0.9428498 0.9358995 0.9030438 0.9734226 0.9207898 0.9721421 0.9211639 0.968251 0.9428498 0.9358995 0.9557517 0.930512 0.9427489 0.9366355 0.8385428 0.5058026 0.8483952 0.4994395 0.8415566 0.5005736 0.8403132 0.454308 0.8309702 0.4461472 0.82744 0.451914 0.4984945 0.5063081 0.4994395 0.4994557 0.5032301 0.5023452 0.8349109 0.4584261 0.82744 0.451914 0.8291893 0.4573656 0.8415764 0.5111577 0.8539152 0.5032301 0.8385428 0.5058026 0.8484361 0.5078921 0.853912 0.5091102 0.8484005 0.5126277 0.8415773 0.4958379 0.8483952 0.4994395 0.8484173 0.4946935 0.5010671 0.5079672 0.5005735 0.5001969 0.4958379 0.5041651 0.5859732 0.4644186 0.57902 0.4660074 0.5914596 0.4674919 0.5913358 0.4729165 0.5758353 0.4710631 0.5788152 0.4757798 0.5913358 0.4729165 0.5788152 0.4757798 0.5857191 0.4766008 0.5064221 0.5119487 0.5058026 0.503999 0.5010671 0.5079672 0.5931417 0.5728673 0.5798327 0.5755869 0.5872102 0.577099 0.853912 0.5091102 0.8415764 0.5111577 0.8484005 0.5126277 0.5913358 0.4729165 0.57902 0.4660074 0.5758353 0.4710631 0.5798295 0.5633332 0.5931354 0.5660527 0.5872122 0.5618211 0.5765388 0.5694653 0.5931417 0.5728673 0.5931354 0.5660527 0.8371474 0.4444493 0.8309702 0.4461472 0.8412929 0.4480909 0.5043746 0.5106226 0.5032301 0.5023452 0.5091102 0.5066556 0.8484361 0.5078921 0.8415764 0.5111577 0.84159 0.5064221 0.4857682 0.4480909 0.477389 0.4463657 0.4799091 0.4401443 0.8477893 0.5044622 0.8362948 0.4468885 0.8500238 0.5044412 0.4907558 0.451914 0.4813897 0.44944 0.4872487 0.4573656 0.844676 0.5069307 0.8338503 0.4458951 0.8310426 0.4458059 0.8403132 0.454308 0.831723 0.4504838 0.8371096 0.4463656 0.5618211 0.5379441 0.5610126 0.5454265 0.5567811 0.5426472 0.582735 0.5462455 0.584836 0.4675015 0.5819978 0.4674615 0.5490319 0.4674919 0.5403272 0.4638494 0.5442859 0.4584251 0.5859732 0.4644186 0.5906269 0.4584251 0.5851364 0.455358 0.8475143 0.507084 0.8361835 0.4463813 0.8338503 0.4458951 0.8448965 0.5041545 0.8341055 0.447027 0.8477893 0.5044622 0.5660526 0.5407288 0.5678167 0.5498985 0.5610126 0.5454265 0.5633332 0.5389416 0.5644147 0.5476579 0.5694653 0.5429633 0.8309702 0.4461472 0.8242427 0.4439989 0.82744 0.451914 0.8371474 0.4444493 0.8277834 0.438228 0.8309702 0.4461472 0.4895587 0.4444492 0.4799091 0.4401443 0.4836997 0.436507 0.5712082 0.5461301 0.550271 0.4675015 0.5739803 0.5463054 0.5861181 0.5430441 0.5819978 0.467113 0.5848423 0.4670689 0.5693813 0.545961 0.5495674 0.4674616 0.5467219 0.4672873 0.5057607 0.5071429 0.4880468 0.4458058 0.4851697 0.4461755 0.5861181 0.5430441 0.5871157 0.4671908 0.5883914 0.5432761 0.5788152 0.4757798 0.5848812 0.4675372 0.5857191 0.4766008 0.548339 0.4710631 0.5397812 0.4667118 0.5445169 0.4757798 0.5516359 0.4660073 0.5435928 0.4619982 0.548339 0.4710631 0.5859732 0.4644186 0.5781926 0.4569425 0.57902 0.4660074 0.5913358 0.4729165 0.5848812 0.4675372 0.5905114 0.4638494 0.5798327 0.5755869 0.5872185 0.5720588 0.5872102 0.577099 0.5694653 0.5429633 0.5705364 0.5516878 0.5755869 0.54699 0.5872122 0.5618211 0.5798306 0.5582932 0.5798295 0.5633332 0.5728674 0.5452008 0.5720588 0.5526863 0.5678167 0.5498985 0.4824606 0.446711 0.5025686 0.5041545 0.4851697 0.4461755 0.4851697 0.4461755 0.5025686 0.5041545 0.5057607 0.5071429 0.4871017 0.4463813 0.5077872 0.5074968 0.4840146 0.4468885 0.4840146 0.4468885 0.5077872 0.5074968 0.5041961 0.5044412 0.8291893 0.4872487 0.831723 0.47804 0.8349109 0.4838992 0.5438764 0.467113 0.5667669 0.5431282 0.5467219 0.4672873 0.5467219 0.4672873 0.5667669 0.5431282 0.5693813 0.545961 0.5483074 0.4673838 0.5712084 0.5461301 0.5451468 0.4671907 0.5451468 0.4671907 0.5712084 0.5461301 0.5680583 0.5432761 0.8385428 0.5058026 0.8539152 0.5032301 0.8483952 0.4994395 0.8403132 0.454308 0.8412929 0.4480909 0.8309702 0.4461472 0.4984945 0.5063081 0.4946934 0.5034288 0.4994395 0.4994557 0.8349109 0.4584261 0.8403132 0.454308 0.82744 0.451914 0.8415764 0.5111577 0.853912 0.5091102 0.8539152 0.5032301 0.8484361 0.5078921 0.8539341 0.5043746 0.853912 0.5091102 0.8415773 0.4958379 0.8415566 0.5005736 0.8483952 0.4994395 0.5010671 0.5079672 0.5058026 0.503999 0.5005735 0.5001969 0.5064221 0.5119487 0.5111577 0.5079829 0.5058026 0.503999 0.5913358 0.4729165 0.5914596 0.4674919 0.57902 0.4660074 0.5798295 0.5633332 0.5765388 0.5694653 0.5931354 0.5660527 0.5765388 0.5694653 0.5798327 0.5755869 0.5931417 0.5728673 0.5043746 0.5106226 0.4984945 0.5063081 0.5032301 0.5023452 0.8484361 0.5078921 0.8484005 0.5126277 0.8415764 0.5111577 0.4857682 0.4480909 0.4832482 0.454308 0.477389 0.4463657 0.8477893 0.5044622 0.8341055 0.447027 0.8362948 0.4468885 0.4907558 0.451914 0.4849072 0.4439989 0.4813897 0.44944 0.844676 0.5069307 0.8475143 0.507084 0.8338503 0.4458951 0.8403132 0.454308 0.8349109 0.4584261 0.831723 0.4504838 0.5618211 0.5379441 0.5660526 0.5407288 0.5610126 0.5454265 0.582735 0.5462455 0.5863523 0.5463055 0.584836 0.4675015 0.5490319 0.4674919 0.5450628 0.4729164 0.5403272 0.4638494 0.5859732 0.4644186 0.5914596 0.4674919 0.5906269 0.4584251 0.8475143 0.507084 0.8498947 0.5074968 0.8361835 0.4463813 0.8448965 0.5041545 0.8312442 0.446711 0.8341055 0.447027 0.5660526 0.5407288 0.5728674 0.5452008 0.5678167 0.5498985 0.5633332 0.5389416 0.5582932 0.5436404 0.5644147 0.5476579 0.8309702 0.4461472 0.8277834 0.438228 0.8242427 0.4439989 0.8371474 0.4444493 0.8339564 0.436507 0.8277834 0.438228 0.4895587 0.4444492 0.4857682 0.4480909 0.4799091 0.4401443 0.5888649 0.5461301 0.5871188 0.4673838 0.584836 0.4675015 0.5861181 0.5430441 0.5832809 0.5431281 0.5819978 0.467113 0.5693813 0.545961 0.5729199 0.5462455 0.5495674 0.4674616 0.5057607 0.5071429 0.5087321 0.5069307 0.4880468 0.4458058 0.5861181 0.5430441 0.5848423 0.4670689 0.5871157 0.4671908 0.5788152 0.4757798 0.5779867 0.4667118 0.5848812 0.4675372 0.548339 0.4710631 0.5435928 0.4619982 0.5397812 0.4667118 0.5516359 0.4660073 0.5469004 0.4569425 0.5435928 0.4619982 0.5859732 0.4644186 0.5851364 0.455358 0.5781926 0.4569425 0.5913358 0.4729165 0.5857191 0.4766008 0.5848812 0.4675372 0.5798327 0.5755869 0.5798254 0.5705364 0.5872185 0.5720588 0.5694653 0.5429633 0.5644147 0.5476579 0.5705364 0.5516878 0.5872122 0.5618211 0.5872164 0.5567811 0.5798306 0.5582932 0.5728674 0.5452008 0.577099 0.5479822 0.5720588 0.5526863 0.8291893 0.4872487 0.8260077 0.4813897 0.831723 0.47804 0.8845644 0.9518638 0.8641431 0.9544206 0.8846114 0.9512235 0.8222835 0.9575139 0.8641539 0.9574227 0.8641485 0.9559217 0.8641485 0.9559217 0.8846123 0.9538499 0.8846118 0.9525366 0.9050752 0.9491518 0.9239216 0.943567 0.9239432 0.942765 0.9239432 0.942765 0.9427725 0.9368571 0.9428112 0.9363784 0.8846118 0.9525366 0.9050707 0.950277 0.9050752 0.9491518 0.9428112 0.9363784 0.9557771 0.9307777 0.9558151 0.9302775 0.9558151 0.9302775 0.9688566 0.9236555 0.9558532 0.9297775 0.9688192 0.9241769 0.9687819 0.9246985 0.9762738 0.9202935 0.986053 0.9143939 0.986782 0.9135197 0.9861283 0.9136163 0.98585 0.925901 0.9860135 0.9149971 0.9851616 0.9265698 0.9866038 0.9139776 0.9861283 0.9136163 0.9866476 0.913375 0.9747303 0.9340947 0.968681 0.9254449 0.9667424 0.9397957 0.9557771 0.9307777 0.968681 0.9254449 0.9687819 0.9246985 0.9838275 0.9156587 0.9779159 0.918742 0.983881 0.9150437 0.9851981 0.9256254 0.9838275 0.9156587 0.9860822 0.9142088 0.9687545 0.9243885 0.9763295 0.9322888 0.9667916 0.9384879 0.8836578 0.9664553 0.864117 0.9580124 0.8634091 0.9693544 0.8222983 0.9588355 0.864117 0.9580124 0.8641539 0.9574227 0.9851616 0.9265698 0.9837153 0.9165115 0.9827182 0.9283938 0.922365 0.956092 0.9050224 0.9486873 0.9238856 0.9426614 0.863405 0.9669639 0.8222591 0.9568039 0.8641067 0.9550407 0.9687819 0.9246985 0.9558151 0.9302775 0.9557771 0.9307777 0.9558532 0.9297775 0.9428112 0.9363784 0.9558151 0.9302775 0.8846114 0.9512235 0.9050752 0.9491518 0.9050797 0.9480265 0.9239647 0.941963 0.9428112 0.9363784 0.9428498 0.9358995 0.9050797 0.9480265 0.9239432 0.942765 0.9239647 0.941963 0.8641431 0.9544206 0.8846118 0.9525366 0.8846114 0.9512235 0.8222687 0.9561923 0.8641485 0.9559217 0.8641431 0.9544206 0.9832065 0.9434954 0.9825765 0.9437436 0.983089 0.9428989 0.9519668 0.9599534 0.9392934 0.9617035 0.9528719 0.9561774 0.9209036 0.9703683 0.9388406 0.9667232 0.9208119 0.9716742 0.9802173 0.9450984 0.9807022 0.9418253 0.9819113 0.943333 0.983089 0.9428989 0.9822723 0.9430593 0.9826307 0.9424601 0.9825765 0.9437436 0.9819113 0.943333 0.9822723 0.9430593 0.9821012 0.9444954 0.979766 0.9463554 0.9819113 0.943333 0.9834517 0.9400028 0.9836397 0.9417025 0.9826307 0.9424601 0.9211724 0.966539 0.9389557 0.9654466 0.9209036 0.9703683 0.951658 0.9612399 0.9389557 0.9654466 0.9519668 0.9599534 0.979766 0.9463554 0.9739125 0.9493824 0.9802173 0.9450984 0.8829557 0.9739637 0.9028514 0.9752901 0.8827925 0.9777052 0.9739125 0.9493824 0.9664504 0.9506511 0.9746919 0.9462166 0.979766 0.9463554 0.9802173 0.9450984 0.9819113 0.943333 0.9822139 0.9445402 0.9811769 0.9442501 0.9819595 0.9450848 0.9811769 0.9442501 0.9826098 0.9440057 0.982832 0.9431653 0.981543 0.9426231 0.982832 0.9431653 0.9834745 0.941175 0.9738211 0.9473734 0.9811769 0.9442501 0.981543 0.9426231 0.9763295 0.9322888 0.9807022 0.9418253 0.9746919 0.9462166 0.8627336 0.9801204 0.8219267 0.9780697 0.86286 0.976553 0.821875 0.9828335 0.8626886 0.9821832 0.8218735 0.9836854 0.86286 0.976553 0.8827925 0.9777052 0.8627336 0.9801204 0.8627336 0.9801204 0.8827368 0.978981 0.8626903 0.9813368 0.8628582 0.9784175 0.8827236 0.979498 0.882951 0.9759201 0.8626903 0.9813368 0.8827254 0.9798099 0.8626886 0.9821832 0.8626789 0.981881 0.8827254 0.9798099 0.8827236 0.979498 0.9030514 0.9713744 0.9209036 0.9703683 0.9028514 0.9752901 0.9028514 0.9752901 0.9208119 0.9716742 0.9027832 0.9766252 0.9388439 0.9675068 0.9208119 0.9716742 0.9388406 0.9667232 0.9644754 0.9557566 0.9519668 0.9599534 0.9649779 0.9544602 0.9649779 0.9544602 0.9528719 0.9561774 0.9664504 0.9506511 0.964422 0.9565265 0.951658 0.9612399 0.9644754 0.9557566 0.9027683 0.977115 0.920803 0.9724717 0.9207898 0.9721421 0.86286 0.976553 0.8220729 0.968567 0.863405 0.9669639 0.8634091 0.9693544 0.882951 0.9759201 0.8836578 0.9664553 0.8836578 0.9664553 0.9030438 0.9734226 0.9039067 0.9635562 0.951643 0.9616249 0.964422 0.9565265 0.9644747 0.9560806 0.9211639 0.968251 0.9039067 0.9635562 0.9030438 0.9734226 0.9834745 0.941175 0.9827182 0.9283938 0.981543 0.9426231 0.8641067 0.9550407 0.8222687 0.9561923 0.8222591 0.9568039 0.9238856 0.9426614 0.9050797 0.9480265 0.9050224 0.9486873 0.9388113 0.9671693 0.9516329 0.9620167 0.9388439 0.9675068 0.863405 0.9669639 0.8829557 0.9739637 0.8836624 0.9641792 0.9516329 0.9620167 0.9388406 0.9667232 0.9388439 0.9675068 0.9837576 0.9422681 0.983089 0.9428989 0.9832065 0.9434954 0.9537584 0.9458243 0.9653517 0.9523656 0.9523178 0.9577225 0.939284 0.9630793 0.9223406 0.9577047 0.9407745 0.951853 0.9211639 0.968251 0.9388113 0.9671693 0.9207898 0.9721421 0.9738211 0.9473734 0.9667424 0.9397957 0.9747303 0.9340947 0.9407745 0.951853 0.9238433 0.9442659 0.9426738 0.9375984 0.9842146 0.9398854 0.98585 0.925901 0.9857217 0.92557 0.9837659 0.9158884 0.9860135 0.9149971 0.9837153 0.9165115 0.98585 0.925901 0.9866038 0.9139776 0.9857217 0.92557 0.8222879 0.9594254 0.8634091 0.9693544 0.8220877 0.9707688 0.9811769 0.9442501 0.9819595 0.9450848 0.9797569 0.9465674 0.9843277 0.9404338 0.9851616 0.9265698 0.98585 0.925901 0.9653517 0.9523656 0.9736636 0.9506627 0.9644747 0.9560806 0.9837153 0.9165115 0.9762738 0.9202935 0.9837659 0.9158884 0.9827182 0.9283938 0.9761982 0.9209781 0.9837153 0.9165115 0.9826946 0.9443541 0.9821012 0.9444954 0.982235 0.9451057 0.9811769 0.9442501 0.9826098 0.9440057 0.9822139 0.9445402 0.9843277 0.9404338 0.9836397 0.9417025 0.9837576 0.9422681 0.8845649 0.9544728 0.8641539 0.9574227 0.8846123 0.9538499 0.981543 0.9426231 0.9747303 0.9340947 0.9827182 0.9283938 0.9778375 0.9194117 0.9688566 0.9236555 0.9687545 0.9243885 0.9851981 0.9256254 0.9842146 0.9398854 0.9857217 0.92557 0.9834517 0.9400028 0.9827761 0.9274008 0.9807022 0.9418253 0.9860822 0.9142088 0.983881 0.9150437 0.9838275 0.9156587 0.9408101 0.9507896 0.9238856 0.9426614 0.922365 0.956092 0.9778375 0.9194117 0.9827761 0.9274008 0.9838275 0.9156587 0.8219298 0.9798629 0.8626789 0.981881 0.8218773 0.9833647 0.9837576 0.9422681 0.9834745 0.941175 0.9843277 0.9404338 0.9664504 0.9506511 0.9538009 0.9446387 0.9528719 0.9561774 0.9392934 0.9617035 0.922365 0.956092 0.9211724 0.966539 0.9556773 0.9315214 0.9667424 0.9397957 0.9537584 0.9458243 0.9761982 0.9209781 0.9687819 0.9246985 0.9762738 0.9202935 0.9408101 0.9507896 0.9528719 0.9561774 0.9538009 0.9446387 0.8626903 0.9813368 0.8218883 0.9816016 0.821875 0.9828335 0.920803 0.9724717 0.9027832 0.9766252 0.9027621 0.9774367 0.8827236 0.979498 0.9027621 0.9774367 0.8827254 0.9798099 0.9644747 0.9560806 0.9736708 0.9511712 0.964422 0.9565265 0.982235 0.9451057 0.9797569 0.9465674 0.9819595 0.9450848 0.9736636 0.9506627 0.9811769 0.9442501 0.9797569 0.9465674 0.9523178 0.9577225 0.9644747 0.9560806 0.951643 0.9616249 0.9407745 0.951853 0.9523178 0.9577225 0.939284 0.9630793 0.9834517 0.9400028 0.9807022 0.9418253 0.9826307 0.9424601 0.9826307 0.9424601 0.9807022 0.9418253 0.9822723 0.9430593 0.9649779 0.9544602 0.9736477 0.950468 0.9739125 0.9493824 0.9644754 0.9557566 0.9736708 0.9511712 0.9736477 0.950468 0.9822723 0.9430593 0.9807022 0.9418253 0.9819113 0.943333 0.9746919 0.9462166 0.9667916 0.9384879 0.9664504 0.9506511 0.9860822 0.9142088 0.9857217 0.92557 0.9866038 0.9139776 0.9867314 0.9141302 0.986053 0.9143939 0.986782 0.9135197 0.8836624 0.9641792 0.8641067 0.9550407 0.863405 0.9669639 0.9826098 0.9440057 0.9826946 0.9443541 0.9822139 0.9445402 0.9798784 0.9469882 0.9736477 0.950468 0.9736708 0.9511712 0.8628582 0.9784175 0.8220877 0.9707688 0.8634091 0.9693544 0.8827368 0.978981 0.9027621 0.9774367 0.9027832 0.9766252 0.9558532 0.9297775 0.9687545 0.9243885 0.9688566 0.9236555 0.9557517 0.930512 0.9667916 0.9384879 0.9687545 0.9243885 0.9030514 0.9713744 0.8836624 0.9641792 0.8829557 0.9739637 0.882951 0.9759201 0.9027683 0.977115 0.8827236 0.979498 0.9238433 0.9442659 0.9050707 0.950277 0.9239216 0.943567 0.9819595 0.9450848 0.9826946 0.9443541 0.982235 0.9451057 0.8626886 0.9821832 0.8218773 0.9833647 0.8626789 0.981881 0.979766 0.9463554 0.982235 0.9451057 0.9821012 0.9444954 0.8827925 0.9777052 0.9027832 0.9766252 0.9028514 0.9752901 0.939284 0.9630793 0.951643 0.9616249 0.9388113 0.9671693 0.9867314 0.9141302 0.9866476 0.913375 0.9866038 0.9139776 0.9802173 0.9450984 0.9746919 0.9462166 0.9739125 0.9493824 0.982832 0.9431653 0.9832065 0.9434954 0.9826098 0.9440057 0.9736636 0.9506627 0.9798784 0.9469882 0.9736708 0.9511712 0.9207898 0.9721421 0.9388439 0.9675068 0.920803 0.9724717 0.9426738 0.9375984 0.9239216 0.943567 0.9427725 0.9368571 0.9050131 0.9509333 0.8846123 0.9538499 0.9050707 0.950277 0.9427725 0.9368571 0.9556773 0.9315214 0.9426738 0.9375984 0.9050224 0.9486873 0.8846114 0.9512235 0.8845644 0.9518638 0.9427489 0.9366355 0.9538009 0.9446387 0.9557517 0.930512 0.9039199 0.9613946 0.9211724 0.966539 0.922365 0.956092 0.9039199 0.9613946 0.8845644 0.9518638 0.8836624 0.9641792 0.9039067 0.9635562 0.8845649 0.9544728 0.9050131 0.9509333 0.9223406 0.9577047 0.9050131 0.9509333 0.9238433 0.9442659 0.9426738 0.9375984 0.9537584 0.9458243 0.9407745 0.951853 0.9427489 0.9366355 0.9239647 0.941963 0.9238856 0.9426614 0.9030438 0.9734226 0.9207898 0.9721421 0.9027683 0.977115 0.9428498 0.9358995 0.9557517 0.930512 0.9558532 0.9297775 0.8385428 0.5058026 0.8415566 0.5005736 0.8483952 0.4994395 0.8403132 0.454308 0.82744 0.451914 0.8309702 0.4461472 0.4984945 0.5063081 0.5032301 0.5023452 0.4994395 0.4994557 0.8349109 0.4584261 0.8291893 0.4573656 0.82744 0.451914 0.8415764 0.5111577 0.8385428 0.5058026 0.8539152 0.5032301 0.8484361 0.5078921 0.8484005 0.5126277 0.853912 0.5091102 0.8415773 0.4958379 0.8484173 0.4946935 0.8483952 0.4994395 0.5010671 0.5079672 0.4958379 0.5041651 0.5005735 0.5001969 0.5859732 0.4644186 0.5914596 0.4674919 0.57902 0.4660074 0.5913358 0.4729165 0.5788152 0.4757798 0.5758353 0.4710631 0.5913358 0.4729165 0.5857191 0.4766008 0.5788152 0.4757798 0.5064221 0.5119487 0.5010671 0.5079672 0.5058026 0.503999 0.5931417 0.5728673 0.5872102 0.577099 0.5798327 0.5755869 0.853912 0.5091102 0.8484005 0.5126277 0.8415764 0.5111577 0.5913358 0.4729165 0.5758353 0.4710631 0.57902 0.4660074 0.5798295 0.5633332 0.5872122 0.5618211 0.5931354 0.5660527 0.5765388 0.5694653 0.5931354 0.5660527 0.5931417 0.5728673 0.8371474 0.4444493 0.8412929 0.4480909 0.8309702 0.4461472 0.5043746 0.5106226 0.5091102 0.5066556 0.5032301 0.5023452 0.8484361 0.5078921 0.84159 0.5064221 0.8415764 0.5111577 0.4857682 0.4480909 0.4799091 0.4401443 0.477389 0.4463657 0.8477893 0.5044622 0.8500238 0.5044412 0.8362948 0.4468885 0.4907558 0.451914 0.4872487 0.4573656 0.4813897 0.44944 0.844676 0.5069307 0.8310426 0.4458059 0.8338503 0.4458951 0.8403132 0.454308 0.8371096 0.4463656 0.831723 0.4504838 0.5618211 0.5379441 0.5567811 0.5426472 0.5610126 0.5454265 0.582735 0.5462455 0.5819978 0.4674615 0.584836 0.4675015 0.5490319 0.4674919 0.5442859 0.4584251 0.5403272 0.4638494 0.5859732 0.4644186 0.5851364 0.455358 0.5906269 0.4584251 0.8475143 0.507084 0.8338503 0.4458951 0.8361835 0.4463813 0.8448965 0.5041545 0.8477893 0.5044622 0.8341055 0.447027 0.5660526 0.5407288 0.5610126 0.5454265 0.5678167 0.5498985 0.5633332 0.5389416 0.5694653 0.5429633 0.5644147 0.5476579 0.8309702 0.4461472 0.82744 0.451914 0.8242427 0.4439989 0.8371474 0.4444493 0.8309702 0.4461472 0.8277834 0.438228 0.4895587 0.4444492 0.4836997 0.436507 0.4799091 0.4401443 0.5712082 0.5461301 0.5739803 0.5463054 0.550271 0.4675015 0.5861181 0.5430441 0.5848423 0.4670689 0.5819978 0.467113 0.5693813 0.545961 0.5467219 0.4672873 0.5495674 0.4674616 0.5057607 0.5071429 0.4851697 0.4461755 0.4880468 0.4458058 0.5861181 0.5430441 0.5883914 0.5432761 0.5871157 0.4671908 0.5788152 0.4757798 0.5857191 0.4766008 0.5848812 0.4675372 0.548339 0.4710631 0.5445169 0.4757798 0.5397812 0.4667118 0.5516359 0.4660073 0.548339 0.4710631 0.5435928 0.4619982 0.5859732 0.4644186 0.57902 0.4660074 0.5781926 0.4569425 0.5913358 0.4729165 0.5905114 0.4638494 0.5848812 0.4675372 0.5798327 0.5755869 0.5872102 0.577099 0.5872185 0.5720588 0.5694653 0.5429633 0.5755869 0.54699 0.5705364 0.5516878 0.5872122 0.5618211 0.5798295 0.5633332 0.5798306 0.5582932 0.5728674 0.5452008 0.5678167 0.5498985 0.5720588 0.5526863 0.4824606 0.446711 0.4851697 0.4461755 0.5025686 0.5041545 0.4851697 0.4461755 0.5057607 0.5071429 0.5025686 0.5041545 0.4871017 0.4463813 0.4840146 0.4468885 0.5077872 0.5074968 0.4840146 0.4468885 0.5041961 0.5044412 0.5077872 0.5074968 0.8291893 0.4872487 0.8349109 0.4838992 0.831723 0.47804 0.5438764 0.467113 0.5467219 0.4672873 0.5667669 0.5431282 0.5467219 0.4672873 0.5693813 0.545961 0.5667669 0.5431282 0.5483074 0.4673838 0.5451468 0.4671907 0.5712084 0.5461301 0.5451468 0.4671907 0.5680583 0.5432761 0.5712084 0.5461301 0.8385428 0.5058026 0.8483952 0.4994395 0.8539152 0.5032301 0.8403132 0.454308 0.8309702 0.4461472 0.8412929 0.4480909 0.4984945 0.5063081 0.4994395 0.4994557 0.4946934 0.5034288 0.8349109 0.4584261 0.82744 0.451914 0.8403132 0.454308 0.8415764 0.5111577 0.8539152 0.5032301 0.853912 0.5091102 0.8484361 0.5078921 0.853912 0.5091102 0.8539341 0.5043746 0.8415773 0.4958379 0.8483952 0.4994395 0.8415566 0.5005736 0.5010671 0.5079672 0.5005735 0.5001969 0.5058026 0.503999 0.5064221 0.5119487 0.5058026 0.503999 0.5111577 0.5079829 0.5913358 0.4729165 0.57902 0.4660074 0.5914596 0.4674919 0.5798295 0.5633332 0.5931354 0.5660527 0.5765388 0.5694653 0.5765388 0.5694653 0.5931417 0.5728673 0.5798327 0.5755869 0.5043746 0.5106226 0.5032301 0.5023452 0.4984945 0.5063081 0.8484361 0.5078921 0.8415764 0.5111577 0.8484005 0.5126277 0.4857682 0.4480909 0.477389 0.4463657 0.4832482 0.454308 0.8477893 0.5044622 0.8362948 0.4468885 0.8341055 0.447027 0.4907558 0.451914 0.4813897 0.44944 0.4849072 0.4439989 0.844676 0.5069307 0.8338503 0.4458951 0.8475143 0.507084 0.8403132 0.454308 0.831723 0.4504838 0.8349109 0.4584261 0.5618211 0.5379441 0.5610126 0.5454265 0.5660526 0.5407288 0.582735 0.5462455 0.584836 0.4675015 0.5863523 0.5463055 0.5490319 0.4674919 0.5403272 0.4638494 0.5450628 0.4729164 0.5859732 0.4644186 0.5906269 0.4584251 0.5914596 0.4674919 0.8475143 0.507084 0.8361835 0.4463813 0.8498947 0.5074968 0.8448965 0.5041545 0.8341055 0.447027 0.8312442 0.446711 0.5660526 0.5407288 0.5678167 0.5498985 0.5728674 0.5452008 0.5633332 0.5389416 0.5644147 0.5476579 0.5582932 0.5436404 0.8309702 0.4461472 0.8242427 0.4439989 0.8277834 0.438228 0.8371474 0.4444493 0.8277834 0.438228 0.8339564 0.436507 0.4895587 0.4444492 0.4799091 0.4401443 0.4857682 0.4480909 0.5888649 0.5461301 0.584836 0.4675015 0.5871188 0.4673838 0.5861181 0.5430441 0.5819978 0.467113 0.5832809 0.5431281 0.5693813 0.545961 0.5495674 0.4674616 0.5729199 0.5462455 0.5057607 0.5071429 0.4880468 0.4458058 0.5087321 0.5069307 0.5861181 0.5430441 0.5871157 0.4671908 0.5848423 0.4670689 0.5788152 0.4757798 0.5848812 0.4675372 0.5779867 0.4667118 0.548339 0.4710631 0.5397812 0.4667118 0.5435928 0.4619982 0.5516359 0.4660073 0.5435928 0.4619982 0.5469004 0.4569425 0.5859732 0.4644186 0.5781926 0.4569425 0.5851364 0.455358 0.5913358 0.4729165 0.5848812 0.4675372 0.5857191 0.4766008 0.5798327 0.5755869 0.5872185 0.5720588 0.5798254 0.5705364 0.5694653 0.5429633 0.5705364 0.5516878 0.5644147 0.5476579 0.5872122 0.5618211 0.5798306 0.5582932 0.5872164 0.5567811 0.5728674 0.5452008 0.5720588 0.5526863 0.577099 0.5479822 0.8291893 0.4872487 0.831723 0.47804 0.8260077 0.4813897 0.8845644 0.9518638 0.8641431 0.9544206 0.8641067 0.9550407 0.8222835 0.9575139 0.8641539 0.9574227 0.8222983 0.9588355 0.8846123 0.9538499 0.8641485 0.9559217 0.8846118 0.9525366 0.9239216 0.943567 0.9050752 0.9491518 0.9239432 0.942765 0.9427725 0.9368571 0.9239432 0.942765 0.9428112 0.9363784 0.9050707 0.950277 0.8846118 0.9525366 0.9050752 0.9491518 0.9557771 0.9307777 0.9428112 0.9363784 0.9558151 0.9302775 0.9558151 0.9302775 0.9688566 0.9236555 0.9688192 0.9241769 0.9688566 0.9236555 0.9779159 0.918742 0.9762738 0.9202935 0.9861283 0.9136163 0.986053 0.9143939 0.983881 0.9150437 0.98585 0.925901 0.9860135 0.9149971 0.9867314 0.9141302 0.9861283 0.9136163 0.9866038 0.9139776 0.9866476 0.913375 0.9747303 0.9340947 0.968681 0.9254449 0.9761982 0.9209781 0.9557771 0.9307777 0.968681 0.9254449 0.9556773 0.9315214 0.9779159 0.918742 0.9838275 0.9156587 0.983881 0.9150437 0.9851981 0.9256254 0.9838275 0.9156587 0.9827761 0.9274008 0.9763295 0.9322888 0.9687545 0.9243885 0.9667916 0.9384879 0.8836578 0.9664553 0.864117 0.9580124 0.8845649 0.9544728 0.8222983 0.9588355 0.864117 0.9580124 0.8222879 0.9594254 0.9837153 0.9165115 0.9851616 0.9265698 0.9827182 0.9283938 0.922365 0.956092 0.9050224 0.9486873 0.9039199 0.9613946 0.863405 0.9669639 0.8222591 0.9568039 0.8220729 0.968567 0.9558151 0.9302775 0.9687819 0.9246985 0.9557771 0.9307777 0.9558532 0.9297775 0.9428112 0.9363784 0.9428498 0.9358995 0.9050752 0.9491518 0.8846114 0.9512235 0.9050797 0.9480265 0.9428112 0.9363784 0.9239647 0.941963 0.9428498 0.9358995 0.9239432 0.942765 0.9050797 0.9480265 0.9239647 0.941963 0.8846118 0.9525366 0.8641431 0.9544206 0.8846114 0.9512235 0.8222687 0.9561923 0.8641485 0.9559217 0.8222835 0.9575139 0.9832065 0.9434954 0.9825765 0.9437436 0.9826946 0.9443541 0.9519668 0.9599534 0.9392934 0.9617035 0.9389557 0.9654466 0.9209036 0.9703683 0.9388406 0.9667232 0.9389557 0.9654466 0.9802173 0.9450984 0.9819113 0.943333 0.9807022 0.9418253 0.983089 0.9428989 0.9822723 0.9430593 0.9825765 0.9437436 0.9825765 0.9437436 0.9819113 0.943333 0.9821012 0.9444954 0.9821012 0.9444954 0.9819113 0.943333 0.979766 0.9463554 0.9826307 0.9424601 0.9836397 0.9417025 0.9834517 0.9400028 0.9211724 0.966539 0.9389557 0.9654466 0.9392934 0.9617035 0.951658 0.9612399 0.9389557 0.9654466 0.9388406 0.9667232 0.979766 0.9463554 0.9739125 0.9493824 0.9736477 0.950468 0.8829557 0.9739637 0.9028514 0.9752901 0.9030514 0.9713744 0.9664504 0.9506511 0.9739125 0.9493824 0.9746919 0.9462166 0.979766 0.9463554 0.9819113 0.943333 0.9802173 0.9450984 0.9822139 0.9445402 0.9819595 0.9450848 0.9811769 0.9442501 0.9811769 0.9442501 0.982832 0.9431653 0.9826098 0.9440057 0.981543 0.9426231 0.982832 0.9431653 0.9811769 0.9442501 0.9738211 0.9473734 0.9811769 0.9442501 0.9736636 0.9506627 0.9763295 0.9322888 0.9807022 0.9418253 0.9827761 0.9274008 0.8627336 0.9801204 0.8219267 0.9780697 0.8218883 0.9816016 0.821875 0.9828335 0.8626886 0.9821832 0.8626903 0.9813368 0.86286 0.976553 0.8827925 0.9777052 0.8829557 0.9739637 0.8627336 0.9801204 0.8827368 0.978981 0.8827925 0.9777052 0.8628582 0.9784175 0.8827236 0.979498 0.8626789 0.981881 0.8626903 0.9813368 0.8827254 0.9798099 0.8827368 0.978981 0.8626789 0.981881 0.8827254 0.9798099 0.8626886 0.9821832 0.9030514 0.9713744 0.9209036 0.9703683 0.9211724 0.966539 0.9028514 0.9752901 0.9208119 0.9716742 0.9209036 0.9703683 0.9388439 0.9675068 0.9208119 0.9716742 0.920803 0.9724717 0.9644754 0.9557566 0.9519668 0.9599534 0.951658 0.9612399 0.9649779 0.9544602 0.9528719 0.9561774 0.9519668 0.9599534 0.964422 0.9565265 0.951658 0.9612399 0.9516329 0.9620167 0.9027683 0.977115 0.920803 0.9724717 0.9027621 0.9774367 0.86286 0.976553 0.8220729 0.968567 0.8219267 0.9780697 0.8634091 0.9693544 0.882951 0.9759201 0.8628582 0.9784175 0.8836578 0.9664553 0.9030438 0.9734226 0.882951 0.9759201 0.951643 0.9616249 0.964422 0.9565265 0.9516329 0.9620167 0.9211639 0.968251 0.9039067 0.9635562 0.9223406 0.9577047 0.9827182 0.9283938 0.9834745 0.941175 0.981543 0.9426231 0.8641067 0.9550407 0.8222591 0.9568039 0.8222687 0.9561923 0.9238856 0.9426614 0.9050224 0.9486873 0.9050797 0.9480265 0.9388113 0.9671693 0.9388439 0.9675068 0.9516329 0.9620167 0.8829557 0.9739637 0.86286 0.976553 0.863405 0.9669639 0.9516329 0.9620167 0.9388439 0.9675068 0.9388406 0.9667232 0.9837576 0.9422681 0.9832065 0.9434954 0.983089 0.9428989 0.9537584 0.9458243 0.9523178 0.9577225 0.9653517 0.9523656 0.939284 0.9630793 0.9407745 0.951853 0.9223406 0.9577047 0.9211639 0.968251 0.9207898 0.9721421 0.9388113 0.9671693 0.9738211 0.9473734 0.9747303 0.9340947 0.9667424 0.9397957 0.9407745 0.951853 0.9426738 0.9375984 0.9238433 0.9442659 0.9842146 0.9398854 0.9857217 0.92557 0.98585 0.925901 0.9860135 0.9149971 0.986053 0.9143939 0.9837659 0.9158884 0.98585 0.925901 0.9857217 0.92557 0.9866038 0.9139776 0.8222879 0.9594254 0.8220877 0.9707688 0.8634091 0.9693544 0.9843277 0.9404338 0.98585 0.925901 0.9851616 0.9265698 0.9653517 0.9523656 0.9644747 0.9560806 0.9736636 0.9506627 0.9837153 0.9165115 0.9837659 0.9158884 0.9762738 0.9202935 0.9827182 0.9283938 0.9837153 0.9165115 0.9761982 0.9209781 0.9826946 0.9443541 0.982235 0.9451057 0.9821012 0.9444954 0.9843277 0.9404338 0.9837576 0.9422681 0.9836397 0.9417025 0.8845649 0.9544728 0.8846123 0.9538499 0.8641539 0.9574227 0.9747303 0.9340947 0.9738211 0.9473734 0.981543 0.9426231 0.9688566 0.9236555 0.9779159 0.918742 0.9778375 0.9194117 0.9851981 0.9256254 0.9857217 0.92557 0.9842146 0.9398854 0.9827761 0.9274008 0.9851981 0.9256254 0.9834517 0.9400028 0.9860822 0.9142088 0.9838275 0.9156587 0.983881 0.9150437 0.9408101 0.9507896 0.922365 0.956092 0.9238856 0.9426614 0.9827761 0.9274008 0.9763295 0.9322888 0.9778375 0.9194117 0.8219298 0.9798629 0.8218773 0.9833647 0.8626789 0.981881 0.9837576 0.9422681 0.9843277 0.9404338 0.9834745 0.941175 0.9538009 0.9446387 0.9667916 0.9384879 0.9664504 0.9506511 0.9392934 0.9617035 0.9211724 0.966539 0.922365 0.956092 0.9556773 0.9315214 0.9537584 0.9458243 0.9667424 0.9397957 0.9761982 0.9209781 0.9762738 0.9202935 0.9687819 0.9246985 0.9528719 0.9561774 0.9392934 0.9617035 0.9408101 0.9507896 0.8626903 0.9813368 0.821875 0.9828335 0.8218883 0.9816016 0.920803 0.9724717 0.9027621 0.9774367 0.9027832 0.9766252 0.8827236 0.979498 0.8827254 0.9798099 0.9027621 0.9774367 0.9644747 0.9560806 0.964422 0.9565265 0.9736708 0.9511712 0.982235 0.9451057 0.9819595 0.9450848 0.9797569 0.9465674 0.9523178 0.9577225 0.951643 0.9616249 0.9644747 0.9560806 0.9407745 0.951853 0.939284 0.9630793 0.9523178 0.9577225 0.9736477 0.950468 0.9644754 0.9557566 0.9649779 0.9544602 0.9644754 0.9557566 0.9736477 0.950468 0.9736708 0.9511712 0.9746919 0.9462166 0.9664504 0.9506511 0.9667916 0.9384879 0.9857217 0.92557 0.9851981 0.9256254 0.9860822 0.9142088 0.9867314 0.9141302 0.986782 0.9135197 0.986053 0.9143939 0.8836624 0.9641792 0.863405 0.9669639 0.8641067 0.9550407 0.9826098 0.9440057 0.9822139 0.9445402 0.9826946 0.9443541 0.9798784 0.9469882 0.9736708 0.9511712 0.9736477 0.950468 0.8220877 0.9707688 0.8219298 0.9798629 0.8628582 0.9784175 0.8827368 0.978981 0.9027832 0.9766252 0.9027621 0.9774367 0.9558532 0.9297775 0.9688566 0.9236555 0.9687545 0.9243885 0.9557517 0.930512 0.9687545 0.9243885 0.9667916 0.9384879 0.9030514 0.9713744 0.8829557 0.9739637 0.8836624 0.9641792 0.882951 0.9759201 0.8827236 0.979498 0.9027683 0.977115 0.9238433 0.9442659 0.9239216 0.943567 0.9050707 0.950277 0.9819595 0.9450848 0.982235 0.9451057 0.9826946 0.9443541 0.8626886 0.9821832 0.8626789 0.981881 0.8218773 0.9833647 0.979766 0.9463554 0.9821012 0.9444954 0.982235 0.9451057 0.8827925 0.9777052 0.9028514 0.9752901 0.9027832 0.9766252 0.939284 0.9630793 0.9388113 0.9671693 0.951643 0.9616249 0.9867314 0.9141302 0.9866038 0.9139776 0.9866476 0.913375 0.9802173 0.9450984 0.9739125 0.9493824 0.9746919 0.9462166 0.982832 0.9431653 0.9826098 0.9440057 0.9832065 0.9434954 0.9736636 0.9506627 0.9736708 0.9511712 0.9798784 0.9469882 0.9207898 0.9721421 0.920803 0.9724717 0.9388439 0.9675068 0.9426738 0.9375984 0.9427725 0.9368571 0.9239216 0.943567 0.9050131 0.9509333 0.9050707 0.950277 0.8846123 0.9538499 0.9427725 0.9368571 0.9426738 0.9375984 0.9556773 0.9315214 0.9050224 0.9486873 0.8845644 0.9518638 0.8846114 0.9512235 0.9427489 0.9366355 0.9557517 0.930512 0.9538009 0.9446387 0.9211724 0.966539 0.9030514 0.9713744 0.9039199 0.9613946 0.9039199 0.9613946 0.8836624 0.9641792 0.8845644 0.9518638 0.9039067 0.9635562 0.9050131 0.9509333 0.8845649 0.9544728 0.9223406 0.9577047 0.9238433 0.9442659 0.9050131 0.9509333 0.9426738 0.9375984 0.9407745 0.951853 0.9537584 0.9458243 0.9427489 0.9366355 0.9238856 0.9426614 0.9239647 0.941963 0.9030438 0.9734226 0.9027683 0.977115 0.9207898 0.9721421 0.9428498 0.9358995 0.9558532 0.9297775 0.9557517 0.930512 0.8845644 0.9518638 0.8641067 0.9550407 0.8641431 0.9544206 0.8222835 0.9575139 0.8222983 0.9588355 0.8641539 0.9574227 0.8641485 0.9559217 0.8641539 0.9574227 0.8846123 0.9538499 0.9050752 0.9491518 0.9050707 0.950277 0.9239216 0.943567 0.9239432 0.942765 0.9239216 0.943567 0.9427725 0.9368571 0.8846118 0.9525366 0.8846123 0.9538499 0.9050707 0.950277 0.9428112 0.9363784 0.9427725 0.9368571 0.9557771 0.9307777 0.9558151 0.9302775 0.9688192 0.9241769 0.9688566 0.9236555 0.9762738 0.9202935 0.9837659 0.9158884 0.9779159 0.918742 0.9837659 0.9158884 0.983881 0.9150437 0.9779159 0.918742 0.9779159 0.918742 0.9688566 0.9236555 0.9762738 0.9202935 0.9688566 0.9236555 0.9688192 0.9241769 0.9762738 0.9202935 0.986782 0.9135197 0.9866476 0.913375 0.9861283 0.9136163 0.9861283 0.9136163 0.983881 0.9150437 0.986053 0.9143939 0.983881 0.9150437 0.9837659 0.9158884 0.986053 0.9143939 0.98585 0.925901 0.9867314 0.9141302 0.9860135 0.9149971 0.9866038 0.9139776 0.9860822 0.9142088 0.9861283 0.9136163 0.9747303 0.9340947 0.9761982 0.9209781 0.968681 0.9254449 0.9557771 0.9307777 0.9556773 0.9315214 0.968681 0.9254449 0.9838275 0.9156587 0.9778375 0.9194117 0.9779159 0.918742 0.9851981 0.9256254 0.9827761 0.9274008 0.9838275 0.9156587 0.9687545 0.9243885 0.9778375 0.9194117 0.9763295 0.9322888 0.8836578 0.9664553 0.8845649 0.9544728 0.864117 0.9580124 0.8222983 0.9588355 0.8222879 0.9594254 0.864117 0.9580124 0.9851616 0.9265698 0.9860135 0.9149971 0.9837153 0.9165115 0.922365 0.956092 0.9039199 0.9613946 0.9050224 0.9486873 0.863405 0.9669639 0.8220729 0.968567 0.8222591 0.9568039 0.9687819 0.9246985 0.9688192 0.9241769 0.9558151 0.9302775 0.9558532 0.9297775 0.9428498 0.9358995 0.9428112 0.9363784 0.8846114 0.9512235 0.8846118 0.9525366 0.9050752 0.9491518 0.9239647 0.941963 0.9239432 0.942765 0.9428112 0.9363784 0.9050797 0.9480265 0.9050752 0.9491518 0.9239432 0.942765 0.8641431 0.9544206 0.8641485 0.9559217 0.8846118 0.9525366 0.8222687 0.9561923 0.8222835 0.9575139 0.8641485 0.9559217 0.9832065 0.9434954 0.9826946 0.9443541 0.9825765 0.9437436 0.9519668 0.9599534 0.9389557 0.9654466 0.9392934 0.9617035 0.9209036 0.9703683 0.9389557 0.9654466 0.9388406 0.9667232 0.983089 0.9428989 0.9825765 0.9437436 0.9822723 0.9430593 0.9825765 0.9437436 0.9821012 0.9444954 0.9819113 0.943333 0.9842146 0.9398854 0.9836397 0.9417025 0.9834517 0.9400028 0.9836397 0.9417025 0.983089 0.9428989 0.9826307 0.9424601 0.9211724 0.966539 0.9392934 0.9617035 0.9389557 0.9654466 0.951658 0.9612399 0.9388406 0.9667232 0.9389557 0.9654466 0.979766 0.9463554 0.9736477 0.950468 0.9739125 0.9493824 0.8829557 0.9739637 0.9030514 0.9713744 0.9028514 0.9752901 0.9739125 0.9493824 0.9649779 0.9544602 0.9664504 0.9506511 0.981543 0.9426231 0.9811769 0.9442501 0.982832 0.9431653 0.9738211 0.9473734 0.9736636 0.9506627 0.9811769 0.9442501 0.9763295 0.9322888 0.9827761 0.9274008 0.9807022 0.9418253 0.8627336 0.9801204 0.8218883 0.9816016 0.8219267 0.9780697 0.821875 0.9828335 0.8626903 0.9813368 0.8626886 0.9821832 0.86286 0.976553 0.8829557 0.9739637 0.8827925 0.9777052 0.8627336 0.9801204 0.8827925 0.9777052 0.8827368 0.978981 0.8628582 0.9784175 0.8626789 0.981881 0.8827236 0.979498 0.8626903 0.9813368 0.8827368 0.978981 0.8827254 0.9798099 0.8626789 0.981881 0.8626886 0.9821832 0.8827254 0.9798099 0.9030514 0.9713744 0.9211724 0.966539 0.9209036 0.9703683 0.9028514 0.9752901 0.9209036 0.9703683 0.9208119 0.9716742 0.9388439 0.9675068 0.920803 0.9724717 0.9208119 0.9716742 0.9644754 0.9557566 0.951658 0.9612399 0.9519668 0.9599534 0.9649779 0.9544602 0.9519668 0.9599534 0.9528719 0.9561774 0.964422 0.9565265 0.9516329 0.9620167 0.951658 0.9612399 0.9027683 0.977115 0.9027621 0.9774367 0.920803 0.9724717 0.86286 0.976553 0.8219267 0.9780697 0.8220729 0.968567 0.8634091 0.9693544 0.8628582 0.9784175 0.882951 0.9759201 0.8836578 0.9664553 0.882951 0.9759201 0.9030438 0.9734226 0.951643 0.9616249 0.9516329 0.9620167 0.964422 0.9565265 0.9211639 0.968251 0.9223406 0.9577047 0.9039067 0.9635562 0.9834745 0.941175 0.9851616 0.9265698 0.9827182 0.9283938 0.8641067 0.9550407 0.8641431 0.9544206 0.8222687 0.9561923 0.9238856 0.9426614 0.9239647 0.941963 0.9050797 0.9480265 0.9388113 0.9671693 0.951643 0.9616249 0.9516329 0.9620167 0.863405 0.9669639 0.86286 0.976553 0.8829557 0.9739637 0.9516329 0.9620167 0.951658 0.9612399 0.9388406 0.9667232 0.9837576 0.9422681 0.9836397 0.9417025 0.983089 0.9428989 0.9537584 0.9458243 0.9667424 0.9397957 0.9653517 0.9523656 0.939284 0.9630793 0.9211639 0.968251 0.9223406 0.9577047 0.9211639 0.968251 0.939284 0.9630793 0.9388113 0.9671693 0.9738211 0.9473734 0.9653517 0.9523656 0.9667424 0.9397957 0.9407745 0.951853 0.9223406 0.9577047 0.9238433 0.9442659 0.9842146 0.9398854 0.9843277 0.9404338 0.98585 0.925901 0.9837659 0.9158884 0.986053 0.9143939 0.9860135 0.9149971 0.98585 0.925901 0.9867314 0.9141302 0.9866038 0.9139776 0.8222879 0.9594254 0.864117 0.9580124 0.8634091 0.9693544 0.9843277 0.9404338 0.9834745 0.941175 0.9851616 0.9265698 0.9653517 0.9523656 0.9738211 0.9473734 0.9736636 0.9506627 0.9837153 0.9165115 0.9761982 0.9209781 0.9762738 0.9202935 0.9827182 0.9283938 0.9747303 0.9340947 0.9761982 0.9209781 0.9826946 0.9443541 0.9825765 0.9437436 0.9821012 0.9444954 0.9843277 0.9404338 0.9842146 0.9398854 0.9836397 0.9417025 0.8845649 0.9544728 0.864117 0.9580124 0.8641539 0.9574227 0.981543 0.9426231 0.9738211 0.9473734 0.9747303 0.9340947 0.9778375 0.9194117 0.9779159 0.918742 0.9688566 0.9236555 0.9851981 0.9256254 0.9834517 0.9400028 0.9842146 0.9398854 0.9834517 0.9400028 0.9851981 0.9256254 0.9827761 0.9274008 0.9860822 0.9142088 0.9861283 0.9136163 0.983881 0.9150437 0.9408101 0.9507896 0.9427489 0.9366355 0.9238856 0.9426614 0.9778375 0.9194117 0.9763295 0.9322888 0.9827761 0.9274008 0.8219298 0.9798629 0.8628582 0.9784175 0.8626789 0.981881 0.9837576 0.9422681 0.982832 0.9431653 0.9834745 0.941175 0.9664504 0.9506511 0.9667916 0.9384879 0.9538009 0.9446387 0.9392934 0.9617035 0.9408101 0.9507896 0.922365 0.956092 0.9556773 0.9315214 0.968681 0.9254449 0.9667424 0.9397957 0.9761982 0.9209781 0.968681 0.9254449 0.9687819 0.9246985 0.9408101 0.9507896 0.9392934 0.9617035 0.9528719 0.9561774 0.8626903 0.9813368 0.8627336 0.9801204 0.8218883 0.9816016 0.920803 0.9724717 0.9208119 0.9716742 0.9027832 0.9766252 0.8827236 0.979498 0.9027683 0.977115 0.9027621 0.9774367 0.9644747 0.9560806 0.9736636 0.9506627 0.9736708 0.9511712 0.982235 0.9451057 0.9798784 0.9469882 0.9797569 0.9465674 0.9523178 0.9577225 0.9653517 0.9523656 0.9644747 0.9560806 0.9407745 0.951853 0.9537584 0.9458243 0.9523178 0.9577225 0.9649779 0.9544602 0.9644754 0.9557566 0.9736477 0.950468 0.9644754 0.9557566 0.964422 0.9565265 0.9736708 0.9511712 0.9746919 0.9462166 0.9763295 0.9322888 0.9667916 0.9384879 0.9860822 0.9142088 0.9851981 0.9256254 0.9857217 0.92557 0.9867314 0.9141302 0.9860135 0.9149971 0.986053 0.9143939 0.8836624 0.9641792 0.8845644 0.9518638 0.8641067 0.9550407 0.9826098 0.9440057 0.9832065 0.9434954 0.9826946 0.9443541 0.9798784 0.9469882 0.979766 0.9463554 0.9736477 0.950468 0.8628582 0.9784175 0.8219298 0.9798629 0.8220877 0.9707688 0.8827368 0.978981 0.8827254 0.9798099 0.9027621 0.9774367 0.9558532 0.9297775 0.9557517 0.930512 0.9687545 0.9243885 0.9557517 0.930512 0.9538009 0.9446387 0.9667916 0.9384879 0.9030514 0.9713744 0.9039199 0.9613946 0.8836624 0.9641792 0.882951 0.9759201 0.9030438 0.9734226 0.9027683 0.977115 0.9238433 0.9442659 0.9050131 0.9509333 0.9050707 0.950277 0.9819595 0.9450848 0.9822139 0.9445402 0.9826946 0.9443541 0.8626886 0.9821832 0.8218735 0.9836854 0.8218773 0.9833647 0.979766 0.9463554 0.9798784 0.9469882 0.982235 0.9451057 0.8827925 0.9777052 0.8827368 0.978981 0.9027832 0.9766252 0.939284 0.9630793 0.9523178 0.9577225 0.951643 0.9616249 0.9867314 0.9141302 0.986782 0.9135197 0.9866476 0.913375 0.9802173 0.9450984 0.9807022 0.9418253 0.9746919 0.9462166 0.982832 0.9431653 0.9837576 0.9422681 0.9832065 0.9434954 0.9736636 0.9506627 0.9797569 0.9465674 0.9798784 0.9469882 0.9207898 0.9721421 0.9388113 0.9671693 0.9388439 0.9675068 0.9426738 0.9375984 0.9238433 0.9442659 0.9239216 0.943567 0.9050131 0.9509333 0.8845649 0.9544728 0.8846123 0.9538499 0.9427725 0.9368571 0.9557771 0.9307777 0.9556773 0.9315214 0.9050224 0.9486873 0.9050797 0.9480265 0.8846114 0.9512235 0.9427489 0.9366355 0.9408101 0.9507896 0.9538009 0.9446387 0.9039199 0.9613946 0.9030514 0.9713744 0.9211724 0.966539 0.9039199 0.9613946 0.9050224 0.9486873 0.8845644 0.9518638 0.9039067 0.9635562 0.8836578 0.9664553 0.8845649 0.9544728 0.9223406 0.9577047 0.9039067 0.9635562 0.9050131 0.9509333 0.9426738 0.9375984 0.9556773 0.9315214 0.9537584 0.9458243 0.9427489 0.9366355 0.9428498 0.9358995 0.9239647 0.941963 0.9030438 0.9734226 0.9211639 0.968251 0.9207898 0.9721421 0.9428498 0.9358995 0.9427489 0.9366355 0.9557517 0.930512 0.8845644 0.9518638 0.8846114 0.9512235 0.8641431 0.9544206 0.8222835 0.9575139 0.8641485 0.9559217 0.8641539 0.9574227 0.8846123 0.9538499 0.8641539 0.9574227 0.8641485 0.9559217 0.9239216 0.943567 0.9050707 0.950277 0.9050752 0.9491518 0.9427725 0.9368571 0.9239216 0.943567 0.9239432 0.942765 0.9050707 0.950277 0.8846123 0.9538499 0.8846118 0.9525366 0.9557771 0.9307777 0.9427725 0.9368571 0.9428112 0.9363784 0.9558151 0.9302775 0.9558532 0.9297775 0.9688566 0.9236555 0.983881 0.9150437 0.9837659 0.9158884 0.9779159 0.918742 0.9837659 0.9158884 0.9762738 0.9202935 0.9779159 0.918742 0.9762738 0.9202935 0.9687819 0.9246985 0.9688192 0.9241769 0.9688192 0.9241769 0.9688566 0.9236555 0.9762738 0.9202935 0.9861283 0.9136163 0.9866476 0.913375 0.986782 0.9135197 0.986782 0.9135197 0.986053 0.9143939 0.9861283 0.9136163 0.986053 0.9143939 0.9837659 0.9158884 0.983881 0.9150437 0.98585 0.925901 0.9851616 0.9265698 0.9860135 0.9149971 0.9861283 0.9136163 0.9860822 0.9142088 0.9866038 0.9139776 0.9747303 0.9340947 0.9667424 0.9397957 0.968681 0.9254449 0.9557771 0.9307777 0.9687819 0.9246985 0.968681 0.9254449 0.9779159 0.918742 0.9778375 0.9194117 0.9838275 0.9156587 0.9851981 0.9256254 0.9860822 0.9142088 0.9838275 0.9156587 0.9763295 0.9322888 0.9778375 0.9194117 0.9687545 0.9243885 0.8836578 0.9664553 0.8634091 0.9693544 0.864117 0.9580124 0.8222983 0.9588355 0.8641539 0.9574227 0.864117 0.9580124 0.9837153 0.9165115 0.9860135 0.9149971 0.9851616 0.9265698 0.922365 0.956092 0.9238856 0.9426614 0.9050224 0.9486873 0.863405 0.9669639 0.8641067 0.9550407 0.8222591 0.9568039 0.9558151 0.9302775 0.9688192 0.9241769 0.9687819 0.9246985 0.9558532 0.9297775 0.9558151 0.9302775 0.9428112 0.9363784 0.9050752 0.9491518 0.8846118 0.9525366 0.8846114 0.9512235 0.9428112 0.9363784 0.9239432 0.942765 0.9239647 0.941963 0.9239432 0.942765 0.9050752 0.9491518 0.9050797 0.9480265 0.8846118 0.9525366 0.8641485 0.9559217 0.8641431 0.9544206 0.8222687 0.9561923 0.8641431 0.9544206 0.8641485 0.9559217 0.9832065 0.9434954 0.983089 0.9428989 0.9825765 0.9437436 0.9519668 0.9599534 0.9528719 0.9561774 0.9392934 0.9617035 0.9209036 0.9703683 0.9208119 0.9716742 0.9388406 0.9667232 0.983089 0.9428989 0.9826307 0.9424601 0.9822723 0.9430593 0.9825765 0.9437436 0.9822723 0.9430593 0.9819113 0.943333 0.983089 0.9428989 0.9836397 0.9417025 0.9826307 0.9424601 0.9836397 0.9417025 0.9842146 0.9398854 0.9834517 0.9400028 0.9211724 0.966539 0.9209036 0.9703683 0.9389557 0.9654466 0.951658 0.9612399 0.9519668 0.9599534 0.9389557 0.9654466 0.979766 0.9463554 0.9802173 0.9450984 0.9739125 0.9493824 0.8829557 0.9739637 0.8827925 0.9777052 0.9028514 0.9752901 0.9664504 0.9506511 0.9649779 0.9544602 0.9739125 0.9493824 0.981543 0.9426231 0.9834745 0.941175 0.982832 0.9431653 0.9738211 0.9473734 0.981543 0.9426231 0.9811769 0.9442501 0.9763295 0.9322888 0.9746919 0.9462166 0.9807022 0.9418253 0.8627336 0.9801204 0.86286 0.976553 0.8219267 0.9780697 0.821875 0.9828335 0.8218735 0.9836854 0.8626886 0.9821832 0.86286 0.976553 0.8627336 0.9801204 0.8827925 0.9777052 0.8627336 0.9801204 0.8626903 0.9813368 0.8827368 0.978981 0.8628582 0.9784175 0.882951 0.9759201 0.8827236 0.979498 0.8626903 0.9813368 0.8626886 0.9821832 0.8827254 0.9798099 0.8626789 0.981881 0.8827236 0.979498 0.8827254 0.9798099 0.9030514 0.9713744 0.9028514 0.9752901 0.9209036 0.9703683 0.9028514 0.9752901 0.9027832 0.9766252 0.9208119 0.9716742 0.9388439 0.9675068 0.9388406 0.9667232 0.9208119 0.9716742 0.9644754 0.9557566 0.9649779 0.9544602 0.9519668 0.9599534 0.9649779 0.9544602 0.9664504 0.9506511 0.9528719 0.9561774 0.964422 0.9565265 0.9644754 0.9557566 0.951658 0.9612399 0.9027683 0.977115 0.9207898 0.9721421 0.920803 0.9724717 0.86286 0.976553 0.863405 0.9669639 0.8220729 0.968567 0.8634091 0.9693544 0.8836578 0.9664553 0.882951 0.9759201 0.8836578 0.9664553 0.9039067 0.9635562 0.9030438 0.9734226 0.951643 0.9616249 0.9644747 0.9560806 0.964422 0.9565265 0.9211639 0.968251 0.9030438 0.9734226 0.9039067 0.9635562 0.9827182 0.9283938 0.9851616 0.9265698 0.9834745 0.941175</float_array>
          <technique_common>
            <accessor source="#spoiler_B_color_001-mesh-map-0-array" count="2454" stride="2">
              <param name="S" type="float"/>
              <param name="T" type="float"/>
            </accessor>
          </technique_common>
        </source>
        <vertices id="spoiler_B_color_001-mesh-vertices">
          <input semantic="POSITION" source="#spoiler_B_color_001-mesh-positions"/>
        </vertices>
        <triangles material="bug_chrome-material" count="208">
          <input semantic="VERTEX" source="#spoiler_B_color_001-mesh-vertices" offset="0"/>
          <input semantic="NORMAL" source="#spoiler_B_color_001-mesh-normals" offset="1"/>
          <input semantic="TEXCOORD" source="#spoiler_B_color_001-mesh-map-0" offset="2" set="0"/>
          <p>1 141 261 3 142 262 0 143 263 5 144 264 7 145 265 4 146 266 8 147 267 3 142 268 2 148 269 11 149 270 4 146 271 10 150 272 12 151 273 2 148 274 1 141 275 14 152 276 13 153 277 16 154 278 17 155 279 3 142 280 9 156 281 18 157 282 0 143 283 17 155 284 21 158 285 22 159 286 23 160 287 24 161 288 25 162 289 26 163 290 24 161 291 26 163 292 27 164 293 28 165 294 1 141 295 18 157 296 29 166 297 30 167 298 31 168 299 13 153 300 12 151 301 16 154 302 24 161 303 22 159 304 25 162 305 32 169 306 34 170 307 35 171 308 33 172 309 29 166 310 34 170 311 36 173 312 7 145 313 6 174 314 15 175 315 2 148 316 13 153 317 14 152 318 12 151 319 28 165 320 6 174 321 52 176 322 53 177 323 58 178 324 60 179 325 57 180 326 4 146 327 80 181 328 10 150 329 86 182 330 88 183 331 89 184 332 5 144 333 92 185 334 52 176 335 35 171 336 96 186 337 97 187 338 110 188 339 112 189 340 113 190 341 23 160 342 123 191 343 124 192 344 21 158 345 124 192 346 132 193 347 87 194 348 134 195 349 88 183 350 136 196 351 59 197 352 58 178 353 34 170 354 138 198 355 96 186 356 32 169 357 140 199 358 33 172 359 7 145 360 79 200 361 4 146 362 36 173 363 141 201 364 7 145 365 36 173 366 53 177 367 142 202 368 143 203 369 112 189 370 111 204 371 146 205 372 148 206 373 145 207 374 149 208 375 113 190 376 150 209 377 151 210 378 89 184 379 152 211 380 146 205 381 154 212 382 153 213 383 26 163 384 156 214 385 27 164 386 25 162 387 155 215 388 26 163 389 22 159 390 157 216 391 25 162 392 21 158 393 158 217 394 22 159 395 24 161 396 156 214 397 123 191 398 30 167 399 160 218 400 31 168 401 33 172 402 159 219 403 30 167 404 35 171 405 139 220 406 32 169 407 29 166 408 160 218 409 138 198 410 137 221 411 136 196 412 152 211 413 152 211 414 136 196 415 151 210 416 134 195 417 133 222 418 60 179 419 60 179 420 133 222 421 57 180 422 10 150 423 92 185 424 11 149 425 148 206 426 147 223 427 150 209 428 150 209 429 147 223 430 149 208 431 144 224 432 143 203 433 154 212 434 154 212 435 143 203 436 153 213 437 1 141 438 2 148 439 3 142 440 5 144 441 6 174 442 7 145 443 8 147 444 9 156 445 3 142 446 11 149 447 5 144 448 4 146 449 12 151 450 13 153 451 2 148 452 14 152 453 15 175 454 13 153 455 17 155 456 0 143 457 3 142 458 18 157 459 1 141 460 0 143 461 28 165 462 12 151 463 1 141 464 24 161 465 23 160 466 22 159 467 32 169 468 33 172 469 34 170 470 33 172 471 30 167 472 29 166 473 15 175 474 8 147 475 2 148 476 14 152 477 16 154 478 12 151 479 6 174 480 5 144 481 52 176 482 58 178 483 59 197 484 60 179 485 4 146 486 79 200 487 80 181 488 86 182 489 87 194 490 88 183 491 5 144 492 11 149 493 92 185 494 35 171 495 34 170 496 96 186 497 110 188 498 111 204 499 112 189 500 23 160 501 24 161 502 123 191 503 21 158 504 23 160 505 124 192 506 87 194 507 133 222 508 134 195 509 136 196 510 137 221 511 59 197 512 34 170 513 29 166 514 138 198 515 32 169 516 139 220 517 140 199 518 7 145 519 141 201 520 79 200 521 36 173 522 142 202 523 141 201 524 36 173 525 6 174 526 53 177 527 143 203 528 144 224 529 112 189 530 146 205 531 147 223 532 148 206 533 149 208 534 110 188 535 113 190 536 151 210 537 86 182 538 89 184 539 146 205 540 145 207 541 154 212 542 26 163 543 155 215 544 156 214 545 25 162 546 157 216 547 155 215 548 22 159 549 158 217 550 157 216 551 21 158 552 132 193 553 158 217 554 24 161 555 27 164 556 156 214 557 30 167 558 159 219 559 160 218 560 33 172 561 140 199 562 159 219 563 35 171 564 97 187 565 139 220 566 29 166 567 31 168 568 160 218 569 10 150 570 80 181 571 92 185 572 232 368 1038 231 369 1039 234 370 1040 236 371 1041 235 372 1042 238 373 1043 241 374 1044 233 375 1045 234 370 1046 244 376 1047 243 377 1048 235 372 1049 245 378 1050 232 368 1051 233 375 1052 247 379 1053 249 380 1054 246 381 1055 250 382 1056 242 383 1057 234 370 1058 251 384 1059 250 382 1060 231 369 1061 254 385 1062 256 386 1063 255 387 1064 257 388 1065 259 389 1066 258 390 1067 257 388 1068 260 391 1069 259 389 1070 261 392 1071 251 384 1072 232 368 1073 262 393 1074 264 394 1075 263 395 1076 246 381 1077 249 380 1078 245 378 1079 257 388 1080 258 390 1081 255 387 1082 265 396 1083 268 397 1084 267 398 1085 266 399 1086 267 398 1087 262 393 1088 269 400 1089 237 401 1090 238 373 1091 248 402 1092 246 381 1093 233 375 1094 247 379 1095 261 392 1096 245 378 1097 237 401 1098 287 403 1099 286 404 1100 292 405 1101 291 406 1102 294 407 1103 235 372 1104 243 377 1105 315 408 1106 321 409 1107 324 410 1108 323 411 1109 236 371 1110 286 404 1111 327 412 1112 268 397 1113 334 413 1114 333 414 1115 348 415 1116 351 416 1117 350 417 1118 256 386 1119 363 418 1120 362 419 1121 254 385 1122 371 420 1123 363 418 1124 322 421 1125 323 411 1126 373 422 1127 376 423 1128 292 405 1129 293 424 1130 267 398 1131 333 414 1132 378 425 1133 265 396 1134 266 399 1135 380 426 1136 238 373 1137 235 372 1138 314 427 1139 269 400 1140 238 373 1141 381 428 1142 269 400 1143 382 429 1144 287 403 1145 383 430 1146 349 431 1147 350 417 1148 386 432 1149 385 433 1150 388 434 1151 389 435 1152 390 436 1153 351 416 1154 391 437 1155 392 438 1156 324 410 1157 386 432 1158 393 439 1159 394 440 1160 259 389 1161 260 391 1162 396 441 1163 258 390 1164 259 389 1165 395 442 1166 255 387 1167 258 390 1168 397 443 1169 254 385 1170 255 387 1171 398 444 1172 257 388 1173 362 419 1174 396 441 1175 263 395 1176 264 394 1177 400 445 1178 266 399 1179 263 395 1180 399 446 1181 268 397 1182 265 396 1183 379 447 1184 262 393 1185 378 425 1186 400 445 1187 377 448 1188 392 438 1189 376 423 1190 392 438 1191 391 437 1192 376 423 1193 373 422 1194 294 407 1195 372 449 1196 294 407 1197 291 406 1198 372 449 1199 243 377 1200 244 376 1201 327 412 1202 388 434 1203 390 436 1204 387 450 1205 390 436 1206 389 435 1207 387 450 1208 384 451 1209 394 440 1210 383 430 1211 394 440 1212 393 439 1213 383 430 1214 232 368 1215 234 370 1216 233 375 1217 236 371 1218 238 373 1219 237 401 1220 241 374 1221 234 370 1222 242 383 1223 244 376 1224 235 372 1225 236 371 1226 245 378 1227 233 375 1228 246 381 1229 247 379 1230 246 381 1231 248 402 1232 250 382 1233 234 370 1234 231 369 1235 251 384 1236 231 369 1237 232 368 1238 261 392 1239 232 368 1240 245 378 1241 257 388 1242 255 387 1243 256 386 1244 265 396 1245 267 398 1246 266 399 1247 266 399 1248 262 393 1249 263 395 1250 248 402 1251 233 375 1252 241 374 1253 247 379 1254 245 378 1255 249 380 1256 237 401 1257 286 404 1258 236 371 1259 292 405 1260 294 407 1261 293 424 1262 235 372 1263 315 408 1264 314 427 1265 321 409 1266 323 411 1267 322 421 1268 236 371 1269 327 412 1270 244 376 1271 268 397 1272 333 414 1273 267 398 1274 348 415 1275 350 417 1276 349 431 1277 256 386 1278 362 419 1279 257 388 1280 254 385 1281 363 418 1282 256 386 1283 322 421 1284 373 422 1285 372 449 1286 376 423 1287 293 424 1288 377 448 1289 267 398 1290 378 425 1291 262 393 1292 265 396 1293 380 426 1294 379 447 1295 238 373 1296 314 427 1297 381 428 1298 269 400 1299 381 428 1300 382 429 1301 269 400 1302 287 403 1303 237 401 1304 383 430 1305 350 417 1306 384 451 1307 386 432 1308 388 434 1309 387 450 1310 389 435 1311 351 416 1312 348 415 1313 391 437 1314 324 410 1315 321 409 1316 386 432 1317 394 440 1318 385 433 1319 259 389 1320 396 441 1321 395 442 1322 258 390 1323 395 442 1324 397 443 1325 255 387 1326 397 443 1327 398 444 1328 254 385 1329 398 444 1330 371 420 1331 257 388 1332 396 441 1333 260 391 1334 263 395 1335 400 445 1336 399 446 1337 266 399 1338 399 446 1339 380 426 1340 268 397 1341 379 447 1342 334 413 1343 262 393 1344 400 445 1345 264 394 1346 243 377 1347 327 412 1348 315 408 1349</p>
        </triangles>
        <triangles material="bug_spoilerR-material" count="610">
          <input semantic="VERTEX" source="#spoiler_B_color_001-mesh-vertices" offset="0"/>
          <input semantic="NORMAL" source="#spoiler_B_color_001-mesh-normals" offset="1"/>
          <input semantic="TEXCOORD" source="#spoiler_B_color_001-mesh-map-0" offset="2" set="0"/>
          <p>176 0 0 239 1 1 19 2 2 189 3 3 125 4 4 164 5 5 40 6 6 223 7 7 228 8 8 217 9 9 20 10 10 162 11 11 223 7 12 94 12 13 224 13 14 85 14 15 82 15 16 55 16 17 170 17 18 50 18 19 63 19 20 44 20 21 166 21 22 229 22 23 229 22 24 40 6 25 44 20 26 203 23 27 63 19 28 50 18 29 62 24 30 190 25 31 166 21 32 54 26 33 127 27 34 114 28 35 177 29 36 68 30 37 174 31 38 127 27 39 183 32 40 179 33 41 426 34 42 37 35 43 181 36 44 73 37 45 75 38 46 76 39 47 114 28 48 67 40 49 66 41 50 50 18 51 51 42 52 203 23 53 174 31 54 74 43 55 202 44 56 64 45 57 202 44 58 201 46 59 84 47 60 90 48 61 81 49 62 73 37 63 78 50 64 77 51 65 114 28 66 55 16 67 54 26 68 191 52 69 70 53 70 181 36 71 201 46 72 65 54 73 64 45 74 99 55 75 180 56 76 178 57 77 106 58 78 54 26 79 56 59 80 103 60 81 56 59 82 105 61 83 175 62 84 102 63 85 107 64 86 120 65 87 189 3 88 186 66 89 103 60 90 180 56 91 188 67 92 374 68 93 108 69 94 38 70 95 85 14 96 66 41 97 72 71 98 171 72 99 122 73 100 225 74 101 93 75 102 163 76 103 120 65 104 192 77 105 63 19 106 185 78 107 202 44 108 130 79 109 185 78 110 225 74 111 120 65 112 171 72 113 121 80 114 456 81 115 209 82 116 221 83 117 116 84 118 220 85 119 216 86 120 42 87 121 41 88 122 45 89 123 46 90 124 51 42 125 91 91 126 75 38 127 131 92 128 51 42 129 75 38 130 73 37 131 227 93 132 45 89 133 50 18 134 62 24 135 227 93 136 170 17 137 56 59 138 206 94 139 105 61 140 206 94 141 205 95 142 105 61 143 49 96 144 211 97 145 212 98 146 48 99 147 46 90 148 47 100 149 205 95 150 204 101 151 105 61 152 104 102 153 98 103 154 100 104 155 115 105 156 175 62 157 183 32 158 179 33 159 69 106 160 177 29 161 162 11 162 176 0 163 182 107 164 77 51 165 84 47 166 83 108 167 131 92 168 49 96 169 126 109 170 271 110 171 38 70 172 37 35 173 215 111 174 42 87 175 213 112 176 172 113 177 178 57 178 193 114 179 193 114 180 98 103 181 171 72 182 117 115 183 162 11 184 119 116 185 214 117 186 41 88 187 43 118 188 190 25 189 71 119 190 184 120 191 76 39 192 84 47 193 78 50 194 109 121 195 346 122 196 330 123 197 126 109 198 91 91 199 131 92 200 218 124 201 116 84 202 215 111 203 44 20 204 228 8 205 227 93 206 179 33 207 129 125 208 128 126 209 207 127 210 104 102 211 105 61 212 72 71 213 83 108 214 85 14 215 51 42 216 131 92 217 75 38 218 230 128 219 39 129 220 40 6 221 187 130 222 165 131 223 190 25 224 184 120 225 167 132 226 191 52 227 95 133 228 192 77 229 169 134 230 173 135 231 161 136 232 125 4 233 186 66 234 171 72 235 120 65 236 219 137 237 119 116 238 163 76 239 119 116 240 182 107 241 173 135 242 61 138 243 191 52 244 168 139 245 166 21 246 184 120 247 61 138 248 187 130 249 170 17 250 192 77 251 186 66 252 164 5 253 135 140 254 43 118 255 230 128 256 229 22 257 135 140 258 193 114 259 186 66 260 182 107 573 19 2 574 161 136 575 436 225 576 70 53 577 194 226 578 194 226 579 167 132 580 195 227 581 196 228 582 165 131 583 197 229 584 197 229 585 95 133 586 198 230 587 195 227 588 71 119 589 196 228 590 198 230 591 169 134 592 199 231 593 199 231 594 99 55 595 172 113 596 200 232 597 130 79 598 74 43 599 69 106 600 128 126 601 107 64 602 127 27 603 177 29 604 67 40 605 183 32 606 107 64 607 129 125 608 201 46 609 185 78 610 63 19 611 169 134 612 185 78 613 130 79 614 188 67 615 101 233 616 102 63 617 106 58 618 188 67 619 175 62 620 178 57 621 100 104 622 98 103 623 168 139 624 181 36 625 37 35 626 358 234 627 181 36 628 70 53 629 67 40 630 174 31 631 64 45 632 163 76 633 173 135 634 189 3 635 20 10 636 414 235 637 176 0 638 130 79 639 199 231 640 169 134 641 172 113 642 198 230 643 199 231 644 161 136 645 196 228 646 125 4 647 164 5 648 198 230 649 135 140 650 125 4 651 197 229 652 164 5 653 19 2 654 195 227 655 161 136 656 239 1 657 194 226 658 19 2 659 83 108 660 81 49 661 82 15 662 226 236 663 93 75 664 225 74 665 222 237 666 94 12 667 220 85 668 207 127 669 105 61 670 204 101 671 82 15 672 205 95 673 206 94 674 81 49 675 204 101 676 205 95 677 90 48 678 126 109 679 204 101 680 56 59 681 55 16 682 206 94 683 219 137 684 208 238 685 222 237 686 224 13 687 208 238 688 226 236 689 126 109 690 212 98 691 207 127 692 217 9 693 210 239 694 218 124 695 212 98 696 122 73 697 104 102 698 126 109 699 207 127 700 204 101 701 78 50 702 73 37 703 76 39 704 73 37 705 77 51 706 72 71 707 65 54 708 72 71 709 66 41 710 203 23 711 73 37 712 65 54 713 100 104 714 105 61 715 104 102 716 209 82 717 303 240 718 118 241 719 331 242 720 109 121 721 330 123 722 118 241 723 218 124 724 209 82 725 209 82 726 215 111 727 121 80 728 38 70 729 216 86 730 214 117 731 121 80 732 213 112 733 109 121 734 108 69 735 213 112 736 216 86 737 117 115 738 222 237 739 210 239 740 210 239 741 220 85 742 116 84 743 39 129 744 220 85 745 94 12 746 48 99 747 226 236 748 211 97 749 211 97 750 225 74 751 122 73 752 47 100 753 224 13 754 48 99 755 41 88 756 221 83 757 230 128 758 118 241 759 240 243 760 20 10 761 37 35 762 214 117 763 168 139 764 168 139 765 43 118 766 61 138 767 228 8 768 47 100 769 45 89 770 229 22 771 61 138 772 43 118 773 66 41 774 64 45 775 65 54 776 417 244 777 239 1 778 414 235 779 431 245 780 364 246 781 413 247 782 274 248 783 467 249 784 273 250 785 253 251 786 461 252 787 402 253 788 467 249 789 329 254 790 273 250 791 320 255 792 317 256 793 318 257 794 410 258 795 284 259 796 471 260 797 278 261 798 406 262 799 296 263 800 473 264 801 274 248 802 474 265 803 446 266 804 297 267 805 444 268 806 296 263 807 432 269 808 429 270 809 288 271 810 366 272 811 353 273 812 302 274 813 418 275 814 415 276 815 366 272 816 424 277 817 353 273 818 426 34 819 270 278 820 271 110 821 308 279 822 311 280 823 310 281 824 352 282 825 301 283 826 366 272 827 284 259 828 285 284 829 279 285 830 415 276 831 309 286 832 302 274 833 298 287 834 445 288 835 415 276 836 319 289 837 325 290 838 326 291 839 308 279 840 312 292 841 313 293 842 352 282 843 289 294 844 320 255 845 433 295 846 305 296 847 407 297 848 299 298 849 444 268 850 298 287 851 421 299 852 336 300 853 419 301 854 343 302 855 288 271 856 353 273 857 290 303 858 340 304 859 342 305 860 416 306 861 339 307 862 430 308 863 359 309 864 431 245 865 403 310 866 421 299 867 340 304 868 430 308 869 374 68 870 345 311 871 346 122 872 320 255 873 300 312 874 352 282 875 361 313 876 411 314 877 469 315 878 328 316 879 403 310 880 463 317 881 434 318 882 297 267 883 410 258 884 445 288 885 369 319 886 309 286 887 359 309 888 469 315 889 411 314 890 360 320 891 456 81 892 331 242 893 465 321 894 354 322 895 276 323 896 460 324 897 276 323 898 457 325 899 279 285 900 280 326 901 281 327 902 326 291 903 310 281 904 311 280 905 285 284 906 308 279 907 310 281 908 471 260 909 279 285 910 472 328 911 296 263 912 471 260 913 278 261 914 290 303 915 342 305 916 449 329 917 449 329 918 342 305 919 448 330 920 454 331 921 283 332 922 455 333 923 282 334 924 280 326 925 283 332 926 448 330 927 342 305 928 447 335 929 341 336 930 335 337 931 361 313 932 416 306 933 353 273 934 424 277 935 420 338 936 304 339 937 367 340 938 402 253 939 417 244 940 253 251 941 312 292 942 319 289 943 313 293 944 370 341 945 283 332 946 280 326 947 272 342 948 271 110 949 270 278 950 459 343 951 276 323 952 354 322 953 412 344 954 419 301 955 336 300 956 435 345 957 335 337 958 419 301 959 355 346 960 402 253 961 461 252 962 458 347 963 275 348 964 460 324 965 432 269 966 306 349 967 405 350 968 311 280 969 319 289 970 326 291 971 347 351 972 346 122 973 345 311 974 365 352 975 326 291 976 325 290 977 462 353 978 354 322 979 453 354 980 278 261 981 472 328 982 274 248 983 420 338 984 368 355 985 424 277 986 450 356 987 341 336 988 455 333 989 307 357 990 318 257 991 312 292 992 285 284 993 370 341 994 280 326 995 474 265 996 273 250 997 465 321 998 429 270 999 405 350 1000 332 358 1001 425 359 1002 407 297 1003 306 349 1004 332 358 1005 434 318 1006 429 270 1007 413 247 1008 401 360 1009 423 361 1010 428 362 1011 411 314 1012 435 345 1013 357 363 1014 463 317 1015 403 310 1016 357 363 1017 423 361 1018 402 253 1019 295 364 1020 433 295 1021 425 359 1022 406 262 1023 425 359 1024 432 269 1025 429 270 1026 410 258 1027 296 263 1028 428 362 1029 404 365 1030 431 245 1031 277 366 1032 474 265 1033 275 348 1034 375 367 1035 435 345 1036 412 344 1037 423 361 1350 252 452 1351 417 244 1352 436 225 1353 305 296 1354 358 234 1355 407 297 1356 437 453 1357 438 454 1358 405 350 1359 439 455 1360 440 456 1361 332 358 1362 440 456 1363 441 457 1364 306 349 1365 438 454 1366 439 455 1367 409 458 1368 441 457 1369 442 459 1370 442 459 1371 336 300 1372 443 460 1373 336 300 1374 338 461 1375 309 286 1376 344 462 1377 304 339 1378 339 307 1379 366 272 1380 418 275 1381 420 338 1382 344 462 1383 424 277 1384 368 355 1385 444 268 1386 427 463 1387 445 288 1388 409 458 1389 427 463 1390 434 318 1391 338 461 1392 430 308 1393 339 307 1394 343 302 1395 430 308 1396 340 304 1397 337 464 1398 419 301 1399 335 337 1400 408 465 1401 422 466 1402 433 295 1403 358 234 1404 422 466 1405 426 34 1406 415 276 1407 301 283 1408 298 287 1409 403 310 1410 413 247 1411 357 363 1412 253 251 1413 414 235 1414 240 243 1415 442 459 1416 369 319 1417 409 458 1418 412 344 1419 441 457 1420 375 367 1421 439 455 1422 401 360 1423 364 246 1424 441 457 1425 404 365 1426 375 367 1427 440 456 1428 364 246 1429 404 365 1430 438 454 1431 252 452 1432 401 360 1433 239 1 1434 437 453 1435 436 225 1436 318 257 1437 316 467 1438 319 289 1439 470 468 1440 328 316 1441 451 469 1442 466 470 1443 329 254 1444 451 469 1445 450 356 1446 447 335 1447 342 305 1448 317 256 1449 448 330 1450 316 467 1451 316 467 1452 447 335 1453 325 290 1454 325 290 1455 447 335 1456 365 352 1457 449 329 1458 289 294 1459 290 303 1460 463 317 1461 451 469 1462 328 316 1463 468 471 1464 451 469 1465 329 254 1466 365 352 1467 455 333 1468 283 332 1469 461 252 1470 453 354 1471 355 346 1472 361 313 1473 455 333 1474 341 336 1475 365 352 1476 447 335 1477 450 356 1478 313 293 1479 311 280 1480 308 279 1481 308 279 1482 307 357 1483 312 292 1484 299 298 1485 307 357 1486 308 279 1487 446 266 1488 308 279 1489 285 284 1490 337 464 1491 342 305 1492 340 304 1493 452 472 1494 303 240 1495 456 81 1496 331 242 1497 347 351 1498 360 320 1499 356 473 1500 462 353 1501 461 252 1502 452 472 1503 459 343 1504 462 353 1505 272 342 1506 460 324 1507 345 311 1508 360 320 1509 457 325 1510 459 343 1511 345 311 1512 457 325 1513 347 351 1514 355 346 1515 466 470 1516 463 317 1517 453 354 1518 464 474 1519 466 470 1520 273 250 1521 464 474 1522 465 321 1523 282 334 1524 470 468 1525 468 471 1526 454 331 1527 469 315 1528 470 468 1529 281 327 1530 468 471 1531 467 249 1532 275 348 1533 465 321 1534 276 323 1535 356 473 1536 240 243 1537 303 240 1538 270 278 1539 458 347 1540 272 342 1541 408 465 1542 277 366 1543 458 347 1544 472 328 1545 281 327 1546 467 249 1547 473 264 1548 295 364 1549 406 262 1550 298 287 1551 300 312 1552 299 298 1553 176 0 1554 414 235 1555 239 1 1556 189 3 1557 173 135 1558 125 4 1559 40 6 1560 39 129 1561 223 7 1562 217 9 1563 118 241 1564 20 10 1565 223 7 1566 39 129 1567 94 12 1568 85 14 1569 83 108 1570 82 15 1571 170 17 1572 227 93 1573 50 18 1574 44 20 1575 62 24 1576 166 21 1577 229 22 1578 230 128 1579 40 6 1580 203 23 1581 201 46 1582 63 19 1583 62 24 1584 187 130 1585 190 25 1586 54 26 1587 115 105 1588 127 27 1589 177 29 1590 69 106 1591 68 30 1592 127 27 1593 115 105 1594 183 32 1595 426 34 1596 271 110 1597 37 35 1598 114 28 1599 127 27 1600 67 40 1601 50 18 1602 45 89 1603 51 42 1604 174 31 1605 68 30 1606 74 43 1607 64 45 1608 174 31 1609 202 44 1610 84 47 1611 91 91 1612 90 48 1613 114 28 1614 85 14 1615 55 16 1616 191 52 1617 167 132 1618 70 53 1619 201 46 1620 203 23 1621 65 54 1622 99 55 1623 101 233 1624 180 56 1625 106 58 1626 115 105 1627 54 26 1628 103 60 1629 106 58 1630 56 59 1631 175 62 1632 188 67 1633 102 63 1634 120 65 1635 163 76 1636 189 3 1637 103 60 1638 100 104 1639 180 56 1640 374 68 1641 346 122 1642 108 69 1643 85 14 1644 114 28 1645 66 41 1646 171 72 1647 98 103 1648 122 73 1649 93 75 1650 219 137 1651 163 76 1652 192 77 1653 170 17 1654 63 19 1655 202 44 1656 74 43 1657 130 79 1658 225 74 1659 93 75 1660 120 65 1661 121 80 1662 331 242 1663 456 81 1664 221 83 1665 42 87 1666 116 84 1667 216 86 1668 213 112 1669 42 87 1670 45 89 1671 47 100 1672 46 90 1673 91 91 1674 76 39 1675 75 38 1676 227 93 1677 228 8 1678 45 89 1679 62 24 1680 44 20 1681 227 93 1682 49 96 1683 48 99 1684 211 97 1685 48 99 1686 49 96 1687 46 90 1688 104 102 1689 122 73 1690 98 103 1691 115 105 1692 106 58 1693 175 62 1694 179 33 1695 128 126 1696 69 106 1697 162 11 1698 20 10 1699 176 0 1700 77 51 1701 78 50 1702 84 47 1703 131 92 1704 46 90 1705 49 96 1706 271 110 1707 374 68 1708 38 70 1709 215 111 1710 116 84 1711 42 87 1712 172 113 1713 99 55 1714 178 57 1715 193 114 1716 178 57 1717 98 103 1718 117 115 1719 217 9 1720 162 11 1721 214 117 1722 216 86 1723 41 88 1724 190 25 1725 165 131 1726 71 119 1727 76 39 1728 91 91 1729 84 47 1730 109 121 1731 108 69 1732 346 122 1733 126 109 1734 90 48 1735 91 91 1736 218 124 1737 210 239 1738 116 84 1739 44 20 1740 40 6 1741 228 8 1742 179 33 1743 183 32 1744 129 125 1745 207 127 1746 212 98 1747 104 102 1748 72 71 1749 77 51 1750 83 108 1751 51 42 1752 46 90 1753 131 92 1754 230 128 1755 221 83 1756 39 129 1757 187 130 1758 95 133 1759 165 131 1760 184 120 1761 71 119 1762 167 132 1763 95 133 1764 187 130 1765 192 77 1766 173 135 1767 182 107 1768 161 136 1769 186 66 1770 193 114 1771 171 72 1772 219 137 1773 117 115 1774 119 116 1775 119 116 1776 162 11 1777 182 107 1778 61 138 1779 184 120 1780 191 52 1781 166 21 1782 190 25 1783 184 120 1784 187 130 1785 62 24 1786 170 17 1787 186 66 1788 189 3 1789 164 5 1790 43 118 1791 41 88 1792 230 128 1793 135 140 1794 172 113 1795 193 114 1796 182 107 1797 176 0 1798 19 2 1799 436 225 1800 358 234 1801 70 53 1802 194 226 1803 70 53 1804 167 132 1805 196 228 1806 71 119 1807 165 131 1808 197 229 1809 165 131 1810 95 133 1811 195 227 1812 167 132 1813 71 119 1814 198 230 1815 95 133 1816 169 134 1817 199 231 1818 200 232 1819 99 55 1820 74 43 1821 68 30 1822 101 233 1823 68 30 1824 102 63 1825 101 233 1826 101 233 1827 99 55 1828 74 43 1829 99 55 1830 200 232 1831 74 43 1832 128 126 1833 129 125 1834 107 64 1835 107 64 1836 102 63 1837 69 106 1838 102 63 1839 68 30 1840 69 106 1841 127 27 1842 179 33 1843 177 29 1844 183 32 1845 175 62 1846 107 64 1847 201 46 1848 202 44 1849 185 78 1850 169 134 1851 192 77 1852 185 78 1853 188 67 1854 180 56 1855 101 233 1856 106 58 1857 103 60 1858 188 67 1859 178 57 1860 180 56 1861 100 104 1862 168 139 1863 191 52 1864 181 36 1865 358 234 1866 426 34 1867 181 36 1868 67 40 1869 177 29 1870 174 31 1871 163 76 1872 119 116 1873 173 135 1874 20 10 1875 240 243 1876 414 235 1877 130 79 1878 200 232 1879 199 231 1880 172 113 1881 135 140 1882 198 230 1883 161 136 1884 195 227 1885 196 228 1886 164 5 1887 197 229 1888 198 230 1889 125 4 1890 196 228 1891 197 229 1892 19 2 1893 194 226 1894 195 227 1895 239 1 1896 436 225 1897 194 226 1898 83 108 1899 84 47 1900 81 49 1901 226 236 1902 208 238 1903 93 75 1904 222 237 1905 208 238 1906 94 12 1907 82 15 1908 81 49 1909 205 95 1910 81 49 1911 90 48 1912 204 101 1913 54 26 1914 55 16 1915 56 59 1916 55 16 1917 82 15 1918 206 94 1919 219 137 1920 93 75 1921 208 238 1922 224 13 1923 94 12 1924 208 238 1925 126 109 1926 49 96 1927 212 98 1928 217 9 1929 117 115 1930 210 239 1931 212 98 1932 211 97 1933 122 73 1934 65 54 1935 73 37 1936 72 71 1937 203 23 1938 51 42 1939 73 37 1940 100 104 1941 103 60 1942 105 61 1943 209 82 1944 456 81 1945 303 240 1946 331 242 1947 121 80 1948 109 121 1949 118 241 1950 217 9 1951 218 124 1952 209 82 1953 218 124 1954 215 111 1955 38 70 1956 108 69 1957 216 86 1958 121 80 1959 215 111 1960 213 112 1961 108 69 1962 109 121 1963 213 112 1964 117 115 1965 219 137 1966 222 237 1967 210 239 1968 222 237 1969 220 85 1970 39 129 1971 221 83 1972 220 85 1973 48 99 1974 224 13 1975 226 236 1976 211 97 1977 226 236 1978 225 74 1979 47 100 1980 223 7 1981 224 13 1982 41 88 1983 42 87 1984 221 83 1985 118 241 1986 303 240 1987 240 243 1988 37 35 1989 38 70 1990 214 117 1991 168 139 1992 214 117 1993 43 118 1994 228 8 1995 223 7 1996 47 100 1997 229 22 1998 166 21 1999 61 138 2000 66 41 2001 67 40 2002 64 45 2003 417 244 2004 252 452 2005 239 1 2006 431 245 2007 404 365 2008 364 246 2009 274 248 2010 472 328 2011 467 249 2012 253 251 2013 356 473 2014 461 252 2015 467 249 2016 468 471 2017 329 254 2018 320 255 2019 289 294 2020 317 256 2021 410 258 2022 297 267 2023 284 259 2024 278 261 2025 473 264 2026 406 262 2027 473 264 2028 278 261 2029 274 248 2030 446 266 2031 284 259 2032 297 267 2033 296 263 2034 406 262 2035 432 269 2036 288 271 2037 352 282 2038 366 272 2039 302 274 2040 304 339 2041 418 275 2042 366 272 2043 420 338 2044 424 277 2045 426 34 2046 422 466 2047 270 278 2048 352 282 2049 300 312 2050 301 283 2051 284 259 2052 446 266 2053 285 284 2054 415 276 2055 445 288 2056 309 286 2057 298 287 2058 444 268 2059 445 288 2060 319 289 2061 316 467 2062 325 290 2063 352 282 2064 288 271 2065 289 294 2066 433 295 2067 422 466 2068 305 296 2069 299 298 2070 446 266 2071 444 268 2072 421 299 2073 338 461 2074 336 300 2075 343 302 2076 290 303 2077 288 271 2078 290 303 2079 343 302 2080 340 304 2081 416 306 2082 344 462 2083 339 307 2084 359 309 2085 428 362 2086 431 245 2087 421 299 2088 337 464 2089 340 304 2090 374 68 2091 272 342 2092 345 311 2093 320 255 2094 307 357 2095 300 312 2096 361 313 2097 335 337 2098 411 314 2099 328 316 2100 359 309 2101 403 310 2102 434 318 2103 427 463 2104 297 267 2105 445 288 2106 427 463 2107 369 319 2108 359 309 2109 328 316 2110 469 315 2111 360 320 2112 452 472 2113 456 81 2114 465 321 2115 464 474 2116 354 322 2117 460 324 2118 275 348 2119 276 323 2120 279 285 2121 285 284 2122 280 326 2123 326 291 2124 370 341 2125 310 281 2126 471 260 2127 284 259 2128 279 285 2129 296 263 2130 410 258 2131 471 260 2132 454 331 2133 282 334 2134 283 332 2135 282 334 2136 281 327 2137 280 326 2138 341 336 2139 337 464 2140 335 337 2141 416 306 2142 343 302 2143 353 273 2144 420 338 2145 418 275 2146 304 339 2147 402 253 2148 423 361 2149 417 244 2150 312 292 2151 318 257 2152 319 289 2153 370 341 2154 365 352 2155 283 332 2156 272 342 2157 374 68 2158 271 110 2159 459 343 2160 457 325 2161 276 323 2162 412 344 2163 435 345 2164 419 301 2165 435 345 2166 411 314 2167 335 337 2168 355 346 2169 357 363 2170 402 253 2171 458 347 2172 277 366 2173 275 348 2174 432 269 2175 425 359 2176 306 349 2177 311 280 2178 313 293 2179 319 289 2180 347 351 2181 330 123 2182 346 122 2183 365 352 2184 370 341 2185 326 291 2186 462 353 2187 459 343 2188 354 322 2189 278 261 2190 471 260 2191 472 328 2192 420 338 2193 367 340 2194 368 355 2195 450 356 2196 342 305 2197 341 336 2198 307 357 2199 320 255 2200 318 257 2201 285 284 2202 310 281 2203 370 341 2204 474 265 2205 274 248 2206 273 250 2207 429 270 2208 432 269 2209 405 350 2210 425 359 2211 433 295 2212 407 297 2213 332 358 2214 409 458 2215 434 318 2216 413 247 2217 364 246 2218 401 360 2219 428 362 2220 359 309 2221 411 314 2222 357 363 2223 355 346 2224 463 317 2225 357 363 2226 413 247 2227 423 361 2228 295 364 2229 408 465 2230 433 295 2231 406 262 2232 295 364 2233 425 359 2234 429 270 2235 434 318 2236 410 258 2237 428 362 2238 375 367 2239 404 365 2240 277 366 2241 473 264 2242 474 265 2243 375 367 2244 428 362 2245 435 345 2246 423 361 2247 401 360 2248 252 452 2249 436 225 2250 437 453 2251 305 296 2252 407 297 2253 305 296 2254 437 453 2255 405 350 2256 306 349 2257 439 455 2258 332 358 2259 405 350 2260 440 456 2261 306 349 2262 407 297 2263 438 454 2264 409 458 2265 332 358 2266 441 457 2267 442 459 2268 412 344 2269 336 300 2270 339 307 2271 302 274 2272 338 461 2273 302 274 2274 309 286 2275 338 461 2276 309 286 2277 369 319 2278 443 460 2279 443 460 2280 336 300 2281 309 286 2282 344 462 2283 368 355 2284 367 340 2285 367 340 2286 304 339 2287 344 462 2288 304 339 2289 302 274 2290 339 307 2291 366 272 2292 301 283 2293 418 275 2294 344 462 2295 416 306 2296 424 277 2297 444 268 2298 297 267 2299 427 463 2300 409 458 2301 369 319 2302 427 463 2303 338 461 2304 421 299 2305 430 308 2306 343 302 2307 416 306 2308 430 308 2309 337 464 2310 421 299 2311 419 301 2312 408 465 2313 270 278 2314 422 466 2315 358 234 2316 305 296 2317 422 466 2318 415 276 2319 418 275 2320 301 283 2321 403 310 2322 431 245 2323 413 247 2324 253 251 2325 417 244 2326 414 235 2327 442 459 2328 443 460 2329 369 319 2330 412 344 2331 442 459 2332 441 457 2333 439 455 2334 438 454 2335 401 360 2336 441 457 2337 440 456 2338 404 365 2339 440 456 2340 439 455 2341 364 246 2342 438 454 2343 437 453 2344 252 452 2345 239 1 2346 252 452 2347 437 453 2348 318 257 2349 317 256 2350 316 467 2351 470 468 2352 469 315 2353 328 316 2354 466 470 2355 464 474 2356 329 254 2357 317 256 2358 449 329 2359 448 330 2360 316 467 2361 448 330 2362 447 335 2363 317 256 2364 289 294 2365 449 329 2366 289 294 2367 288 271 2368 290 303 2369 463 317 2370 466 470 2371 451 469 2372 468 471 2373 470 468 2374 451 469 2375 365 352 2376 450 356 2377 455 333 2378 461 252 2379 462 353 2380 453 354 2381 361 313 2382 454 331 2383 455 333 2384 299 298 2385 300 312 2386 307 357 2387 446 266 2388 299 298 2389 308 279 2390 337 464 2391 341 336 2392 342 305 2393 452 472 2394 356 473 2395 303 240 2396 331 242 2397 330 123 2398 347 351 2399 356 473 2400 452 472 2401 462 353 2402 452 472 2403 360 320 2404 459 343 2405 272 342 2406 458 347 2407 460 324 2408 360 320 2409 347 351 2410 457 325 2411 345 311 2412 460 324 2413 457 325 2414 355 346 2415 453 354 2416 466 470 2417 453 354 2418 354 322 2419 464 474 2420 273 250 2421 329 254 2422 464 474 2423 282 334 2424 454 331 2425 470 468 2426 454 331 2427 361 313 2428 469 315 2429 281 327 2430 282 334 2431 468 471 2432 275 348 2433 474 265 2434 465 321 2435 356 473 2436 253 251 2437 240 243 2438 270 278 2439 408 465 2440 458 347 2441 408 465 2442 295 364 2443 277 366 2444 472 328 2445 279 285 2446 281 327 2447 473 264 2448 277 366 2449 295 364 2450 298 287 2451 301 283 2452 300 312 2453</p>
        </triangles>
      </mesh>
    </geometry>
    <geometry id="spoiler_F-mesh" name="spoiler_F">
      <mesh>
        <source id="spoiler_F-mesh-positions">
          <float_array id="spoiler_F-mesh-positions-array" count="753">-0.674496 -1.628726 0.3575458 -0.677476 -1.638625 0.3838368 -0.663735 -1.695455 0.2644228 0.663713 -1.695455 0.2644288 0.677476 -1.638624 0.3838368 0.674497 -1.628726 0.3575458 -0.701885 -1.592746 0.4870898 -0.684929 -1.610646 0.3636688 -0.689383 -1.629355 0.4074888 -0.697357 -1.574065 0.4432868 0.697358 -1.574065 0.4432868 0.689383 -1.629355 0.4074888 0.684929 -1.610646 0.3636688 0.701886 -1.592746 0.4870898 0.533284 -1.741275 0.3073658 0.533386 -1.742486 0.3080978 0.535883 -1.740974 0.3105238 0.535803 -1.739765 0.3097668 -0.239183 -1.756565 0.2824308 -0.237852 -1.755025 0.2854938 -0.237954 -1.756235 0.2862328 -0.239288 -1.757776 0.2831688 0.53684 -1.738106 0.3158008 0.536402 -1.732095 0.3120768 0.529031 -1.732085 0.3133548 0.529485 -1.738106 0.3170568 0.683855 -1.650785 0.3237838 0.684378 -1.651794 0.3268828 0.684442 -1.657665 0.3240918 0.683918 -1.656656 0.3209918 0.684348 -1.658185 0.3177958 0.684568 -1.655956 0.3204928 0.685068 -1.656965 0.3235858 0.685308 -1.660125 0.3237418 -0.683614 -1.653225 0.3208348 -0.683854 -1.650785 0.3237838 -0.684527 -1.650095 0.3232838 -0.684263 -1.652515 0.3203368 0.5306 -1.738295 0.3134968 0.530701 -1.739495 0.3142398 0.528185 -1.740944 0.3118348 0.528106 -1.739734 0.3110878 -0.529484 -1.738106 0.3170568 -0.52466 -1.740865 0.3124338 -0.524215 -1.734835 0.3087118 -0.52903 -1.732085 0.3133548 0.524661 -1.740865 0.3124338 0.524216 -1.734835 0.3087118 0.526784 -1.737756 0.3028358 0.527234 -1.743784 0.3065538 -0.530599 -1.738295 0.3134968 -0.528106 -1.739735 0.3110878 -0.528184 -1.740945 0.3118348 -0.530701 -1.739495 0.3142398 -0.534589 -1.743835 0.3052888 -0.539411 -1.740895 0.3099058 -0.538952 -1.734895 0.3061868 -0.534155 -1.737835 0.3015658 0.527171 -1.718745 0.3379078 0.524372 -1.700546 0.3270098 0.527678 -1.758985 0.2418447 0.538377 -1.757165 0.2433587 0.5351 -1.698674 0.3282328 0.537889 -1.716625 0.3390878 0.230265 -1.729165 0.3194398 0.228105 -1.709985 0.3094528 0.228585 -1.779755 0.2059578 0.239385 -1.778925 0.2070907 0.238894 -1.708986 0.3102958 0.241049 -1.728025 0.3202538 -0.535803 -1.739765 0.3097668 -0.534446 -1.738286 0.3128458 -0.534548 -1.739485 0.3135768 -0.535882 -1.740975 0.3105068 -0.230624 -1.760295 0.2791778 -0.238007 -1.760585 0.2779358 -0.23756 -1.754555 0.2742178 -0.230173 -1.754265 0.2754688 -0.2428179 -1.757915 0.2825668 -0.2423599 -1.751885 0.2788578 -0.234005 -1.754865 0.2861458 -0.234106 -1.756085 0.2868788 0.237852 -1.755025 0.2854938 0.236683 -1.757955 0.2800038 0.239184 -1.756565 0.2824308 -0.236683 -1.757955 0.2800038 -0.2328259 -1.757805 0.2806618 0.231501 -1.756265 0.2837198 0.232845 -1.757805 0.2806478 0.234006 -1.754865 0.2861458 -0.228051 -1.757335 0.2850708 -0.232886 -1.754665 0.2896958 -0.2315829 -1.757475 0.2844748 -0.527211 -1.743785 0.3065608 -0.529534 -1.742455 0.3087638 -0.533385 -1.742486 0.3080978 0.683784 -1.651594 0.3174828 0.684264 -1.652515 0.3203368 -0.240249 -1.754956 0.2884538 0.529534 -1.742455 0.3087638 0.232887 -1.754665 0.2896958 0.23243 -1.748636 0.2859828 0.227614 -1.751315 0.2813468 0.228052 -1.757335 0.2850708 -0.23243 -1.748636 0.2859828 -0.239813 -1.748935 0.2847268 -0.2315 -1.756265 0.2837198 0.230625 -1.760295 0.2791778 0.230173 -1.754265 0.2754688 0.237561 -1.754555 0.2742178 0.238008 -1.760585 0.2779358 0.239288 -1.757776 0.2831688 0.237954 -1.756235 0.2862328 0.534155 -1.737835 0.3015658 0.534612 -1.743845 0.3052828 -0.529432 -1.741255 0.3080198 -0.526784 -1.737756 0.3028358 -0.536839 -1.738106 0.3158008 -0.536401 -1.732095 0.3120768 0.534446 -1.738286 0.3128458 -0.533283 -1.741275 0.3073658 0.529433 -1.741255 0.3080198 -0.23293 -1.759015 0.2814018 -0.23677 -1.759166 0.2807558 0.684247 -1.646915 0.3231438 0.68056 -1.650524 0.3255938 0.681787 -1.652395 0.3315458 0.685207 -1.648865 0.3290788 -0.6857 -1.655475 0.3293898 -0.685206 -1.648865 0.3290788 -0.685005 -1.651095 0.3263738 -0.685286 -1.654546 0.3265358 -0.684681 -1.655225 0.3270178 -0.684441 -1.657665 0.3240918 -0.685067 -1.656965 0.3235858 0.68242 -1.658964 0.3318408 0.685701 -1.655474 0.3293898 -0.683918 -1.656656 0.3209918 -0.684567 -1.655956 0.3204928 -0.684378 -1.651795 0.3268828 0.681918 -1.663655 0.3261838 0.683615 -1.653225 0.3208348 0.684682 -1.655225 0.3270178 0.240249 -1.754956 0.2884538 0.242819 -1.757915 0.2825758 -0.684348 -1.658185 0.3177958 -0.685307 -1.660125 0.3237418 -0.684246 -1.646915 0.3231438 -0.683783 -1.651596 0.3174828 -0.679966 -1.655246 0.3199498 -0.680667 -1.661786 0.3202488 0.539435 -1.740895 0.3098988 -0.681917 -1.663655 0.3261838 -0.68242 -1.658966 0.3318408 -0.681787 -1.652395 0.3315458 -0.68056 -1.650526 0.3255938 -0.527677 -1.758985 0.2418447 -0.524372 -1.700546 0.3270098 -0.527171 -1.718745 0.3379078 -0.537888 -1.716625 0.3390878 -0.535099 -1.698675 0.3282328 -0.538377 -1.757165 0.2433587 -0.228584 -1.779755 0.2059578 -0.2281039 -1.709985 0.3094528 -0.230264 -1.729165 0.3194398 -0.241048 -1.728025 0.3202538 -0.238893 -1.708986 0.3102958 -0.239374 -1.778925 0.2070907 0.234106 -1.756085 0.2868788 0.231584 -1.757465 0.2844748 0.23677 -1.759166 0.2807558 0.23293 -1.759015 0.2814018 0.534548 -1.739485 0.3135768 -0.227613 -1.751315 0.2813468 0.239813 -1.748935 0.2847358 0.242361 -1.751885 0.2788578 0.538952 -1.734895 0.3061868 0.685006 -1.651094 0.3263738 0.685287 -1.654546 0.3265358 0.684528 -1.650095 0.3232838 0.679966 -1.655246 0.3199498 0.680691 -1.661784 0.3202438 0.667088 -1.705205 0.2634328 0.675395 -1.694715 0.2743768 0.655882 -1.657665 0.3933738 0.666425 -1.702775 0.2554168 0.675537 -1.691595 0.2637108 -0.536698 -1.705875 0.3711028 -0.536689 -1.776435 0.2260738 -0.403069 -1.789105 0.2045757 -0.403067 -1.716285 0.3479198 0.605339 -1.747525 0.2420557 0.536699 -1.705874 0.3711028 0.53669 -1.776435 0.2260738 0.60027 -1.736384 0.2480818 0.605859 -1.744885 0.2363657 0.537 -1.774645 0.2202448 0.533881 -1.763365 0.2310848 -0.256142 -1.798635 0.1911898 -0.25616 -1.726615 0.3323438 -0.1251879 -1.805765 0.1833007 -0.1251749 -1.733565 0.3215498 0 -1.809835 0.1800338 0 -1.736615 0.3175908 -0.605338 -1.747525 0.2420557 -0.605858 -1.744885 0.2363657 -0.536999 -1.774645 0.2202448 -0.533881 -1.763365 0.2310848 -0.402065 -1.775545 0.2072067 -0.403476 -1.788215 0.1981328 0.403068 -1.716285 0.3479198 0.40307 -1.789105 0.2045757 0.655208 -1.716325 0.2556088 0.60055 -1.684445 0.3835238 -0.675394 -1.694715 0.2743768 -0.655881 -1.657665 0.3933738 -0.667088 -1.705205 0.2634328 0.116714 -1.723255 0.3148728 0.1245959 -1.792045 0.1856858 0 -1.795985 0.1832417 0 -1.726955 0.3105878 0.247125 -1.717495 0.3243918 0.255596 -1.785245 0.1931087 0.654319 -1.714235 0.2493377 -0.675537 -1.691595 0.2637108 -0.666424 -1.702775 0.2554168 -0.654319 -1.714235 0.2493377 -0.60027 -1.736385 0.2480818 -0.655207 -1.716325 0.2556088 0.403477 -1.788215 0.1981328 0.402066 -1.775545 0.2072067 0.125189 -1.805765 0.1833007 0.1251749 -1.733565 0.3215498 -0.124595 -1.792045 0.1856858 0 -1.808305 0.1740577 -0.125361 -1.804785 0.1769387 -0.255596 -1.785245 0.1931087 -0.256493 -1.798135 0.1844738 0.530757 -1.697305 0.3620828 0.598662 -1.677414 0.3742198 -0.530756 -1.697305 0.3620828 -0.392942 -1.707165 0.3396958 0.392943 -1.707165 0.3396958 0.256142 -1.798635 0.1911898 0.125361 -1.804785 0.1769387 0.256494 -1.798135 0.1844738 -0.598662 -1.677415 0.3742198 -0.247125 -1.717495 0.3243918 -0.116714 -1.723255 0.3148728 -0.600549 -1.684445 0.3835238 0.256151 -1.726615 0.3323438</float_array>
          <technique_common>
            <accessor source="#spoiler_F-mesh-positions-array" count="251" stride="3">
              <param name="X" type="float"/>
              <param name="Y" type="float"/>
              <param name="Z" type="float"/>
            </accessor>
          </technique_common>
        </source>
        <source id="spoiler_F-mesh-normals">
          <float_array id="spoiler_F-mesh-normals-array" count="753">0.9292972 0.3296825 -0.1664818 0.7579326 0.6185637 -0.2071648 0.3556 0.7651072 -0.5368049 -0.3555144 0.7651106 -0.5368568 -0.757903 0.6186302 -0.2070745 -0.9292526 0.3298246 -0.1664491 -0.9900491 -0.05992937 -0.127324 -0.962808 0.1393497 -0.2314786 -0.9726228 -0.231553 -0.01969832 -0.99009 -0.05892157 -0.1274756 0.9899985 -0.06018525 -0.1275969 0.9728001 -0.2308127 -0.01963442 0.9628565 0.1393463 -0.2312788 0.9899702 -0.05997598 -0.1279134 -0.1331672 -0.4855425 0.864011 -0.7380645 -0.5087651 0.4431917 -0.2224522 -0.1867812 0.9568845 0.4627258 -0.8580943 -0.2226185 0.4806309 -0.7341856 0.4795471 0.7474313 -0.4961277 0.4418188 0.5352567 -0.1923753 0.8224915 -0.3457486 0.4736568 0.8100044 -0.2254713 -0.1847156 0.9565787 0.889502 -0.4489699 -0.08492475 0.2046149 0.9407929 -0.270262 0.4826412 0.7343136 0.4773271 0.9252017 0.2369426 0.296412 0.888276 -0.4517384 -0.08305674 0.4621148 -0.2847654 -0.8398563 -0.8894769 -0.448993 -0.08506649 -0.9891377 -0.07582014 0.1259291 -0.9105967 -0.07021015 0.407289 0.3120391 -0.8818619 -0.3534846 0.5657821 -0.7722537 0.2889895 0.8176262 -0.5546621 0.1543935 0.7449848 -0.4982507 0.4435582 0.3457456 0.473663 0.8100021 0.2254549 -0.1846677 0.9565919 -0.9866806 0.02608174 0.1605658 -0.4509945 -0.8642063 -0.2230504 -0.7452313 -0.4987205 0.4426153 -0.3121849 -0.8817809 -0.3535579 -0.5655308 -0.7722649 0.2894511 -0.2388563 -0.9696041 -0.05306267 -0.3122729 -0.8824912 -0.351703 -0.9795457 -0.047338 -0.1955745 -0.3409855 -0.477721 -0.8096367 -0.991128 -0.1243734 0.04686713 -0.7280789 0.5508515 -0.4079998 -0.2064172 0.8030327 -0.5590443 0.05431276 0.8242141 -0.5636677 0.6529185 0.6352186 -0.4125469 0.9909991 0.1250111 -0.04788857 -0.9950208 -0.08472025 0.05249899 -0.6992669 0.5902277 -0.4033079 -0.1258463 0.8223161 -0.5549407 0.094038 0.8256294 -0.556321 0.6582295 0.6246504 -0.4201738 0.9949801 0.08497798 -0.05285286 0.4416575 -0.8684117 -0.2253881 0.4619203 -0.74389 0.4829674 0.7381059 -0.5100264 0.4416705 0.464046 -0.8575068 -0.2221339 -0.3202684 -0.479643 -0.8169277 0.6194784 -0.4443739 -0.647131 -0.2917595 -0.8888076 -0.3534085 -0.977833 -0.05128401 -0.2030089 -0.2055382 -0.9766207 -0.0629788 0.2892192 -0.9563298 0.04225581 -0.4627134 -0.8580992 -0.2226254 -0.2327067 -0.1758907 0.9565094 -0.7476781 -0.4959429 0.4416086 0.2322565 -0.1760345 0.9565923 -0.2911061 -0.8868524 -0.3588177 0.8134118 -0.5600308 0.1572475 0.5290724 -0.2037371 0.8237559 0.2906646 -0.8869661 -0.3588946 0.2284864 -0.1768317 0.9573529 -0.5574737 -0.7791363 0.2866526 0.7505829 -0.4917747 0.4413422 -0.4178165 -0.5055905 0.7548562 0.1314013 -0.4866559 0.8636549 0.2117989 0.4784137 -0.8522099 -0.3424544 0.4745398 0.8108866 -0.7500035 -0.492439 0.4415865 -0.2287873 -0.1772953 0.9571954 -0.6341084 0.4397017 0.6360574 -0.5302052 -0.2044146 0.8228591 -0.8142153 -0.5602279 0.1523097 -0.4640858 -0.8575705 -0.2218046 0.3202834 -0.4796566 -0.8169138 0.29184 -0.8887881 -0.3533911 -0.4813935 -0.7337571 0.4794381 -0.6089429 -0.4491674 -0.6537869 0.3126528 -0.882269 -0.3519226 -0.8176265 -0.5546121 0.1545712 0.6081221 -0.4484772 -0.6550235 0.4516997 -0.8639011 -0.2228058 -0.8307916 -0.5370646 0.146106 -0.6330869 0.4412092 0.636031 -0.4411764 -0.8686233 -0.2255153 0.2223576 -0.1867871 0.9569053 0.5388715 -0.1922598 0.8201547 -0.4006669 -0.5052183 0.7643433 0.1617513 -0.4791461 0.8627026 -0.69262 0.7209622 0.02216225 0.4932802 0.7206906 0.4871137 0.2345395 0.9372255 -0.2580691 0.2530316 -0.9667435 0.03717851 -0.9020878 -0.07776957 0.4244876 -0.8971247 -0.2501882 -0.3641062 -0.469627 0.2404811 -0.8494818 -0.8129888 -0.5607399 0.1569076 -0.5362188 -0.1926025 0.8218113 -0.1719827 0.4814668 -0.8594253 -0.4907848 0.8635512 -0.1158003 0.2391069 0.3948419 0.8870895 0.9020511 -0.07779479 0.4245607 -0.4822593 0.7344996 0.477427 -0.2046803 0.940769 -0.2702959 -0.4208924 -0.2747241 -0.8645093 -0.9770919 -0.2026904 -0.06487101 0.7576299 -0.3172093 0.5704166 0.9105333 -0.07032573 0.4074109 0.1718538 0.4814814 -0.8594428 0.4212969 -0.2748754 -0.8642641 0.5299986 -0.2047577 0.822907 0.8138747 -0.5604696 0.1532385 -0.8879916 -0.4522017 -0.08357375 -0.9251994 0.2369338 0.2964262 -0.4624245 -0.285078 -0.8395797 -0.2117301 0.4783906 -0.85224 -0.2343847 0.9372479 -0.2581287 -0.4931623 0.7207881 0.4870887 0.6515483 0.178306 -0.7373546 -0.2687368 -0.708047 -0.6530315 -0.4620576 -0.7450393 0.4810605 0.8322765 -0.5349196 0.1455227 -0.7577589 -0.3172531 0.5702211 -0.2391281 0.3948629 0.8870744 0.6928253 0.7207664 0.02211564 0.2064108 0.8030372 -0.5590402 0.7280585 0.5508747 -0.4080047 0.9911286 -0.1243663 0.04687559 -0.9909975 0.1250245 -0.04788303 -0.6529362 0.6352115 -0.4125299 -0.0543195 0.824217 -0.563663 0.1258608 0.8223147 -0.5549394 0.6992686 0.5902266 -0.4033063 0.9950205 -0.08472305 0.05250042 -0.9949796 0.08493894 -0.05292367 -0.6582479 0.6246069 -0.4202095 -0.09402203 0.8256264 -0.5563282 0.5585964 -0.7788678 0.2851928 -0.5391435 -0.1921272 0.8200072 0.9866271 0.02717059 0.1607135 0.4169709 -0.5057694 0.7552037 0.2042254 -0.9768875 -0.06311058 -0.5345786 -0.2036758 0.8202084 0.400413 -0.5062325 0.7638051 0.3418294 0.4747066 0.8110527 0.6337172 0.4395985 0.6365184 -0.9864936 0.02776509 0.1614297 0.9777593 -0.05151641 -0.2033053 -0.1617092 -0.4790642 0.862756 0.9864913 0.02780622 0.1614366 -0.2538998 -0.966521 0.03704196 0.4908869 0.8635063 -0.115702 -0.2892185 -0.9563299 0.04226005 0.9793629 -0.04414838 -0.1972292 0.632463 0.4421472 0.6360003 0.4696909 0.2403957 -0.8494707 0.8971263 -0.2502228 -0.3640784 0.9891281 -0.07585591 0.1259823 0.9770876 -0.2027184 -0.06484639 -0.65182 0.178188 -0.737143 0.2704464 -0.7082409 -0.6521147 -0.7402262 -0.6697226 0.05947178 0.6959992 -0.7154589 0.06085789 0.8405193 -0.5298011 0.1133058 0.4600461 -0.8207278 0.3387678 0.6466683 0.3386547 -0.6834715 -0.2173456 -0.9724625 0.08412867 -0.007654786 -0.8939049 0.4481912 -0.1319686 -0.8961396 0.4236958 0.4422391 -0.8959546 0.04111117 0.1319648 -0.8961389 0.4236986 0.2173467 -0.9724621 0.08413058 0.307311 -0.101978 -0.9461292 -0.06438857 0.7947207 -0.6035505 -0.2640734 0.8007856 -0.5375946 -0.06044107 -0.9850035 0.1616016 -0.01284044 -0.8909077 0.454003 -0.04295539 -0.9793705 0.1974546 -0.01086115 -0.88763 0.4604292 -0.03368335 -0.9861599 0.1623401 0 -0.8848319 0.4659104 -0.4422364 -0.8959558 0.04111337 -0.2565265 -0.2904701 -0.9218575 -0.02628219 0.7559272 -0.654128 0.06438976 0.794723 -0.6035473 0.007656157 -0.8939041 0.448193 0.3137173 -0.8707665 0.3786123 0.60406 -0.7967512 0.01729464 -0.8404955 -0.5298309 0.1133425 -0.4600411 -0.8207306 0.338768 -0.6960008 -0.7154608 0.06081885 -0.004280328 0.742708 -0.6696019 0 0.8809446 -0.4732197 -0.01131254 0.883957 -0.4674313 0.00811547 0.7436547 -0.6685148 -0.01033622 0.8883141 -0.4591203 0.3775345 -0.04619842 -0.9248424 0.4733595 0.101075 -0.8750513 -0.646614 0.338696 -0.6835023 -0.4731995 0.1011998 -0.8751235 -0.3775702 -0.04617476 -0.924829 -0.307306 -0.101949 -0.946134 0.2640643 0.8008106 -0.5375617 -0.604049 -0.796759 0.01732641 0.2565246 -0.2904717 -0.9218577 0.02628219 0.7559276 -0.6541276 0.03368407 -0.9861618 0.1623277 0.01086133 -0.8876299 0.4604294 0 0.7518895 -0.6592893 -0.05252569 -0.3963004 -0.9166173 0.004280507 0.7427076 -0.6696023 -0.09395003 -0.4343893 -0.8958122 -0.008115708 0.7436521 -0.6685176 -0.1491304 -0.3900488 -0.9086375 -0.3082479 0.8665571 -0.3925073 0.004129409 0.8896526 -0.4566196 0.0939548 -0.4344058 -0.8958037 0.04295462 -0.979366 0.1974772 0.3082228 0.866557 -0.3925274 0.1097011 0.8920829 -0.4383536 -0.1097104 0.8920823 -0.4383526 0.06044071 -0.9850028 0.161606 0.01033627 0.8883139 -0.4591207 0.01131254 0.8839569 -0.4674317 0 -0.9935023 0.1138124 0 -0.3424217 -0.9395464 -0.00412935 0.8896526 -0.4566196 -0.3137218 -0.8707649 0.3786123 0.1491315 -0.3900521 -0.9086359 0.05252283 -0.3962884 -0.9166225 0.01284027 -0.8909072 0.4540038 0.2388612 -0.9696106 -0.05292141 -0.6195366 -0.444427 -0.6470386 0.3401532 -0.4757906 -0.8111222 0.7406545 -0.6691146 0.06096333</float_array>
          <technique_common>
            <accessor source="#spoiler_F-mesh-normals-array" count="251" stride="3">
              <param name="X" type="float"/>
              <param name="Y" type="float"/>
              <param name="Z" type="float"/>
            </accessor>
          </technique_common>
        </source>
        <source id="spoiler_F-mesh-map-0">
          <float_array id="spoiler_F-mesh-map-0-array" count="2304">0 0 0 0 0 0 0 0 0 0 0 0 0 0 0 0 0 0 0 0 0 0 0 0 0 0 0 0 0 0 0 0 0 0 0 0 0 0 0 0 0 0 0 0 0 0 0 0 0 0 0 0 0 0 0 0 0 0 0 0 0 0 0 0 0 0 0 0 0 0 0 0 0 0 0 0 0 0 0 0 0 0 0 0 0 0 0 0 0 0 0 0 0 0 0 0 0 0 0 0 0 0 0 0 0 0 0 0 0 0 0 0 0 0 0 0 0 0 0 0 0 0 0 0 0 0 0 0 0 0 0 0 0 0 0 0 0 0 0 0 0 0 0 0 0 0 0 0 0 0 0 0 0 0 0 0 0 0 0 0 0 0 0 0 0 0 0 0 0 0 0 0 0 0 0 0 0 0 0 0 0 0 0 0 0 0 0 0 0 0 0 0 0 0 0 0 0 0 0 0 0 0 0 0 0 0 0 0 0 0 0 0 0 0 0 0 0 0 0 0 0 0 0 0 0 0 0 0 0 0 0 0 0 0 0 0 0 0 0 0 0 0 0 0 0 0 0 0 0 0 0 0 0 0 0 0 0 0 0 0 0 0 0 0 0 0 0 0 0 0 0 0 0 0 0 0 0 0 0 0 0 0 0 0 0 0 0 0 0 0 0 0 0 0 0 0 0 0 0 0 0 0 0 0 0 0 0 0 0 0 0 0 0 0 0 0 0 0 0 0 0 0 0 0 0 0 0 0 0 0 0 0 0 0 0 0 0 0 0 0 0 0 0 0 0 0 0 0 0 0 0 0 0 0 0 0 0 0 0 0 0 0 0 0 0 0 0 0 0 0 0 0 0 0 0 0 0 0 0 0 0 0 0 0 0 0 0 0 0 0 0 0 0 0 0 0 0 0 0 0 0 0 0 0 0 0 0 0 0 0 0 0 0 0 0 0 0 0 0 0 0 0 0 0 0 0 0 0 0 0 0 0 0 0 0 0 0 0 0 0 0 0 0 0 0 0 0 0 0 0 0 0 0 0 0 0 0 0 0 0 0 0 0 0 0 0 0 0 0 0 0 0 0 0 0 0 0 0 0 0 0 0 0 0 0 0 0 0 0 0 0 0 0 0 0 0 0 0 0 0 0 0 0 0 0 0 0 0 0 0 0 0 0 0 0 0 0 0 0 0 0 0 0 0 0 0 0 0 0 0 0 0 0 0 0 0 0 0 0 0 0 0 0 0 0 0 0 0 0 0 0 0 0 0 0 0 0 0 0 0 0 0 0 0 0 0 0 0 0 0 0 0 0 0 0 0 0 0 0 0 0 0 0 0 0 0 0 0 0 0 0 0 0 0 0 0 0 0 0 0 0 0 0 0 0 0 0 0 0 0 0 0 0 0 0 0 0 0 0 0 0 0 0 0 0 0 0 0 0 0 0 0 0 0 0 0 0 0 0 0 0 0 0 0 0 0 0 0 0 0 0 0 0 0 0 0 0 0 0 0 0 0 0 0 0 0 0 0 0 0 0 0 0 0 0 0 0 0 0 0 0 0 0 0 0 0 0 0 0 0 0 0 0 0 0 0 0 0 0 0 0 0 0 0 0 0 0 0 0 0 0 0 0 0 0 0 0 0 0 0 0 0 0 0 0 0 0 0 0 0 0 0 0 0 0 0 0 0 0 0 0 0 0 0 0 0 0 0 0 0 0 0 0 0 0 0 0 0 0 0 0 0 0 0 0 0 0 0 0 0 0 0 0 0 0 0 0 0 0 0 0 0 0 0 0 0 0 0 0 0 0 0 0 0 0 0 0 0 0 0 0 0 0 0 0 0 0 0 0 0 0 0 0 0 0 0 0 0 0 0 0 0 0 0 0 0 0 0 0 0 0 0 0 0 0 0 0 0 0 0 0 0 0 0 0 0 0 0 0 0 0 0 0 0 0 0 0 0 0 0 0 0 0 0 0 0 0 0 0 0 0 0 0 0 0 0 0 0 0 0 0 0 0 0 0 0 0 0 0 0 0 0 0 0 0 0 0 0 0 0 0 0 0 0 0 0 0 0 0 0 0 0 0 0 0 0 0 0 0 0 0 0 0 0 0 0 0 0 0 0 0 0 0 0 0 0 0 0 0 0 0 0 0 0 0 0 0 0 0 0 0 0 0 0 0 0 0 0 0 0 0 0 0 0 0 0 0 0 0 0 0 0 0 0 0 0 0 0 0 0 0 0 0 0 0 0 0 0 0 0 0 0 0 0 0 0 0 0 0 0 0 0 0 0 0 0 0 0 0 0 0 0 0 0 0 0 0 0 0 0 0 0 0 0 0 0 0 0 0 0 0 0 0 0 0 0 0 0 0 0 0 0 0 0 0 0 0 0 0 0 0 0 0 0 0 0 0 0 0 0 0 0 0 0 0 0 0 0 0 0 0 0 0 0 0 0 0 0 0 0 0 0 0 0 0 0 0 0 0 0 0 0 0 0 0 0 0 0 0 0 0 0 0 0 0 0 0 0 0 0 0 0 0 0 0 0 0 0 0 0 0 0 0 0 0 0 0 0 0 0 0 0 0 0 0 0 0 0 0 0 0 0 0 0 0 0 0 0 0 0 0 0 0 0 0 0 0 0 0 0 0 0 0 0 0 0 0 0 0 0 0 0 0 0 0 0 0 0 0 0 0 0 0 0 0 0 0 0 0 0 0 0 0 0 0 0 0 0 0 0 0 0 0 0 0 0 0 0 0 0 0 0 0 0 0 0 0 0 0 0 0 0 0 0 0 0 0 0 0 0 0 0 0 0 0 0 0 0 0 0 0 0 0 0 0 0 0 0 0 0 0 0 0 0 0 0 0 0 0 0 0 0 0 0 0 0 0 0 0 0 0 0 0 0 0 0 0 0 0 0 0 0 0 0 0 0 0 0 0 0 0 0 0 0 0 0 0 0 0 0 0 0 0 0 0 0 0 0 0 0 0 0 0 0 0 0 0 0 0 0 0 0 0 0 0 0 0 0 0 0 0 0 0 0 0 0 0 0 0 0 0 0 0 0 0 0 0 0 0 0 0 0 0 0 0 0 0 0 0 0 0 0 0 0 0 0 0 0 0 0 0 0 0 0 0 0 0 0 0 0 0 0 0 0 0 0 0 0 0 0 0 0 0 0 0 0 0 0 0 0 0 0 0 0 0 0 0 0 0 0 0 0 0 0 0 0 0 0 0 0 0 0 0 0 0 0 0 0 0 0 0 0 0 0 0 0 0 0 0 0 0 0 0 0 0 0 0 0 0 0 0 0 0 0 0 0 0 0 0 0 0 0 0 0 0 0 0 0 0 0 0 0 0 0 0 0 0 0 0 0 0 0 0 0 0 0 0 0 0 0 0 0 0 0 0 0 0 0 0 0 0 0 0 0 0 0 0 0 0 0 0 0 0 0 0 0 0 0 0 0 0 0 0 0 0 0 0 0 0 0 0 0 0 0 0 0 0 0 0 0 0 0 0 0 0 0 0 0 0 0 0 0 0 0 0 0 0 0 0 0 0 0 0 0 0 0 0 0 0 0 0 0 0 0 0 0 0 0 0 0 0 0 0 0 0 0 0 0 0 0 0 0 0 0 0 0 0 0 0 0 0 0 0 0 0 0 0 0 0 0 0 0 0 0 0 0 0 0 0 0 0 0 0 0 0 0 0 0 0 0 0 0 0 0 0 0 0 0 0 0 0 0 0 0 0 0 0 0 0 0 0 0 0 0 0 0 0 0 0 0 0 0 0 0 0 0 0 0 0 0 0 0 0 0 0 0 0 0 0 0 0 0 0 0 0 0 0 0 0 0 0 0 0 0 0 0 0 0 0 0 0 0 0 0 0 0 0 0 0 0 0 0 0 0 0 0 0 0 0 0 0 0 0 0 0 0 0 0 0 0 0 0 0 0 0 0 0 0 0 0 0 0 0 0 0 0 0 0 0 0 0 0 0 0 0 0 0 0 0 0 0 0 0 0 0 0 0 0 0 0 0 0 0 0 0 0 0 0 0 0 0 0 0 0 0 0 0 0 0 0 0 0 0 0 0 0 0 0 0 0 0 0 0 0 0 0 0 0 0 0 0 0 0 0 0 0 0 0 0 0 0 0 0 0 0 0 0 0 0 0 0 0 0 0 0 0 0 0 0 0 0 0 0 0 0 0 0 0 0 0 0 0 0 0 0 0 0 0 0 0 0 0 0 0 0 0 0 0 0 0 0 0 0 0 0 0 0 0 0 0 0 0 0 0 0 0 0 0 0 0 0 0 0 0 0 0 0 0 0 0 0 0 0 0 0 0 0 0 0 0 0 0 0 0 0 0 0 0 0 0 0 0 0 0 0 0 0 0 0 0 0 0 0 0 0 0 0 0 0 0 0 0 0 0 0 0 0 0 0 0 0 0 0 0 0 0 0 0 0 0 0 0 0 0 0 0 0 0 0 0 0 0 0 0 0 0 0 0 0 0 0 0 0 0 0 0 0 0 0 0 0 0 0 0 0 0 0 0 0 0 0 0 0 0 0 0 0 0 0 0 0 0 0 0 0 0 0 0 0 0 0 0 0 0 0 0 0 0 0 0 0 0 0 0 0 0 0 0 0 0 0 0 0 0 0 0 0 0 0 0 0 0 0 0 0 0 0 0 0 0 0 0 0 0 0 0 0 0 0 0 0 0 0 0 0 0 0 0 0 0 0 0 0 0 0 0 0 0 0 0 0 0 0 0 0 0 0 0 0 0 0 0 0 0 0 0 0 0 0 0 0 0 0 0 0 0 0 0 0 0 0 0 0 0 0 0 0 0 0 0 0 0 0 0 0 0 0 0 0 0 0 0 0 0 0 0 0 0 0 0 0 0 0 0 0 0 0 0 0 0 0 0 0 0 0 0 0 0 0 0 0 0 0 0 0 0 0 0 0 0 0 0 0 0 0 0 0 0 0 0 0 0 0 0 0 0 0 0 0 0 0 0 0 0 0 0 0 0 0 0 0 0 0 0 0 0 0 0 0 0 0 0 0 0 0 0 0 0 0 0 0 0 0 0 0 0 0 0 0 0 0 0 0 0 0 0 0 0 0 0 0 0 0 0 0 0 0 0 0 0 0 0 0 0 0 0 0 0 0 0 0 0 0 0 0 0 0 0 0 0 0 0 0 0 0 0 0 0 0 0 0 0 0 0 0 0 0 0 0 0 0 0 0 0</float_array>
          <technique_common>
            <accessor source="#spoiler_F-mesh-map-0-array" count="1152" stride="2">
              <param name="S" type="float"/>
              <param name="T" type="float"/>
            </accessor>
          </technique_common>
        </source>
        <vertices id="spoiler_F-mesh-vertices">
          <input semantic="POSITION" source="#spoiler_F-mesh-positions"/>
        </vertices>
        <triangles material="bug_spoilerF-material" count="144">
          <input semantic="VERTEX" source="#spoiler_F-mesh-vertices" offset="0"/>
          <input semantic="NORMAL" source="#spoiler_F-mesh-normals" offset="1"/>
          <input semantic="TEXCOORD" source="#spoiler_F-mesh-map-0" offset="2" set="0"/>
          <p>0 0 0 1 1 1 2 2 2 3 3 3 4 4 4 5 5 5 6 6 6 7 7 7 8 8 8 7 7 9 6 6 10 9 9 11 10 10 12 11 11 13 12 12 14 11 11 15 10 10 16 13 13 17 58 47 51 59 48 52 60 49 53 61 50 54 62 51 55 63 52 56 64 53 57 65 54 58 66 55 59 67 56 60 68 57 61 69 58 62 156 141 234 157 142 235 158 143 236 159 144 237 160 145 238 161 146 239 162 147 240 163 148 241 164 149 242 165 150 243 166 151 244 167 152 245 182 178 420 183 179 421 184 180 422 182 178 423 186 181 424 183 179 425 184 180 426 183 179 427 11 11 428 188 182 429 190 183 430 187 184 431 191 185 432 192 186 433 193 187 434 195 188 435 197 189 436 194 190 437 189 191 438 199 192 439 190 183 440 198 193 441 201 194 442 199 192 443 200 195 444 203 196 445 201 194 446 204 197 447 206 198 448 188 182 449 208 199 450 206 198 451 207 200 452 210 201 453 193 187 454 192 186 455 187 184 456 204 197 457 188 182 458 213 202 459 191 185 460 212 203 461 213 202 462 182 178 463 184 180 464 8 8 465 214 204 466 215 205 467 215 205 468 214 204 469 216 206 470 218 207 471 220 208 472 217 209 473 222 210 474 217 209 475 221 211 476 223 212 477 3 3 478 185 213 479 195 188 480 3 3 481 223 212 482 185 213 483 3 3 484 186 181 485 186 181 486 3 3 487 5 5 488 186 181 489 5 5 490 12 12 491 7 7 492 0 0 493 224 214 494 224 214 495 0 0 496 2 2 497 224 214 498 2 2 499 225 215 500 225 215 501 2 2 502 226 216 503 226 216 504 2 2 505 205 217 506 205 217 507 2 2 508 227 218 509 225 215 510 228 219 511 216 206 512 196 220 513 230 221 514 197 189 515 203 196 516 231 222 517 232 223 518 219 224 519 235 225 520 233 226 521 233 226 522 237 227 523 236 228 524 209 229 525 236 228 526 237 227 527 207 200 528 205 217 529 227 218 530 195 188 531 194 190 532 3 3 533 191 185 534 223 212 535 212 203 536 212 203 537 185 213 538 182 178 539 224 214 540 214 204 541 8 8 542 224 214 543 8 8 544 7 7 545 12 12 546 11 11 547 186 181 548 186 181 549 11 11 550 183 179 551 224 214 552 216 206 553 214 204 554 194 190 555 239 230 556 3 3 557 207 200 558 241 231 559 208 199 560 189 191 561 206 198 562 209 229 563 221 211 564 230 221 565 222 210 566 231 222 567 245 232 568 243 233 569 61 50 570 59 48 571 62 51 572 191 185 573 196 220 574 195 188 575 4 4 576 3 3 577 239 230 578 227 218 579 246 234 580 240 235 581 238 236 582 194 190 583 197 189 584 211 237 585 196 220 586 193 187 587 208 199 588 247 238 589 236 228 590 236 228 591 248 239 592 233 226 593 202 240 594 235 225 595 234 241 596 197 189 597 242 242 598 238 236 599 240 235 600 207 200 601 227 218 602 216 206 603 249 243 604 215 205 605 246 234 606 2 2 607 1 1 608 222 210 609 229 244 610 245 232 611 202 240 612 244 245 613 231 222 614 209 229 615 198 193 616 189 191 617 243 233 618 229 244 619 211 237 620 232 223 621 243 233 622 250 246 623 237 227 624 200 195 625 198 193 626 244 245 627 219 224 628 218 207 629 245 232 630 218 207 631 222 210 632 220 208 633 233 226 634 248 239 635 250 246 636 211 237 637 210 201 638 67 56 639 65 54 640 68 57 641 167 152 642 163 148 643 162 147 644 249 243 645 204 197 646 187 184 647 226 216 648 204 197 649 228 219 650 161 146 651 157 142 652 156 141 653 182 178 996 185 213 997 186 181 998 188 182 999 189 191 1000 190 183 1001 195 188 1002 196 220 1003 197 189 1004 189 191 1005 198 193 1006 199 192 1007 198 193 1008 200 195 1009 201 194 1010 200 195 1011 202 240 1012 203 196 1013 204 197 1014 205 217 1015 206 198 1016 208 199 1017 209 229 1018 206 198 1019 210 201 1020 211 237 1021 193 187 1022 213 202 1023 192 186 1024 191 185 1025 213 202 1026 212 203 1027 182 178 1028 218 207 1029 219 224 1030 220 208 1031 222 210 1032 218 207 1033 217 209 1034 225 215 1035 226 216 1036 228 219 1037 196 220 1038 229 244 1039 230 221 1040 203 196 1041 202 240 1042 231 222 1043 219 224 1044 234 241 1045 235 225 1046 233 226 1047 235 225 1048 237 227 1049 209 229 1050 208 199 1051 236 228 1052 207 200 1053 206 198 1054 205 217 1055 191 185 1056 195 188 1057 223 212 1058 212 203 1059 223 212 1060 185 213 1061 224 214 1062 225 215 1063 216 206 1064 194 190 1065 238 236 1066 239 230 1067 207 200 1068 240 235 1069 241 231 1070 189 191 1071 188 182 1072 206 198 1073 221 211 1074 242 242 1075 230 221 1076 231 222 1077 244 245 1078 245 232 1079 61 50 1080 60 49 1081 59 48 1082 191 185 1083 193 187 1084 196 220 1085 227 218 1086 2 2 1087 246 234 1088 211 237 1089 229 244 1090 196 220 1091 208 199 1092 241 231 1093 247 238 1094 236 228 1095 247 238 1096 248 239 1097 202 240 1098 200 195 1099 235 225 1100 197 189 1101 230 221 1102 242 242 1103 216 206 1104 228 219 1105 249 243 1106 222 210 1107 230 221 1108 229 244 1109 202 240 1110 234 241 1111 244 245 1112 209 229 1113 237 227 1114 198 193 1115 243 233 1116 245 232 1117 229 244 1118 232 223 1119 231 222 1120 243 233 1121 237 227 1122 235 225 1123 200 195 1124 244 245 1125 234 241 1126 219 224 1127 245 232 1128 244 245 1129 218 207 1130 220 208 1131 219 224 1132 233 226 1133 250 246 1134 243 233 1135 211 237 1136 67 56 1137 66 55 1138 65 54 1139 167 152 1140 166 151 1141 163 148 1142 249 243 1143 228 219 1144 204 197 1145 226 216 1146 205 217 1147 204 197 1148 161 146 1149 160 145 1150 157 142 1151</p>
        </triangles>
        <triangles material="bug_chrome-material" count="240">
          <input semantic="VERTEX" source="#spoiler_F-mesh-vertices" offset="0"/>
          <input semantic="NORMAL" source="#spoiler_F-mesh-normals" offset="1"/>
          <input semantic="TEXCOORD" source="#spoiler_F-mesh-map-0" offset="2" set="0"/>
          <p>15 14 18 17 15 19 14 16 20 19 17 21 21 18 22 18 19 23 22 20 24 24 21 25 25 22 26 26 23 27 28 24 28 29 25 29 31 26 30 33 27 31 30 28 32 35 29 33 37 30 34 34 31 35 38 32 36 40 33 37 41 34 38 43 35 39 45 36 40 42 37 41 47 38 42 49 39 43 46 40 44 50 41 45 52 42 46 53 43 47 54 44 48 56 45 49 57 46 50 71 59 63 73 60 64 70 61 65 74 62 66 76 63 67 77 64 68 75 65 69 79 66 70 76 63 71 19 17 72 81 67 73 20 68 74 82 69 75 83 70 76 84 71 77 85 72 78 80 73 79 19 17 80 87 74 81 88 75 82 89 76 83 91 77 84 92 78 85 90 79 86 54 44 87 94 80 88 95 81 89 96 82 90 31 26 91 30 28 92 42 37 93 52 42 94 43 35 95 91 77 96 20 68 97 81 67 98 49 39 99 40 33 100 46 40 101 101 83 102 103 84 103 100 85 104 91 77 105 105 86 106 98 87 107 78 88 108 105 86 109 79 66 110 80 73 111 92 78 112 81 67 113 107 89 114 109 90 115 110 91 116 111 92 117 82 69 118 84 71 119 48 93 120 114 94 121 49 39 122 51 95 123 94 80 124 52 42 125 54 44 126 116 96 127 93 97 128 55 98 129 118 99 130 56 45 131 119 100 132 14 16 133 17 15 134 120 101 135 50 41 136 71 59 137 41 34 138 121 102 139 38 32 140 54 44 141 73 60 142 55 98 143 75 65 144 122 103 145 123 104 146 98 87 147 21 18 148 20 68 149 125 105 150 127 106 151 124 107 152 42 37 153 72 108 154 53 43 155 128 109 156 130 110 157 131 111 158 70 61 159 95 81 160 120 101 161 89 76 162 83 70 163 82 69 164 106 112 165 122 103 166 92 78 167 117 113 168 45 36 169 118 99 170 132 114 171 134 115 172 131 111 173 126 116 174 136 117 175 127 106 176 137 118 177 134 115 178 133 119 179 139 120 180 131 111 181 130 110 182 35 29 183 130 110 184 36 121 185 135 122 186 33 27 187 136 117 188 26 23 189 29 25 190 141 123 191 35 29 192 133 119 193 139 120 194 142 124 195 28 24 196 27 125 197 143 126 198 111 92 199 144 127 200 146 128 201 138 129 202 145 130 203 148 131 204 36 121 205 147 132 206 75 65 207 21 18 208 78 88 209 147 132 210 130 110 211 129 133 212 145 130 213 149 134 214 150 135 215 31 26 216 141 123 217 29 25 218 16 136 219 114 94 220 151 137 221 146 128 222 153 138 223 128 109 224 128 109 225 154 139 226 129 133 227 129 133 228 155 140 229 147 132 230 148 131 231 155 140 232 149 134 233 89 76 246 169 153 247 87 74 248 115 154 249 95 81 250 94 80 251 93 97 252 44 155 253 43 35 254 41 34 255 99 156 256 121 102 257 50 41 258 72 108 259 71 59 260 18 19 261 85 72 262 19 17 263 82 69 264 168 157 265 89 76 266 80 73 267 86 158 268 106 112 269 111 92 270 110 91 271 144 127 272 110 91 273 171 159 274 107 89 275 148 131 276 138 129 277 37 30 278 169 153 279 100 85 280 103 84 281 114 94 282 99 156 283 49 39 284 22 20 285 16 136 286 151 137 287 90 79 288 104 160 289 91 77 290 174 161 291 100 85 292 143 126 293 102 162 294 107 89 295 103 84 296 110 91 297 175 163 298 144 127 299 85 72 300 122 103 301 86 158 302 144 127 303 174 161 304 143 126 305 38 32 306 14 16 307 119 100 308 121 102 309 15 14 310 14 16 311 170 164 312 84 71 313 83 70 314 74 62 315 173 165 316 90 79 317 172 166 318 38 32 319 119 100 320 18 19 321 123 104 322 85 72 323 70 61 324 120 101 325 71 59 326 50 41 327 115 154 328 51 95 329 25 22 330 172 166 331 22 20 332 32 167 333 29 25 334 28 24 335 117 113 336 73 60 337 72 108 338 40 33 339 25 22 340 46 40 341 100 85 342 112 168 343 143 126 344 74 62 345 92 78 346 122 103 347 114 94 348 176 169 349 151 137 350 87 74 351 171 159 352 88 75 353 24 21 354 46 40 355 25 22 356 151 137 357 23 170 358 22 20 359 27 125 360 178 171 361 142 124 362 26 23 363 177 172 364 27 125 365 142 124 366 32 167 367 28 24 368 128 109 369 134 115 370 146 128 371 97 173 372 26 23 373 141 123 374 34 31 375 137 118 376 35 29 377 96 82 378 125 105 379 124 107 380 139 120 381 133 119 382 132 114 383 107 89 384 169 153 385 103 84 386 177 172 387 124 107 388 127 106 389 32 167 390 136 117 391 33 27 392 136 117 393 177 172 394 127 106 395 93 97 396 52 42 397 94 80 398 179 174 399 96 82 400 124 107 401 30 28 402 180 175 403 96 82 404 33 27 405 181 176 406 30 28 407 34 31 408 138 129 409 137 118 410 146 128 411 150 135 412 152 177 413 16 136 414 119 100 415 17 15 416 171 159 417 83 70 418 88 75 419 15 14 654 16 136 655 17 15 656 19 17 657 20 68 658 21 18 659 22 20 660 23 170 661 24 21 662 26 23 663 27 125 664 28 24 665 31 26 666 32 167 667 33 27 668 35 29 669 36 121 670 37 30 671 38 32 672 39 247 673 40 33 674 43 35 675 44 155 676 45 36 677 47 38 678 48 93 679 49 39 680 50 41 681 51 95 682 52 42 683 54 44 684 55 98 685 56 45 686 71 59 687 72 108 688 73 60 689 74 62 690 75 65 691 76 63 692 75 65 693 78 88 694 79 66 695 19 17 696 80 73 697 81 67 698 85 72 699 86 158 700 80 73 701 91 77 702 81 67 703 92 78 704 54 44 705 93 97 706 94 80 707 96 82 708 97 173 709 31 26 710 42 37 711 53 43 712 52 42 713 91 77 714 98 87 715 20 68 716 49 39 717 99 156 718 40 33 719 101 83 720 102 162 721 103 84 722 91 77 723 104 160 724 105 86 725 78 88 726 98 87 727 105 86 728 80 73 729 106 112 730 92 78 731 107 89 732 108 248 733 109 90 734 111 92 735 112 168 736 82 69 737 48 93 738 113 249 739 114 94 740 51 95 741 115 154 742 94 80 743 54 44 744 57 46 745 116 96 746 55 98 747 117 113 748 118 99 749 120 101 750 115 154 751 50 41 752 54 44 753 95 81 754 73 60 755 75 65 756 74 62 757 122 103 758 98 87 759 78 88 760 21 18 761 125 105 762 126 116 763 127 106 764 42 37 765 117 113 766 72 108 767 128 109 768 129 133 769 130 110 770 70 61 771 73 60 772 95 81 773 89 76 774 88 75 775 83 70 776 106 112 777 86 158 778 122 103 779 117 113 780 42 37 781 45 36 782 132 114 783 133 119 784 134 115 785 126 116 786 135 122 787 136 117 788 137 118 789 138 129 790 134 115 791 139 120 792 132 114 793 131 111 794 35 29 795 139 120 796 130 110 797 135 122 798 140 250 799 33 27 800 35 29 801 137 118 802 133 119 803 143 126 804 112 168 805 111 92 806 146 128 807 134 115 808 138 129 809 148 131 810 37 30 811 36 121 812 75 65 813 123 104 814 21 18 815 147 132 816 36 121 817 130 110 818 145 130 819 148 131 820 149 134 821 31 26 822 97 173 823 141 123 824 16 136 825 15 14 826 114 94 827 146 128 828 152 177 829 153 138 830 128 109 831 153 138 832 154 139 833 129 133 834 154 139 835 155 140 836 148 131 837 147 132 838 155 140 839 89 76 840 168 157 841 169 153 842 115 154 843 120 101 844 95 81 845 93 97 846 116 96 847 44 155 848 41 34 849 40 33 850 99 156 851 50 41 852 53 43 853 72 108 854 82 69 855 112 168 856 168 157 857 111 92 858 170 164 859 110 91 860 110 91 861 170 164 862 171 159 863 148 131 864 145 130 865 138 129 866 169 153 867 168 157 868 100 85 869 114 94 870 15 14 871 99 156 872 22 20 873 172 166 874 16 136 875 90 79 876 173 165 877 104 160 878 174 161 879 101 83 880 100 85 881 102 162 882 108 248 883 107 89 884 110 91 885 109 90 886 175 163 887 85 72 888 123 104 889 122 103 890 144 127 891 175 163 892 174 161 893 38 32 894 121 102 895 14 16 896 121 102 897 99 156 898 15 14 899 170 164 900 111 92 901 84 71 902 74 62 903 77 64 904 173 165 905 172 166 906 39 247 907 38 32 908 18 19 909 21 18 910 123 104 911 25 22 912 39 247 913 172 166 914 32 167 915 31 26 916 29 25 917 117 113 918 55 98 919 73 60 920 40 33 921 39 247 922 25 22 923 100 85 924 168 157 925 112 168 926 74 62 927 90 79 928 92 78 929 114 94 930 113 249 931 176 169 932 87 74 933 169 153 934 171 159 935 24 21 936 47 38 937 46 40 938 151 137 939 176 169 940 23 170 941 27 125 942 177 172 943 178 171 944 26 23 945 179 174 946 177 172 947 142 124 948 178 171 949 32 167 950 128 109 951 131 111 952 134 115 953 97 173 954 179 174 955 26 23 956 96 82 957 180 175 958 125 105 959 107 89 960 171 159 961 169 153 962 177 172 963 179 174 964 124 107 965 32 167 966 178 171 967 136 117 968 136 117 969 178 171 970 177 172 971 93 97 972 43 35 973 52 42 974 179 174 975 97 173 976 96 82 977 30 28 978 181 176 979 180 175 980 33 27 981 140 250 982 181 176 983 34 31 984 37 30 985 138 129 986 146 128 987 145 130 988 150 135 989 16 136 990 172 166 991 119 100 992 171 159 993 170 164 994 83 70 995</p>
        </triangles>
      </mesh>
    </geometry>
    <geometry id="foglight_carello-mesh" name="foglight_carello">
      <mesh>
        <source id="foglight_carello-mesh-positions">
          <float_array id="foglight_carello-mesh-positions-array" count="2205">0.1644594 -1.803639 0.5102054 0.1140804 -1.782316 0.6288816 0.1757275 -1.802069 0.5160892 0.1028123 -1.783887 0.6229978 0.1855946 -1.800148 0.5240273 0.09294521 -1.785807 0.6150596 0.1936814 -1.797953 0.5337144 0.08485835 -1.788003 0.6053725 0.1996772 -1.795566 0.5447786 0.07886254 -1.79039 0.5943083 0.2033516 -1.793079 0.5567944 0.07521796 -1.79288 0.5822528 0.2045634 -1.790589 0.5693002 0.07397633 -1.795366 0.5697867 0.2030225 -1.788288 0.5819012 0.07527375 -1.797765 0.5572716 0.1995093 -1.785976 0.5938589 0.07903045 -1.799979 0.545228 0.1934375 -1.784031 0.604968 0.0851022 -1.801925 0.534119 0.1852841 -1.782429 0.6147157 0.09325551 -1.803526 0.5243713 0.1753625 -1.781233 0.6227275 0.1031772 -1.804723 0.5163595 0.1640539 -1.780488 0.6286954 0.1144859 -1.805468 0.5103915 0.1517928 -1.780223 0.6323902 0.1263466 -1.805733 0.5066967 0.1390504 -1.780448 0.6336699 0.1395651 -1.805507 0.505417 0.1527025 -1.804801 0.5066018 0.1263166 -1.781155 0.6324851 0.1249722 -1.804211 0.5021458 0.1127848 -1.803929 0.5060813 0.1968759 -1.781097 0.6068141 0.2033427 -1.783169 0.5949818 0.1540274 -1.803218 0.5020447 0.139549 -1.803971 0.500783 0.178013 -1.800309 0.5121498 0.1660113 -1.801982 0.5058829 0.1881917 -1.779391 0.6171964 0.1971356 -1.795925 0.5309224 0.1885223 -1.798264 0.5206045 0.2074353 -1.790734 0.5555048 0.2035217 -1.793383 0.5427069 0.1776242 -1.778117 0.6257297 0.20706 -1.785597 0.5817976 0.2087259 -1.788082 0.5688246 0.10074 -1.803135 0.5124377 0.1655794 -1.777323 0.6320861 0.1525202 -1.777041 0.6360213 0.09017246 -1.801861 0.520971 0.08148837 -1.800155 0.5313533 0.07502144 -1.798083 0.5431855 0.07102012 -1.795725 0.556013 0.06963831 -1.79317 0.5693428 0.07092899 -1.790517 0.5826625 0.07484257 -1.78787 0.5954607 0.08122867 -1.785327 0.607245 0.08984196 -1.782988 0.6175627 0.1003513 -1.780943 0.6260176 0.112353 -1.77927 0.6322844 0.1253857 -1.778034 0.6361226 0.1248295 -1.792788 0.4999125 0.1123135 -1.792506 0.5038479 0.1964496 -1.769674 0.6045808 0.2029166 -1.771746 0.5927486 0.1532123 -1.791796 0.4998116 0.1390207 -1.792548 0.4985496 0.1775868 -1.788886 0.5099166 0.1656455 -1.790559 0.5036496 0.1877655 -1.767968 0.6149631 0.1967094 -1.784502 0.5286892 0.1880962 -1.786841 0.5183713 0.2070091 -1.779311 0.5532714 0.2030956 -1.78196 0.5404735 0.1771981 -1.766694 0.6234964 0.206918 -1.774105 0.579921 0.2082998 -1.776659 0.5665913 0.1003138 -1.791713 0.5102042 0.1651533 -1.7659 0.6298528 0.152094 -1.765618 0.633788 0.08974629 -1.790438 0.5187376 0.08106219 -1.788733 0.5291199 0.07459527 -1.78666 0.5409521 0.07059395 -1.784302 0.5537796 0.06921213 -1.781747 0.5671094 0.07050281 -1.779095 0.5804293 0.07441639 -1.776447 0.5932273 0.0808025 -1.773904 0.6050116 0.08941584 -1.771566 0.6153294 0.09992516 -1.76952 0.6237842 0.1119268 -1.767847 0.630051 0.1249595 -1.766611 0.6338892 0.1259992 -1.792028 0.5036556 0.1138347 -1.791762 0.5073709 0.1932235 -1.770207 0.602471 0.1993288 -1.772163 0.5913004 0.1519709 -1.791092 0.5035601 0.1389886 -1.791802 0.5023688 0.1754155 -1.788345 0.5131002 0.164085 -1.789924 0.5071836 0.185025 -1.768596 0.6122728 0.1934688 -1.784206 0.5308229 0.1853372 -1.786414 0.5210821 0.2031926 -1.779306 0.5540308 0.1994978 -1.781806 0.5419483 0.1750485 -1.767393 0.6203289 0.2031065 -1.77439 0.5791902 0.2044111 -1.776802 0.5666057 0.1024634 -1.791013 0.5133717 0.1636772 -1.766644 0.6263299 0.1513482 -1.766378 0.6300451 0.09248679 -1.78981 0.521428 0.08428829 -1.7882 0.5312298 0.07818293 -1.786244 0.5424003 0.07440543 -1.784017 0.5545105 0.07310086 -1.781605 0.567095 0.07447093 -1.779638 0.579276 0.07801407 -1.776601 0.5917523 0.08404314 -1.774201 0.6028778 0.09217476 -1.771993 0.6126186 0.1020964 -1.770062 0.6206006 0.1134271 -1.768482 0.6265171 0.1257309 -1.767315 0.6301406 0.1293708 -1.825523 0.51998 0.1189789 -1.825398 0.5231327 0.1858971 -1.806575 0.6031954 0.191043 -1.808176 0.5937663 0.1509634 -1.824526 0.5198584 0.1401706 -1.825229 0.5188743 0.1708847 -1.822018 0.5278647 0.1613343 -1.823442 0.522894 0.1789869 -1.805283 0.6114735 0.1861021 -1.818381 0.54278 0.1792479 -1.82031 0.5345794 0.1942988 -1.814169 0.5623337 0.1911842 -1.816308 0.5521514 0.170578 -1.804348 0.6182827 0.1942268 -1.810023 0.5835486 0.195326 -1.812047 0.5729351 0.1093943 -1.824858 0.528211 0.1609933 -1.803808 0.6233612 0.1506015 -1.803683 0.6265137 0.1009854 -1.823924 0.5350202 0.0940752 -1.822632 0.5432983 0.08892929 -1.821031 0.5527273 0.08574557 -1.819183 0.5629451 0.08464622 -1.817159 0.5735587 0.08567357 -1.815037 0.5841601 0.08878815 -1.812898 0.5943422 0.09387022 -1.810825 0.6037137 0.1007245 -1.808897 0.6119144 0.1090876 -1.807188 0.6186291 0.118638 -1.805765 0.6235996 0.129009 -1.80468 0.6266354 0.1274139 -1.783473 0.6276667 0.1508319 -1.782616 0.6275794 0.1391187 -1.782807 0.6288398 0.1644683 -1.822722 0.5148922 0.1153857 -1.802342 0.6306423 0.1644594 -1.803639 0.5102054 0.1140804 -1.782316 0.6288816 0.1754473 -1.821099 0.5206088 0.1044068 -1.803965 0.6249256 0.1757275 -1.802069 0.5160892 0.1028123 -1.783887 0.6229978 0.1850612 -1.819147 0.5283298 0.09479284 -1.805917 0.6172048 0.1855946 -1.800148 0.5240273 0.09294521 -1.785807 0.6150596 0.1929406 -1.816941 0.5377585 0.0869134 -1.808123 0.6077761 0.1936814 -1.797953 0.5337144 0.08485835 -1.788003 0.6053725 0.1987828 -1.814565 0.5485325 0.08107125 -1.810499 0.597002 0.1996772 -1.795566 0.5447786 0.07886254 -1.79039 0.5943083 0.2023631 -1.812111 0.5602379 0.07749468 -1.812954 0.5852917 0.2033516 -1.793079 0.5567944 0.07521796 -1.79288 0.5822528 0.203544 -1.809673 0.5724247 0.07630991 -1.815391 0.5731099 0.2045634 -1.790589 0.5693002 0.07397633 -1.795366 0.5697867 0.2022494 -1.807358 0.5846356 0.07757371 -1.817719 0.5609099 0.2030225 -1.788288 0.5819012 0.07527375 -1.797765 0.5572716 0.1986202 -1.805217 0.5963691 0.08123373 -1.819847 0.5491655 0.1995093 -1.785976 0.5938589 0.07903045 -1.799979 0.545228 0.1927047 -1.803369 0.6072064 0.08714926 -1.821695 0.5383281 0.1934375 -1.784031 0.604968 0.0851022 -1.801925 0.534119 0.1847609 -1.801874 0.6167203 0.09509301 -1.82319 0.5288141 0.1852841 -1.782429 0.6147157 0.09325551 -1.803526 0.5243713 0.1750941 -1.800788 0.6245449 0.1047598 -1.824276 0.5209895 0.1753625 -1.781233 0.6227275 0.1031772 -1.804723 0.5163595 0.164076 -1.800154 0.6303801 0.1157779 -1.82491 0.5151546 0.1640539 -1.780488 0.6286954 0.1144859 -1.805468 0.5103915 0.1521298 -1.799995 0.634001 0.1276735 -1.825069 0.5115335 0.1517928 -1.780223 0.6323902 0.1263466 -1.805733 0.5066967 0.1397147 -1.800318 0.6352688 0.1401489 -1.824746 0.5102657 0.1390504 -1.780448 0.6336699 0.1395651 -1.805507 0.505417 0.1949713 -1.812184 0.5961354 0.152607 -1.823953 0.5113998 0.1894509 -1.810467 0.606251 0.1527025 -1.804801 0.5066018 0.1263166 -1.781155 0.6324851 0.1273077 -1.80111 0.6341347 0.1403957 -1.830478 0.5157918 0.1519742 -1.829724 0.5168475 0.1631 -1.828562 0.520104 0.1733458 -1.827034 0.5254366 0.1823176 -1.825201 0.53264 0.1896708 -1.823132 0.5414377 0.1820376 -1.80908 0.6151316 0.1951228 -1.820908 0.5514912 0.198464 -1.818614 0.5624146 0.1995663 -1.816337 0.573788 0.1983869 -1.814166 0.5851741 0.1730166 -1.808078 0.6224364 0.1176614 -1.83066 0.5203599 0.1288097 -1.830794 0.5169779 0.1627342 -1.807499 0.6278847 0.1515859 -1.807364 0.6312667 0.1399999 -1.80768 0.6324528 0.107379 -1.830081 0.5258082 0.09835791 -1.829079 0.5331129 0.09094476 -1.827692 0.5419937 0.08542424 -1.825975 0.5521092 0.08200877 -1.823992 0.5630706 0.08113849 -1.821575 0.573739 0.08218103 -1.819491 0.5854383 0.08527284 -1.81725 0.5967533 0.09072488 -1.815026 0.606807 0.09807813 -1.812958 0.6156047 0.10705 -1.811125 0.6228082 0.1172957 -1.809597 0.6281405 0.1284216 -1.808434 0.6313971 0.1517928 -1.780223 0.6323902 0.1263166 -1.781155 0.6324851 0.1525202 -1.777041 0.6360213 0.1253857 -1.778034 0.6361226 0.152094 -1.765618 0.633788 0.1249595 -1.766611 0.6338892 0.1513482 -1.766378 0.6300451 0.1257309 -1.767315 0.6301406 0.1274139 -1.783473 0.6276667 0.1508319 -1.782616 0.6275794 0.1403737 -1.830141 0.5146408 0.1521595 -1.829373 0.5157152 0.1067655 -1.829735 0.5248365 0.08981293 -1.814411 0.6072864 0.117232 -1.830325 0.5192907 0.1631124 -1.806749 0.6287417 0.1827616 -1.808358 0.6157602 0.09758275 -1.828716 0.5322722 0.1168598 -1.808885 0.6290022 0.08094066 -1.823538 0.5627665 0.1994823 -1.818063 0.5620989 0.09003674 -1.827304 0.5413121 0.1903076 -1.80977 0.6067204 0.08441734 -1.825556 0.5516088 0.08007955 -1.821248 0.5739088 0.12858 -1.830462 0.5158481 0.1735787 -1.807339 0.6231959 0.1517642 -1.806612 0.6321844 0.1739138 -1.826634 0.5244582 0.1634846 -1.828189 0.5190302 0.1064305 -1.81044 0.6235742 0.0972979 -1.812306 0.6162418 0.1959269 -1.811518 0.5964237 0.1399707 -1.806933 0.6333915 0.1281849 -1.807701 0.6323172 0.1830465 -1.824768 0.5317907 0.2006042 -1.815746 0.5736758 0.1994037 -1.813536 0.5852658 0.0842632 -1.816675 0.5970527 0.0808621 -1.81901 0.5859337 0.1905314 -1.822663 0.540746 0.1960811 -1.820399 0.5509797 0.1356214 -1.827737 0.5307065 0.1355322 -1.827921 0.5297856 0.1363334 -1.827371 0.5324049 0.135892 -1.827551 0.5315908 0.1412608 -1.826751 0.5343852 0.1403228 -1.826776 0.5344813 0.1376817 -1.82859 0.525847 0.1385142 -1.828636 0.5254059 0.1369287 -1.827203 0.5331172 0.1450562 -1.827661 0.5288107 0.1451454 -1.827477 0.5297316 0.1363512 -1.828396 0.5271575 0.1369513 -1.828508 0.5264383 0.1376551 -1.827055 0.5337003 0.1412922 -1.828561 0.5251215 0.142193 -1.828467 0.5253851 0.1430225 -1.828343 0.5258168 0.1437489 -1.828195 0.5264002 0.1443443 -1.828027 0.5271124 0.1447857 -1.827847 0.5279264 0.1384845 -1.826931 0.5341321 0.1450499 -1.827301 0.5306535 0.1447734 -1.827141 0.5315409 0.1393854 -1.826837 0.5343957 0.1359042 -1.828258 0.5279763 0.1356277 -1.828097 0.5288639 0.1421633 -1.826762 0.5341115 0.1394168 -1.828648 0.5251321 0.1403548 -1.828622 0.525036 0.1429959 -1.826809 0.5336704 0.1437263 -1.826889 0.5330788 0.1443265 -1.827002 0.5323598 0.1356214 -1.827737 0.5307065 0.1355322 -1.827921 0.5297856 0.1363334 -1.827371 0.5324049 0.135892 -1.827551 0.5315908 0.1412608 -1.826751 0.5343852 0.1403228 -1.826776 0.5344813 0.1376817 -1.82859 0.525847 0.1385142 -1.828636 0.5254059 0.1369287 -1.827203 0.5331172 0.1450562 -1.827661 0.5288107 0.1451454 -1.827477 0.5297316 0.1363512 -1.828396 0.5271575 0.1369513 -1.828508 0.5264383 0.1376551 -1.827055 0.5337003 0.1412922 -1.828561 0.5251215 0.142193 -1.828467 0.5253851 0.1430225 -1.828343 0.5258168 0.1437489 -1.828195 0.5264002 0.1443443 -1.828027 0.5271124 0.1447857 -1.827847 0.5279264 0.1384845 -1.826931 0.5341321 0.1450499 -1.827301 0.5306535 0.1447734 -1.827141 0.5315409 0.1393854 -1.826837 0.5343957 0.1359042 -1.828258 0.5279763 0.1356277 -1.828097 0.5288639 0.1421633 -1.826762 0.5341115 0.1394168 -1.828648 0.5251321 0.1403548 -1.828622 0.525036 0.1429959 -1.826809 0.5336704 0.1437263 -1.826889 0.5330788 0.1443265 -1.827002 0.5323598 0.136251 -1.826138 0.5302533 0.136175 -1.826294 0.5294701 0.1368566 -1.825826 0.5316978 0.1364811 -1.82598 0.5310054 0.1410477 -1.825299 0.5333822 0.1402498 -1.825321 0.5334639 0.1380034 -1.826863 0.5261197 0.1387115 -1.826903 0.5257446 0.1373628 -1.825684 0.5323037 0.144276 -1.826073 0.5286407 0.1443518 -1.825917 0.5294239 0.1368716 -1.826699 0.5272345 0.1373822 -1.826794 0.5266228 0.1379808 -1.825558 0.5327997 0.1410744 -1.826839 0.5255028 0.1418406 -1.826758 0.5257269 0.1425462 -1.826654 0.5260943 0.143164 -1.826527 0.5265903 0.1436704 -1.826385 0.5271961 0.1440458 -1.826232 0.5278885 0.1386862 -1.825452 0.5331669 0.1442705 -1.825767 0.530208 0.1440353 -1.82563 0.5309628 0.1394525 -1.825373 0.5333911 0.1364915 -1.826581 0.5279309 0.1362563 -1.826444 0.528686 0.1418154 -1.825308 0.5331493 0.1394792 -1.826912 0.5255118 0.1402771 -1.826891 0.5254301 0.1425235 -1.825348 0.5327741 0.1431447 -1.825417 0.5322711 0.1436553 -1.825512 0.5316596 0.128162 -1.797168 0.5038361 0.1497179 -1.796175 0.503735 0.1389446 -1.796671 0.5037855 0.1282767 -1.785745 0.5016027 0.148881 -1.784752 0.5015017 0.1385705 -1.785248 0.5015521 0.1486295 -1.79472 0.4927332 0.1390509 -1.795008 0.4927625 0.1294986 -1.795297 0.4927919 0.1487497 -1.788086 0.491436 0.1386954 -1.788374 0.4914654 0.1287003 -1.788662 0.4914947 0.1483032 -1.795757 0.4874249 0.139124 -1.796045 0.4874543 0.1300185 -1.796334 0.4874837 0.1514811 -1.789123 0.4861278 0.1387448 -1.789411 0.4861571 0.1260778 -1.789699 0.4861865 0.1444719 -1.801785 0.4874587 0.1394644 -1.802218 0.4875027 0.1344648 -1.80265 0.4875468 0.1587361 -1.769085 0.4810652 0.1378349 -1.769517 0.4811093 0.1168276 -1.769949 0.4811533 0.1445136 -1.802285 0.4849013 0.1394847 -1.802717 0.4849454 0.1344477 -1.803149 0.4849893 0.1588736 -1.769584 0.4785078 0.1378456 -1.770017 0.4785519 0.1167187 -1.770449 0.4785959 0.1282519 -1.787587 0.5019629 0.1386297 -1.78709 0.5019123 0.1490157 -1.786594 0.5018617 0.1287481 -1.789732 0.4917039 0.1487964 -1.789155 0.4916452 0.1262426 -1.790769 0.4863956 0.1514089 -1.790193 0.486337 0.1171764 -1.775222 0.4821843 0.159085 -1.774358 0.4820962 0.1170696 -1.775722 0.4796269 0.1381099 -1.775289 0.4795828 0.1592245 -1.774857 0.4795388 0.1589394 -1.77169 0.4677319 0.1378952 -1.772122 0.467776 0.1167845 -1.772555 0.46782 0.1171354 -1.777827 0.4688509 0.1592901 -1.776963 0.4687628 0.1381595 -1.777395 0.4688069 0.1480064 -1.775312 0.4783392 0.1448413 -1.775854 0.4762698 0.1448508 -1.776668 0.4721034 0.1480293 -1.77694 0.4700066 0.1521784 -1.776399 0.472076 0.1521587 -1.775585 0.4762423 0.1448777 -1.77798 0.4766856 0.1479212 -1.777439 0.478755 0.1448872 -1.778794 0.4725192 0.1479433 -1.779067 0.4704224 0.1519672 -1.778526 0.4724918 0.1519502 -1.777712 0.4766582 0.1272847 -1.775762 0.4783849 0.1233 -1.776303 0.4763156 0.1233229 -1.777118 0.4721492 0.1273069 -1.77739 0.4700524 0.1307489 -1.776849 0.4721219 0.1307393 -1.776035 0.4762882 0.1235978 -1.77843 0.4767314 0.1275448 -1.777889 0.4788008 0.1236178 -1.779244 0.472565 0.127566 -1.779517 0.4704683 0.1308213 -1.778975 0.4725376 0.1308117 -1.778161 0.476704 0.1486295 -1.79472 0.4927332 0.1390509 -1.795008 0.4927625 0.1294986 -1.795297 0.4927919 0.1487497 -1.788086 0.491436 0.1386954 -1.788374 0.4914654 0.1287003 -1.788662 0.4914947 0.1483032 -1.795757 0.4874249 0.139124 -1.796045 0.4874543 0.1300185 -1.796334 0.4874837 0.1514811 -1.789123 0.4861278 0.1387448 -1.789411 0.4861571 0.1260778 -1.789699 0.4861865 0.1287481 -1.789732 0.4917039 0.1487964 -1.789155 0.4916452 0.1262426 -1.790769 0.4863956 0.1514089 -1.790193 0.486337 0.1444719 -1.801785 0.4874587 0.1394644 -1.802218 0.4875027 0.1344648 -1.80265 0.4875468 0.1587361 -1.769085 0.4810652 0.1378349 -1.769517 0.4811093 0.1168276 -1.769949 0.4811533 0.1445136 -1.802285 0.4849013 0.1394847 -1.802717 0.4849454 0.1344477 -1.803149 0.4849893 0.1588736 -1.769584 0.4785078 0.1378456 -1.770017 0.4785519 0.1167187 -1.770449 0.4785959 0.1171764 -1.775222 0.4821843 0.159085 -1.774358 0.4820962 0.1170696 -1.775722 0.4796269 0.1592245 -1.774857 0.4795388 0.1391109 -1.797546 0.484351 0.1343511 -1.795239 0.483885 0.1336339 -1.790306 0.4829204 0.1386942 -1.78768 0.482422 0.1439658 -1.789987 0.4828881 0.1436576 -1.79492 0.4838525 0.1344349 -1.795731 0.4813635 0.1391164 -1.798039 0.4818296 0.1337808 -1.790798 0.480399 0.138702 -1.788173 0.4799006 0.1438297 -1.79048 0.4803667 0.1435826 -1.795413 0.481331 0.1264097 -1.792887 0.5068279 0.1144635 -1.792628 0.5104332 0.1915045 -1.771711 0.6027209 0.1974292 -1.773609 0.5918807 0.1513178 -1.791978 0.5067351 0.1388701 -1.792667 0.5055791 0.1742231 -1.789312 0.515993 0.1632276 -1.790845 0.5102516 0.1835485 -1.770148 0.6122327 0.1917425 -1.785296 0.5331917 0.1838514 -1.787438 0.5237389 0.2011787 -1.78054 0.5557132 0.1975932 -1.782967 0.5439881 0.1738669 -1.76898 0.6200507 0.2008815 -1.775861 0.5798444 0.2023612 -1.77811 0.5679163 0.1034284 -1.791902 0.5162567 0.162832 -1.768253 0.6258742 0.1508675 -1.767995 0.6294797 0.1384336 -1.768215 0.6307283 0.0937469 -1.790734 0.5240747 0.08579087 -1.789171 0.5335865 0.07986611 -1.787273 0.5444267 0.07620024 -1.785112 0.5561788 0.0749343 -1.782772 0.568391 0.0750181 -1.779582 0.5800591 0.07970225 -1.777915 0.5923192 0.08555293 -1.775586 0.6031157 0.09344416 -1.773444 0.6125684 0.1030724 -1.77157 0.6203144 0.1140679 -1.770037 0.6260559 0.1260079 -1.768904 0.6295722 0.1272808 -1.780855 0.5115792 0.1168416 -1.780627 0.5147601 0.1848162 -1.762171 0.5961872 0.1900438 -1.763846 0.5866226 0.1494635 -1.780053 0.5114973 0.1383762 -1.780662 0.5104773 0.1695685 -1.777701 0.5196656 0.159867 -1.779053 0.5145998 0.1777964 -1.760792 0.6045798 0.1850262 -1.774157 0.5348404 0.1780636 -1.776048 0.5265001 0.1933519 -1.769962 0.5547116 0.1901884 -1.772102 0.5443663 0.1692543 -1.759762 0.6114775 0.1932781 -1.765753 0.5762536 0.1943952 -1.767817 0.5654785 0.1071052 -1.779986 0.5198983 0.1595179 -1.759121 0.6166157 0.1489615 -1.758892 0.6197968 0.1379908 -1.759086 0.6208985 0.09856295 -1.778956 0.5267962 0.09154325 -1.777577 0.5351886 0.08631569 -1.775902 0.5447533 0.0830813 -1.773995 0.5551222 0.08196431 -1.77193 0.5658974 0.08313691 -1.769839 0.5764966 0.08617115 -1.767646 0.5870097 0.09133332 -1.76559 0.5965355 0.09829586 -1.7637 0.6048758 0.106791 -1.762047 0.6117102 0.1164925 -1.760694 0.616776 0.1270274 -1.759695 0.6198787 0.1327391 -1.764303 0.5380137 0.1277741 -1.764195 0.5395098 0.1602616 -1.755351 0.5780369 0.1621367 -1.756056 0.573509 0.1430556 -1.763925 0.5379752 0.1378991 -1.764211 0.5374955 0.1525735 -1.762819 0.5418171 0.1480106 -1.763455 0.5394345 0.1564435 -1.754866 0.5817554 0.1598439 -1.761152 0.5489543 0.1565692 -1.762041 0.5450316 0.1637598 -1.759179 0.5583005 0.1622719 -1.760185 0.5534347 0.1524258 -1.754381 0.5849997 0.1637251 -1.757199 0.5684325 0.1642505 -1.75817 0.5633647 0.1231946 -1.763894 0.5419265 0.1478464 -1.75408 0.5874164 0.1428813 -1.753972 0.5889126 0.1377213 -1.754064 0.5894307 0.1191769 -1.763409 0.5451709 0.1158753 -1.762761 0.5491181 0.1134166 -1.761973 0.5536167 0.1118953 -1.761076 0.5584937 0.1113699 -1.760105 0.5635616 0.1118606 -1.759096 0.5686257 0.113358 -1.758099 0.5734717 0.1158987 -1.757571 0.5781494 0.1190513 -1.756234 0.5818947 0.1230469 -1.755456 0.5851091 0.1276099 -1.75482 0.5874918 0.1325649 -1.75435 0.588951 0.1260778 -1.7897 0.4861865 0.1258428 -1.789436 0.4823081 0.1514811 -1.789123 0.4861279 0.1516029 -1.788571 0.48222 0.1389372 -1.793497 0.50332 0.1389361 -1.79191 0.5025432 0.13894 -1.790641 0.5013141 0.1389843 -1.789759 0.4962642 0.1390088 -1.790536 0.4946777 0.1400116 -1.79383 0.5033148 0.1409862 -1.792544 0.5025331 0.1417868 -1.791514 0.5013002 0.142342 -1.79084 0.4997369 0.142597 -1.790589 0.4979959 0.1425151 -1.790785 0.4962479 0.142083 -1.791408 0.4946638 0.141319 -1.792399 0.4933988 0.1402845 -1.793659 0.4925767 0.1406885 -1.794702 0.5033009 0.142302 -1.794203 0.5025068 0.1436414 -1.793797 0.501264 0.1445817 -1.793525 0.4996943 0.1450179 -1.793412 0.4979511 0.1448754 -1.793469 0.4962052 0.144128 -1.793692 0.4946275 0.1428176 -1.794058 0.4933725 0.1410679 -1.794532 0.4925629 0.1407039 -1.79578 0.5032839 0.1423522 -1.796254 0.5024742 0.1437411 -1.79662 0.5012192 0.1447325 -1.796843 0.4996416 0.1452033 -1.796901 0.4978956 0.1450626 -1.796787 0.4961525 0.144279 -1.796515 0.4945827 0.1429073 -1.796109 0.4933399 0.1410983 -1.79561 0.4925458 0.1400431 -1.796653 0.5032699 0.1410763 -1.797913 0.5024479 0.1419594 -1.798904 0.5011828 0.1425989 -1.799527 0.4995989 0.1429117 -1.799723 0.4978508 0.1428346 -1.799472 0.4961099 0.1423453 -1.798798 0.4945464 0.1414804 -1.797768 0.4933135 0.1403474 -1.796482 0.4925319 0.1389555 -1.796986 0.5032647 0.1389728 -1.798547 0.5024379 0.1389951 -1.799776 0.501169 0.139021 -1.800553 0.4995826 0.1390485 -1.800801 0.4978338 0.1390736 -1.800497 0.4960935 0.1390925 -1.799671 0.4945326 0.1391016 -1.798402 0.4933034 0.1390988 -1.796815 0.4925266 0.1390848 -1.795067 0.492278 0.1389437 -1.795246 0.5035687 0.1378645 -1.796653 0.5032699 0.1368642 -1.797913 0.5024479 0.1360273 -1.798904 0.5011828 0.1354407 -1.799527 0.4995989 0.1351833 -1.799723 0.4978508 0.135311 -1.799472 0.4961099 0.1358373 -1.798798 0.4945464 0.1367158 -1.797768 0.4933135 0.1378436 -1.796482 0.4925319 0.1371955 -1.79578 0.5032839 0.1355827 -1.796254 0.5024742 0.1342388 -1.79662 0.5012192 0.1333003 -1.796843 0.4996416 0.1328848 -1.796901 0.4978956 0.1330752 -1.796787 0.4961525 0.1338947 -1.796515 0.4945827 0.1352814 -1.796109 0.4933399 0.1370785 -1.79561 0.4925458 0.1372002 -1.794702 0.5033009 0.1356133 -1.794203 0.5025068 0.1343103 -1.793797 0.501264 0.1334153 -1.793525 0.4996943 0.1330286 -1.793412 0.4979511 0.1332179 -1.793469 0.4962052 0.1340027 -1.793692 0.4946275 0.1353359 -1.794058 0.4933725 0.137088 -1.794532 0.4925629 0.1378666 -1.79383 0.5033148 0.1368992 -1.792544 0.5025331 0.136121 -1.791514 0.5013002 0.1355974 -1.79084 0.4997369 0.1353809 -1.790589 0.4979959 0.1355056 -1.790785 0.4962479 0.1359786 -1.791408 0.4946638 0.1367784 -1.792399 0.4933988 0.1378479 -1.793659 0.4925767 0.1389493 -1.789815 0.4997531 0.1389641 -1.789511 0.4980131 0.1390359 -1.791765 0.4934089 0.1390626 -1.793326 0.492582 0.1263166 -1.781155 0.6324851 0.1517928 -1.780223 0.6323902 0.1051865 -1.771372 0.5324215 0.1122488 -1.772223 0.5267186 0.1809384 -1.765705 0.5469476 0.1835539 -1.763936 0.5555007 0.09938287 -1.770232 0.53936 0.1706933 -1.756354 0.5967296 0.163631 -1.755503 0.6024324 0.095061 -1.768847 0.5472676 0.1844165 -1.762163 0.5644024 0.183493 -1.760456 0.5733107 0.0923869 -1.76727 0.5558403 0.1202985 -1.772753 0.5224705 0.09146338 -1.765563 0.5647488 0.1555814 -1.754973 0.6066805 0.09239101 -1.763817 0.5735659 0.1289671 -1.772942 0.5198406 0.1380999 -1.772782 0.5189298 0.09494793 -1.762027 0.5821898 0.1472263 -1.772278 0.519773 0.1558701 -1.771452 0.5223381 0.09929341 -1.76063 0.5902012 0.1468538 -1.754784 0.6093104 0.1049656 -1.758759 0.5969744 0.1638908 -1.770334 0.5265262 0.1709143 -1.768967 0.5321768 0.1807727 -1.75871 0.5820208 0.1768525 -1.757382 0.5899485 0.1119891 -1.757392 0.6026249 0.1766706 -1.767404 0.5390721 0.1200098 -1.756274 0.606813 0.1377837 -1.754944 0.6102212 0.1287196 -1.755447 0.6093781</float_array>
          <technique_common>
            <accessor source="#foglight_carello-mesh-positions-array" count="735" stride="3">
              <param name="X" type="float"/>
              <param name="Y" type="float"/>
              <param name="Z" type="float"/>
            </accessor>
          </technique_common>
        </source>
        <source id="foglight_carello-mesh-normals">
          <float_array id="foglight_carello-mesh-normals-array" count="2205">-0.004402339 0.1917535 0.9814333 -0.5949016 0.6841248 0.4219781 -0.7332258 0.1213186 0.6690753 0.5378446 0.7385085 0.4066059 0.7185409 0.1722045 0.6738284 0.7611218 -0.6358319 -0.128108 0.9997615 0.001354455 -0.02179574 -0.7420186 0.630845 -0.2268106 -0.9950606 -0.0951696 -0.02823466 -0.03188872 0.8578796 0.5128603 0.6994565 0.6766663 -0.2299639 -0.02829527 0.9547009 -0.2962188 0.02908605 -0.6908893 0.7223753 0.6212609 -0.5300005 0.5771781 -0.7002996 -0.6983014 -0.1481747 0.02935951 -0.988425 -0.148842 0.788909 -0.4846622 -0.37779 0.07001036 -0.03642123 0.9968812 0.1528233 0.1869652 0.9704067 0.005188584 0.008117437 0.9999537 -0.05619996 -0.03413534 0.9978359 0.008083283 0.008285999 0.999933 -0.1020718 0.1983558 0.9748007 -0.1653569 0.1677166 0.9718685 -0.7705323 -0.5420915 -0.3352864 0.09846359 0.2068199 0.9734118 -0.003136932 0.2458 0.9693156 -0.003336787 0.2457962 0.9693158 0.8439434 -0.5364242 0.00297445 -0.03663605 0.2306429 0.9723486 0.6621879 -0.6814442 -0.3116748 0.01583975 -0.8294528 -0.5583522 0.6051055 -0.6525514 -0.4560966 0.5533188 0.4782143 -0.6820186 0.6751384 0.724767 -0.1374815 0.005860388 -0.1919533 -0.9813866 0.01632565 -0.8294495 -0.5583431 0.005854785 -0.1912453 -0.9815249 0.007852733 -0.1914986 -0.9814615 -0.7993479 -0.5605292 0.2164489 0.03027856 0.2345206 0.9716396 -0.5833869 -0.5844772 0.5639557 -0.5485225 -0.7009462 -0.4558483 -0.01320272 0.558207 -0.8295967 -0.614695 -0.7363753 -0.2826686 -0.6003813 0.4324355 -0.6727125 -0.02055519 0.9812182 -0.1918035 -0.737588 0.6618525 -0.1338479 0.6918568 0.6580169 0.2972339 0.6952557 0.4978163 -0.5184578 -0.7149523 0.6558346 0.2423309 -0.6787826 -0.6942984 -0.2391735 0.6653057 -0.6908637 -0.2829768 -0.6807937 -0.554165 0.4789794 -0.7129206 0.5153008 -0.4756147 -0.03852266 -0.7459137 -0.6649277 -0.04352027 -0.4405502 0.8966725 -0.04821223 0.7511169 0.6584065 0.6627291 -0.5323332 0.5266987 -0.04314076 0.4480335 -0.8929754 -0.02179759 0.7499617 0.661122 -0.01712149 0.4460132 -0.8948627 -0.7260751 0.4609032 -0.5102778 -0.6275603 -0.7285912 -0.2744503 0.7145255 -0.5051725 0.4839981 -0.6304047 -0.5726929 0.5240352 0.6681894 0.7001729 0.251557 0.7165816 -0.649567 -0.2541134 0.6702048 0.5549182 -0.4928401 0.0674557 -0.4467062 0.8921341 0.07207214 -0.7493346 -0.6582579 -0.7295683 0.6173896 0.2942115 0.03109782 -0.9808786 0.1921204 -0.5305826 -0.8113241 0.245429 0.03156787 -0.9808701 0.1920868 -0.5854665 0.8019573 0.1187162 -0.02683895 0.9810502 -0.1918858 -0.7710883 0.5775107 0.2681497 0.9391755 -0.05554902 0.3389157 0.6001827 -0.756792 0.2589337 0.8716122 -0.1472034 0.4675718 -0.8596539 -0.2236983 0.4592975 -0.9302254 -0.1526374 0.3337404 0.5255389 0.8451907 0.09727114 -0.02874624 0.9809967 -0.1918838 0.7199089 -0.6881845 0.09018486 -0.6681187 -0.73984 0.07908403 0.7410214 0.6189178 0.2604383 -0.7269288 0.6790838 -0.1020773 -0.02062535 0.9812038 -0.191869 -0.7453489 0.6595431 -0.09725177 0.5526321 -0.816226 0.1684429 0.08601105 -0.977732 0.1914221 0.5487353 -0.8212413 0.1563732 -0.4490615 -0.8763595 0.174178 0.08619487 -0.9777122 0.1914405 0.8843442 -0.4658885 -0.02972137 0.8846122 -0.4654205 -0.02907383 -0.9513531 -0.2924365 0.09699606 -0.9492555 -0.3013917 0.08987355 0.6633558 0.7403637 -0.1087235 -0.02063298 0.9812023 -0.1918766 -0.851406 -0.5240487 0.02192449 -0.8502987 -0.525884 0.02093553 0.9744815 -0.2094469 0.08073359 0.6874461 0.7188774 -0.1031174 0.02714997 -0.6574875 0.7529761 -0.02809464 0.8893538 0.4563558 -0.650855 -0.3364635 0.6805734 -0.02447861 0.6516676 -0.7581096 0.668611 -0.5189188 -0.5326187 0.03064519 -0.8924237 -0.4501566 0.6815765 -0.2868315 0.6731873 0.6710198 0.2902944 -0.6822475 0.698975 0.5189532 0.4920586 -0.6972668 0.2399274 -0.6754657 -0.7309262 0.467699 0.4969956 -0.6321085 -0.5686196 -0.526413 -0.02397173 0.7319974 0.6808857 0.1057195 0.8449392 0.5243104 -0.02894949 0.8423877 0.5380938 -0.2528253 0.8290235 -0.4987978 -0.1248452 0.9526757 -0.2771695 -0.1026685 0.9523633 -0.2871644 0.3025381 0.4044765 -0.8630583 0.365989 0.5991055 -0.7121269 0.4452417 0.4273767 -0.7868349 -0.3332659 0.7065579 0.6242674 -0.1636312 0.8345193 0.5261202 -0.2933016 0.8216112 0.4888038 0.7864103 0.5564743 -0.2681331 0.6690566 0.7296728 -0.1412124 0.8008846 0.5893886 -0.1058543 0.6518885 0.6828647 0.3297534 0.4600799 0.8191825 0.3424422 0.5491412 0.7048807 0.4489848 -0.1814447 0.7224177 0.667226 0.7865551 0.615506 0.04983651 0.6205896 0.7753697 0.1169213 0.7334035 0.6542397 0.1846341 0.5693687 0.4552524 -0.6845178 0.5569067 0.6462622 -0.521728 0.6699367 0.4868949 -0.5604627 -0.482173 0.388719 -0.7851159 -0.5219522 0.5818389 -0.6237224 -0.4153757 0.5681079 -0.7104341 0.7431247 0.521097 -0.4197899 0.6576268 0.7015818 -0.2744266 -0.6082715 0.4062801 -0.6818668 -0.6091167 0.6002025 -0.5183956 0.3550093 0.8338706 0.4226445 0.4252889 0.721283 0.5466994 -0.7109888 0.4296777 -0.5566615 -0.6735106 0.6224483 -0.398675 0.6583868 0.7526703 -0.003765463 -0.7863441 0.45792 -0.4146954 -0.7127162 0.6477029 -0.2692893 -0.3383554 0.377254 -0.8620876 -0.29453 0.5598186 -0.7745032 -0.8315979 0.4898532 -0.2617039 -0.7256285 0.6757032 -0.1299557 0.2353244 0.8420613 0.4853402 0.284989 0.7314572 0.6194769 -0.8293271 0.5412128 -0.1389436 -0.6853588 0.7276364 -0.02878701 -0.180027 0.3727388 -0.9103056 -0.02358347 0.5593293 -0.8286101 -0.01704484 0.3769804 -0.9260645 -0.7854328 0.618945 -0.001545846 -0.6574143 0.7425299 0.1282801 0.1465147 0.3868981 -0.9104083 0.2459071 0.5810569 -0.7758238 -0.7587509 0.6040232 0.2438304 -0.5987414 0.7640808 0.2401863 0.1333763 0.7350547 0.6647598 -0.161875 0.5564252 -0.8149771 -0.7007122 0.6280263 0.3385047 -0.5189903 0.7842258 0.3400573 0.4712105 0.6211569 -0.6261988 0.5544077 0.7962999 0.2419478 -0.5979062 0.6585183 0.457014 -0.41315 0.8040983 0.427473 0.6198247 0.6734225 -0.402889 0.1148692 0.5671556 -0.8155609 -0.4738589 0.6850143 0.5533655 -0.1293309 0.9829655 -0.1305856 0.0795176 0.9804097 -0.1802048 0.0839073 0.9732529 -0.2138653 0.3332296 0.8846183 -0.3262035 0.3555873 0.8996754 -0.2532621 -0.3131062 0.83625 -0.4501671 -0.1324734 0.9586079 -0.252035 0.2366831 0.9656493 0.10725 0.02835863 0.9952656 -0.09296435 0.185748 0.9714626 0.1475068 -0.3626336 0.8459303 -0.3910226 -0.1523876 0.9594569 -0.2371088 0.362986 0.914768 -0.1773156 0.3593081 0.9271402 -0.1063424 -0.399562 0.8576944 -0.3235902 -0.1401185 0.9681099 -0.2076777 -0.1845281 0.824598 -0.534778 -0.08410948 0.9488086 -0.3044469 -0.4224466 0.8711124 -0.250404 -0.1227267 0.9744017 -0.1883599 0.01130229 0.9969641 -0.07703834 0.117079 0.9759659 0.1838014 -0.4312846 0.8857401 -0.1716334 -0.156549 0.9737237 -0.1653922 -0.03213614 0.8243709 -0.5651372 -0.06040662 0.9496333 -0.3074861 -0.03591352 0.9485531 -0.3145748 -0.424938 0.8999632 -0.0974366 -0.01441603 0.9889703 -0.1474114 0.04524046 0.8286483 -0.5579386 0.01265305 0.952154 -0.3053569 0.119569 0.8357743 -0.535896 -0.3907883 0.9203051 -0.0179733 -0.01570934 0.9965959 -0.08093303 0.04254812 0.9775684 0.2062761 -0.1097999 0.8230516 -0.5572521 -0.3263452 0.9413833 0.08541882 -0.3534027 0.9346666 0.03879445 0.1877164 0.8451967 -0.500405 0.05328309 0.9590297 -0.2782499 0.2476382 0.8568341 -0.4522286 0.3412498 0.9392751 -0.03620576 0.066711 0.9926102 -0.1013652 0.3021395 0.9519019 0.05093806 -0.06737583 0.9851624 -0.1578468 -0.01293474 0.9602299 -0.278911 0.2967627 0.8701437 -0.3934232 0.08038562 0.9679086 -0.2380995 -0.01113462 0.9498506 -0.3125061 -0.2553092 0.9552792 0.1491945 -0.07172083 0.9906856 -0.1157512 -0.03673857 0.9970484 -0.06741499 -0.03493851 0.9761896 0.2140868 0.03236216 0.956088 -0.2912875 -0.1867911 0.9648273 0.1849797 -0.05997115 0.9940249 -0.09120291 0.08925867 0.9775596 -0.1908149 0.03836077 0.9942809 -0.09966868 -0.1124136 0.9718799 0.2069125 0.004123687 0.9810182 -0.1938719 0.06913393 0.9632039 -0.2597281 -0.4444646 -0.880221 0.1663199 0.9756524 -0.1990759 0.0920394 4.11557e-4 0.8282567 -0.5603488 0.5180398 0.8120111 -0.268836 0.4360669 0.7042438 -0.5602555 -0.001968443 0.9485472 0.3166298 0.4488512 0.6618791 0.6003738 0.5213261 0.7835851 0.3379549 -1.82228e-4 0.3205347 0.9472368 -2.66135e-4 -0.01556932 0.9998788 0.186542 0.258917 0.9477152 0.3131106 0.5223608 -0.793159 -2.19879e-5 0.6178801 -0.7862724 -0.002028405 0.9998466 0.0174002 0.5464331 0.8365394 0.04016059 -8.1149e-4 0.5938517 0.8045741 0.3346955 0.4825457 0.8094002 0.1658638 0.2939231 -0.941328 4.62857e-4 0.3475602 -0.9376577 -7.83429e-4 0.9590135 -0.2833595 -0.001518487 0.809424 0.5872226 1.71e-4 0.01627653 -0.9998676 0.7287707 0.2690562 0.6296842 0.8628048 0.3317109 0.3814917 0.3016497 0.09450435 0.9487236 0.527417 0.2340373 -0.8167362 0.9262756 0.3684701 0.07901632 0.5392304 0.1880512 0.8208942 0.2781878 0.1337024 -0.9511757 0.8937812 0.3656027 -0.2597883 0.7503403 0.3164746 -0.5803736 0.2776932 -0.08750784 -0.956676 0.760591 -0.2426935 -0.6021638 0.730644 -0.2502788 0.6352322 0.8740848 -0.2918122 0.3883575 0.300774 -0.1153358 0.9466957 0.5285178 -0.1706013 -0.8316034 0.9475309 -0.3102811 0.07688158 0.53759 -0.19104 0.8212801 0.9149775 -0.2941553 -0.2762045 0.5243251 -0.7971565 -0.2993742 0.4424512 -0.6720889 0.5937454 0.1622306 -0.2589752 -0.9521623 0.4353929 -0.6746253 -0.596082 0.5203429 -0.7875346 0.3302009 0.1838298 -0.2858606 0.9404734 0.3068905 -0.4866198 -0.8179361 0.5518811 -0.8336087 0.0228883 0.3281551 -0.5010142 0.8008116 -6.67162e-4 -0.6184265 0.7858425 7.02602e-4 -0.5913897 -0.8063857 2.1549e-4 -0.3169628 -0.9484381 0.001892268 -0.9492132 -0.314628 -7.16272e-4 -0.8267103 0.5626275 8.6835e-4 -0.8086847 -0.5882418 -3.84755e-4 -0.9577751 0.2875183 -4.28738e-4 -0.3500977 0.9367131 0.001271486 -0.9999147 -0.01300644 -0.5235465 -0.7913082 0.3158012 -0.5523681 -0.8335628 0.007915377 -0.1850395 -0.2882177 0.9395163 -0.332073 -0.5054851 0.7963746 -0.1611157 -0.2603188 -0.9519852 -0.5213243 -0.7941904 -0.312222 -0.447129 -0.6773593 0.5841748 -0.4311603 -0.6727445 -0.6012617 -0.3050782 -0.4868807 -0.8184586 -0.3041517 -0.1187218 0.9451968 -0.5248761 -0.1756591 -0.8328559 -0.8814636 -0.2992457 0.365341 -0.9472964 -0.3163899 0.05027085 -0.5455828 -0.1967856 0.8146256 -0.2772451 -0.09169483 -0.9564138 -0.9069754 -0.2989946 -0.2966448 -0.7406129 -0.2575773 0.6206018 -0.7517156 -0.2474322 -0.6113109 -0.8932802 0.3515468 -0.2801169 -0.7476397 0.3023104 -0.5913065 -0.8743161 0.3238492 0.3615152 -0.3057724 0.09181863 0.9476669 -0.5273412 0.222606 -0.8199743 -0.9324185 0.3571813 0.05493015 -0.5485842 0.183932 0.815613 -0.2795022 0.1270862 -0.9516972 -0.7411769 0.2635222 0.6174244 -0.4568926 0.6613093 0.5949112 -0.1663147 0.2903944 -0.9423431 -0.5240852 0.8043606 -0.2798908 -0.4404203 0.694536 -0.5689023 -0.5300375 0.7817776 0.3284574 -0.1884856 0.2582502 0.9475126 -0.3154821 0.5153477 -0.7967985 -0.5539556 0.8320764 0.02796477 -0.3403658 0.4819394 0.8073944 -0.2421958 -0.7859762 0.5688432 -0.5996303 -0.386094 0.7009814 -0.3163588 -0.8003914 0.5092061 0.02071446 -0.6495551 -0.7600324 -0.1653003 0.5319849 -0.8304625 -0.02269959 0.5339406 -0.8452174 -0.3140131 -0.9336159 -0.1725032 -0.704194 -0.6009677 -0.3780857 -0.5954845 -0.6223517 -0.5080125 0.4859121 -0.8737998 -0.01906174 0.7433693 -0.5480524 -0.383459 0.823296 -0.516256 -0.2359315 -0.4588808 -0.8721557 0.1696258 -0.8351905 -0.5455641 -0.06940221 -0.4491304 -0.8903282 0.0748192 0.5370373 -0.8028731 0.258816 0.8230222 -0.3890094 0.4138916 0.4849944 -0.8019198 0.3488629 -0.3771227 -0.8169121 0.4363865 -0.7873547 -0.4472573 0.4243036 -0.4218222 -0.8351998 0.352856 -0.1574782 -0.7741752 0.6130689 -0.4680854 -0.3605139 0.8067998 0.2266154 -0.934543 -0.2743631 0.50423 -0.6030986 -0.6180811 0.3058817 -0.9226838 -0.2347147 -0.3753461 -0.921549 -0.0993123 -0.7851209 -0.5750631 -0.2299736 -0.05941021 -0.9518997 -0.3005954 0.03219211 -0.9486725 -0.3146177 -0.1572816 -0.9484102 -0.275283 -0.1551934 -0.6504684 -0.7435092 -0.4468206 -0.8554995 0.2616714 -0.8523808 -0.5137019 0.09776169 0.6355492 -0.5773783 -0.5125541 0.3800084 -0.9082866 -0.1749548 0.4390034 -0.7871158 0.4332721 0.7401125 -0.3624744 0.5664326 0.5252069 -0.8336975 0.1706061 0.8722587 -0.4209376 0.2489501 -0.7074276 -0.4153759 0.571847 -0.2394884 -0.9425734 -0.2328105 -0.4633772 -0.6383935 -0.6146017 0.8722881 -0.4830873 -0.07576286 0.8891075 -0.4464356 0.100912 0.3777102 -0.7750952 0.5065199 0.6314148 -0.3411303 0.6963803 0.513525 -0.8551126 0.07123595 -0.4209091 -0.9069665 -0.0157265 -0.3189829 -0.6498392 -0.6898978 0.303146 -0.766088 0.5667554 0.4991452 -0.3251762 0.8031902 -0.8355338 -0.4818373 0.264038 0.2181606 -0.7604559 0.6116477 0.3483842 -0.3152068 0.8827646 0.1242556 -0.9477221 -0.2939104 0.1982903 -0.6406322 -0.7418028 0.3634968 -0.624593 -0.6911972 0.4408614 -0.8917288 -0.1022797 0.4909768 0.5926246 -0.6385436 -0.3537995 0.8796311 0.3179234 -0.4406147 0.8631858 0.2465134 -0.6980627 0.7013238 0.1444072 -0.7102918 0.703813 -0.01153415 0.2612732 0.5563231 -0.7888225 0.1842363 0.8124144 0.5532088 0.2680807 -0.3106837 0.9119256 -0.3069512 0.5351944 -0.7869867 -0.541181 0.7523784 0.3755661 -0.6312243 0.7279781 0.267589 0.3815079 0.5716365 -0.7264183 0.5783631 0.7721797 0.263125 -0.4312498 0.7738103 0.4639412 0.6478734 0.6436699 -0.4073688 0.1209659 0.5393636 -0.8333392 -0.3057088 0.7912927 0.5295262 -0.2378948 -0.3292458 0.9137852 -0.3178557 -0.3395715 0.8852452 0.7043524 0.6980053 -0.1291363 0.4875525 0.7899945 0.3717545 0.6966591 0.7173913 0.003986537 0.6459984 0.7505034 0.1393948 0.5810512 0.6171177 -0.5306084 -0.4276319 0.541805 -0.7235872 0.6887162 0.671465 -0.2735048 -0.6285625 0.572806 -0.5261204 -0.5377097 0.555019 -0.6346827 0.3770384 0.8033016 0.46103 -0.7380281 0.6191812 -0.2681962 -0.6961067 0.5946186 -0.4023234 0.2510142 0.8116487 0.5274639 -0.7488861 0.6516687 -0.1204054 -0.5945389 0.8028075 -0.04498559 -0.9692814 0.2409282 -0.04946887 -0.6040468 0.7816731 -0.1552898 -0.504055 0.7261325 -0.4676113 0.2898553 0.7232646 -0.6267952 0.377304 0.7393177 -0.5577195 -0.563207 0.8240318 0.06139677 -0.1453843 0.9043465 0.401274 0.1786112 0.7156015 -0.6752871 0.1307501 0.7241454 -0.6771396 -0.4323617 0.7125642 -0.5525537 -0.5577889 0.742651 -0.3705957 -0.5113058 0.8443961 0.1598808 0.292249 0.9017573 0.318472 0.3806137 0.8912188 0.2467029 -0.3455022 0.7023536 -0.6223565 0.4528772 0.8772192 0.1593387 -0.5915426 0.7614116 -0.2651978 0.5063577 0.8602339 0.05999732 0.1918174 0.9080434 0.3723752 0.53876 0.8411141 -0.04759109 -0.2357659 0.701703 -0.6723299 0.5892024 0.7588554 -0.2774511 0.54374 0.8260872 -0.1480771 0.08313363 0.9106429 0.4047447 -0.03152179 0.9089711 0.4156656 0.5025835 0.7791668 -0.3745784 -0.2557762 0.8928599 0.3706479 0.4495192 0.7577184 -0.4730703 -0.1883292 0.712423 -0.6760072 -0.6862121 0.1287931 -0.7159088 -0.8945624 0.17787 -0.4100248 -0.811264 0.3408319 0.4750624 0.6688638 0.4131507 0.6180031 0.5221886 0.4301424 0.7364079 -0.9520502 0.2747918 0.1344984 0.789296 0.3906266 0.4737328 -0.5410568 0.1119114 -0.8335067 0.8788102 0.3634412 0.3091978 -0.9498531 0.2082105 -0.2332976 0.9339331 0.3326488 0.1308194 0.3548013 0.440662 0.8245805 0.9527091 0.29891 -0.05475735 -0.3639673 0.08515191 -0.9275112 -0.01445543 0.4421145 0.8968423 0.8799015 0.2298837 -0.4158449 0.9345924 0.2626734 -0.2398745 -0.382862 0.417882 0.823888 0.7898866 0.1985208 -0.5802316 -0.2893545 0.05151814 -0.9558348 -0.1996931 0.4240539 -0.8833464 0.1739275 0.4448128 0.8785732 0.6700325 0.1687812 -0.7228896 -0.6929141 0.3704841 0.618556 -0.8055489 0.1510602 -0.5729501 0.5241815 0.1429905 -0.8395162 -0.8987254 0.3085255 0.3116162 -0.2017422 0.4335733 0.8782451 0.3478502 0.1057086 -0.9315718 -0.5481327 0.3963395 0.7365227 0.1587149 0.4355254 -0.8860741 0.2738096 0.06725394 -0.9594296 -0.03449702 0.8983323 -0.4379601 -0.008035838 0.8999111 -0.4359995 -0.03447955 0.8978415 -0.4389669 -0.06099998 0.8979743 -0.4357994 0.8069046 -0.1459047 0.5723782 0.9233479 0.00751388 0.3838911 0.8275874 0.03362685 0.5603288 0.3042205 -0.542119 0.7832987 0.09293103 -0.8995423 0.4268341 0.1400389 -0.900025 0.4127277 -0.5683356 -0.6297156 0.5295781 -0.132979 -0.9231557 0.3606939 -0.479147 -0.60463 0.636271 0.3069075 -0.8020478 -0.5123741 0.09410786 -0.9940879 -0.05415612 0.1730461 -0.8161449 -0.5513281 0.9528332 -0.2715016 -0.1356314 0.9253106 -0.1149956 -0.3613538 0.9807793 -0.08291113 -0.1766287 0.8971009 -0.1715471 0.407163 0.9778578 -0.01266765 0.2088873 0.5421371 -0.1066251 0.8334978 0.7033572 0.0542922 0.7087602 0.5524864 0.06979399 0.8305947 0.001165032 0.08004903 0.9967902 0.1964075 -0.09180569 0.9762151 0.1944461 0.08293914 0.9774006 -0.562767 -0.786617 -0.254022 -0.1861698 -0.9781264 0.09278875 -0.6302734 -0.7649897 -0.132462 -0.6076635 -0.7813017 0.1425234 -0.1225097 -0.9714291 0.2032661 -0.616931 -0.7412227 0.2645468 -0.239017 -0.8247694 -0.512471 -0.002725601 -0.998564 -0.05350315 -0.04967343 -0.9979546 -0.04023844 0.6902355 -0.7106754 -0.1360716 0.2907606 -0.9470508 0.1362101 0.2763221 -0.9568235 0.0901941 -0.1962546 -0.9670274 0.1623029 -0.6743804 -0.7381846 0.01716715 0.9518206 -0.1994388 0.2329416 0.9987003 -0.04668509 0.0204541 0.6874617 -0.1235176 0.7156394 0.3807314 0.07954311 0.9212582 0.1842838 -0.9826844 -0.0192629 0.1410562 -0.9891377 -0.04135018 -0.4725405 -0.8041738 -0.3605689 -0.093216 -0.9954864 -0.01782363 -0.1312157 -0.9912691 0.01296973 -0.2457136 -0.56434 0.7881277 -0.004848122 -0.904018 0.4274669 -0.1108251 -0.5507477 0.8272816 0.9703273 -0.2367212 0.04927498 0.899267 -0.3059288 -0.3126124 0.8342229 -0.1458664 -0.531785 0.3763701 -0.09596776 0.9214857 0.7307936 -0.6825774 -0.005375802 0.2952512 -0.9374965 0.184193 0.8115962 -0.3390034 -0.4758029 0.7109786 -0.1743224 -0.6812645 -0.3702625 -0.582514 0.7235906 -0.05179947 -0.9089379 0.4137014 0.6931129 -0.3694325 -0.6189622 0.5602704 -0.1992808 -0.8039804 0.4279848 -0.5504171 0.7168473 0.1834024 -0.9025802 0.3895032 0.5483047 -0.3960784 -0.7365351 0.3931794 -0.2192208 -0.8929458 -0.3633342 -0.816936 -0.4478882 0.3840423 -0.4187594 -0.8228925 0.2043706 -0.2369163 -0.9497912 0.5367963 -0.7621782 -0.3618482 0.4293929 -0.7840508 -0.4482035 0.2020863 -0.4363943 -0.8767674 0.005924224 -0.2453267 -0.9694223 -0.6342138 -0.6569891 0.4076005 -0.1640363 -0.9318636 0.3236085 -0.1726477 -0.448814 -0.8767889 -0.1920111 -0.2488662 -0.9493142 0.2216355 -0.9067165 0.3588075 0.5363349 -0.5634898 0.6283504 -0.3549605 -0.4442838 -0.822566 -0.3813598 -0.2437274 -0.8917184 0.04575014 -0.9972581 -0.05816584 0.03462469 -0.8242219 -0.5652075 -0.5211068 -0.4330016 -0.735498 -0.550145 -0.2342526 -0.80154 -0.1045885 -0.8275541 -0.5515574 -0.6676965 -0.416125 -0.6172693 -0.7016521 -0.2187246 -0.678118 -0.1254053 -0.9743574 0.1868187 -0.7881463 -0.3936241 -0.4731653 -0.8258728 -0.1978844 -0.5279923 0.6906067 -0.6031107 0.3991488 0.2529348 -0.9125744 0.3212976 0.2761359 -0.919878 0.2785203 -0.8777579 -0.3662422 -0.3088815 -0.9180287 -0.1725296 -0.3570113 0.6249879 -0.5813101 0.5210266 -0.9327526 -0.3380242 -0.1253488 -0.9745966 -0.1436573 -0.1718261 -0.1626955 -0.9853955 0.05025953 -0.9452725 -0.321699 0.05449658 -0.9935045 -0.111796 0.02122575 -0.0951451 -0.9153854 0.3911739 -0.9338415 -0.2657253 0.239437 -0.9740499 -0.07897549 0.2121075 0.2904031 -0.9282985 0.2322245 0.7317665 -0.6270593 0.2670476 -0.8791952 -0.2314615 0.4164633 -0.9175058 -0.047966 0.3948197 0.04404991 -0.9007517 0.4320952 0.02948641 -0.5422727 0.839685 -0.789993 -0.198386 0.5801329 -0.8246397 -0.01679044 0.565409 0.6247272 -0.7376063 -0.2562284 0.2222775 -0.9749236 0.010809 -0.6702668 -0.1678189 0.7228964 -0.7007486 0.01156675 0.7133146 0.7445232 -0.6545935 0.1311203 -0.5244511 -0.1412147 0.8396485 -0.5500611 0.03626608 0.8343366 -0.1870309 -0.9418148 0.2792925 -0.3581176 -0.1196623 0.9259766 -0.3783701 0.05638772 0.9239354 0.2531545 -0.9662318 0.04805195 0.04692316 -0.9804058 0.191319 -0.1779379 -0.103892 0.9785421 -0.1922731 0.07116138 0.978758 0.1696378 -0.5396045 0.8246515 0.009336709 -0.09446203 0.9954848 0.9794707 0.07326304 0.1878023 0.9794694 0.07326465 0.1878091 0.9794687 0.07326453 0.1878128 0.979471 0.07326328 0.1878007 0.9794703 0.07326567 0.1878032 -0.9807785 0.001555085 0.1951181 -0.9807786 0.001554727 0.1951177 -0.9807791 0.001554429 0.1951158 -0.9807806 0.001552164 0.1951084 0.01493686 -0.4441395 -0.8958332 0.04562187 -0.9804009 0.1916577 0.04550802 -0.9804103 0.1916373 0.04507362 -0.9802944 0.1923316 0.04480469 -0.979992 0.1939283 0.04662251 -0.9804368 0.1912332 0.0447362 -0.9801856 0.1929634 0.04588675 -0.9804629 0.1912775 0.04603105 -0.9804511 0.191303 0.04791557 -0.9797196 0.1945598 0.04662168 -0.980421 0.1913145 0.04559081 -0.9804101 0.1916185 0.04599601 -0.980462 0.1912555 0.04497671 -0.9796624 0.1955476 0.04553043 -0.9794515 0.1964734 0.04723882 -0.9794838 0.1959084 0.0417087 -0.9805993 0.1915342 0.04632133 -0.980036 0.193349 0.04522025 -0.9803638 0.1919432 0.04481679 -0.9798418 0.1946833 0.04700833 -0.9793072 0.1968448 0.04633849 -0.9804458 0.191256 0.04666811 -0.9804508 0.1911506 0.04597955 -0.980426 0.191444 0.04570996 -0.9803869 0.1917092 0.04609465 -0.9804506 0.1912902 0.04739326 -0.98036 0.1914371 0.04765647 -0.9801913 0.1922339 0.04770594 -0.9801645 0.1923585 0.04820662 -0.9798941 0.1936073 0.04648077 -0.9793348 0.1968322 0.04700392 -0.9803738 0.1914629 -0.8241332 -0.5025662 -0.2612118 -0.4330394 -0.888796 -0.1500626 -0.4860554 -0.8723306 -0.05281591 0.5637239 -0.8238733 -0.05872178 0.2537332 -0.69559 0.6721414 -0.4873932 -0.7888588 0.3743658 0.915309 -0.3894434 -0.1026803 0.863932 -0.4247223 -0.2706153 -0.8777768 -0.4038276 0.2577429 -0.5303575 -0.8323202 0.1611335 -0.5150927 -0.8137244 0.2693179 0.9141054 -0.3209712 0.2477679 0.562411 -0.7402676 0.368372 0.5943516 -0.7597485 0.2636826 0.6625744 -0.2427802 0.708557 0.5094304 -0.7240549 0.4650004 0.776754 -0.2641279 0.5717428 -0.1566212 -0.5768389 -0.8017024 -0.177458 -0.9171272 -0.3569123 -0.3281 -0.5746634 -0.7497416 0.5288764 -0.5190232 -0.6714944 0.4404522 -0.8652552 -0.2394485 0.3563515 -0.8819783 -0.3084284 0.01569586 -0.2212256 0.9750964 0.146478 -0.6965001 0.7024471 0.1938875 -0.2162966 0.9568821 -0.3335778 -0.2507186 0.9087718 -0.07435053 -0.703725 0.7065715 -0.16243 -0.2328148 0.9588606 -0.2760893 -0.9113551 -0.3052978 -0.486035 -0.5657655 -0.6660927 -0.4913215 -0.2742522 0.8266734 -0.3631966 -0.7491884 0.5538998 -0.2804469 -0.7290074 0.624418 0.365476 -0.2183807 0.904841 -0.7424969 -0.3342753 0.5804812 -0.4359742 -0.7673377 0.4702333 -0.6250084 -0.5504955 -0.5534611 -0.3626576 -0.9017153 -0.2353492 0.2568225 -0.8973451 -0.3589066 0.3710992 -0.5425496 -0.7536083 -0.8947486 -0.4388467 0.0826956 -0.5191944 -0.8530573 0.05225431 -0.8766044 -0.4722288 -0.09254521 -0.8263348 -0.3685862 0.425811 0.3519722 -0.700823 0.6204536 0.4380931 -0.7113759 0.5495625 0.6049736 -0.7810744 0.1546929 0.5975767 -0.8005485 0.0449934 -0.7392554 -0.5290331 -0.4166839 0.1508709 -0.9070978 -0.3929523 0.1999106 -0.5606061 -0.8035898 0.5092273 -0.8469183 -0.1530265 0.7801651 -0.4588204 -0.4252368 -0.6293823 -0.3022747 0.7158966 0.8615835 -0.2904515 0.4163074 0.04012537 -0.9154355 -0.4004596 -0.07057434 -0.91869 -0.3886233 -0.1811035 -0.7157673 0.6744471 0.02165478 -0.5721616 -0.8198551 0.5237459 -0.2272526 0.8210034 0.03617846 -0.6961487 0.7169855 0.9323001 -0.3543518 0.07246631 0.6668869 -0.4908136 -0.5606818 -0.1127533 -0.7681674 0.6302425 0.1732535 -0.7576526 0.6292423 -0.2389746 0.7968792 0.5548645 -0.9807779 0.001555681 0.1951215</float_array>
          <technique_common>
            <accessor source="#foglight_carello-mesh-normals-array" count="735" stride="3">
              <param name="X" type="float"/>
              <param name="Y" type="float"/>
              <param name="Z" type="float"/>
            </accessor>
          </technique_common>
        </source>
        <source id="foglight_carello-mesh-map-0">
          <float_array id="foglight_carello-mesh-map-0-array" count="6960">0 0 0 0 0 0 0 0 0 0 0 0 0 0 0 0 0 0 0 0 0 0 0 0 0 0 0 0 0 0 0 0 0 0 0 0 0 0 0 0 0 0 0 0 0 0 0 0 0 0 0 0 0 0 0 0 0 0 0 0 0 0 0 0 0 0 0 0 0 0 0 0 0 0 0 0 0 0 0 0 0 0 0 0 0 0 0 0 0 0 0 0 0 0 0 0 0 0 0 0 0 0 0 0 0 0 0 0 0 0 0 0 0 0 0 0 0 0 0 0 0 0 0 0 0 0 0 0 0 0 0 0 0 0 0 0 0 0 0 0 0 0 0 0 0 0 0 0 0 0 0 0 0 0 0 0 0 0 0 0 0 0 0 0 0 0 0 0 0 0 0 0 0 0 0 0 0 0 0 0 0 0 0 0 0 0 0 0 0 0 0 0 0 0 0 0 0 0 0 0 0 0 0 0 0 0 0 0 0 0 0 0 0 0 0 0 0 0 0 0 0 0 0 0 0 0 0 0 0 0 0 0 0 0 0 0 0 0 0 0 0 0 0 0 0 0 0 0 0 0 0 0 0 0 0 0 0 0 0 0 0 0 0 0 0 0 0 0 0 0 0 0 0 0 0 0 0 0 0 0 0 0 0 0 0 0 0 0 0 0 0 0 0 0 0 0 0 0 0 0 0 0 0 0 0 0 0 0 0 0 0 0 0 0 0 0 0 0 0 0 0 0 0 0 0 0 0 0 0 0 0 0 0 0 0 0 0 0 0 0 0 0 0 0 0 0 0 0 0 0 0 0 0 0 0 0 0 0 0 0 0 0 0 0 0 0 0 0 0 0 0 0 0.02575236 0.1004935 0.02575236 0.1004935 0.02575236 0.1004935 0.02575236 0.1004935 0.02575236 0.1004935 0.02575236 0.1004935 0.02575236 0.1004935 0.02575236 0.1004935 0.02575236 0.1004935 0.02575236 0.1004935 0.02575236 0.1004935 0.02575236 0.1004935 0.02575236 0.1004935 0.02575236 0.1004935 0.02575236 0.1004935 0.02575236 0.1004935 0.02575236 0.1004935 0.02575236 0.1004935 0.02575236 0.1004935 0.02575236 0.1004935 0.02575236 0.1004935 0.02575236 0.1004935 0.02575236 0.1004935 0.02575236 0.1004935 0 0 0 0 0 0 0 0 0 0 0 0 0 0 0 0 0 0 0 0 0 0 0 0 0 0 0 0 0 0 0 0 0 0 0 0 0 0 0 0 0 0 0 0 0 0 0 0 0 0 0 0 0 0 0 0 0 0 0 0 0 0 0 0 0 0 0 0 0 0 0 0 0 0 0 0 0 0 0 0 0 0 0 0 0 0 0 0 0 0 0 0 0 0 0 0 0 0 0 0 0 0 0 0 0 0 0 0 0 0 0 0 0 0 0 0 0 0 0 0 0 0 0 0 0 0 0 0 0 0 0 0 0 0 0 0 0 0 0 0 0 0 0 0 0 0 0 0 0 0 0 0 0 0 0 0 0 0 0 0 0 0 0 0 0 0 0 0 0 0 0 0 0 0 0 0 0 0 0 0 0 0 0 0 0 0 0 0 0 0 0 0 0 0 0 0 0 0 0 0 0 0 0 0 0 0 0 0 0 0 0 0 0 0 0 0 0 0 0 0 0 0 0 0 0 0 0 0 0 0 0 0 0 0 0 0 0 0 0 0 0 0 0 0 0 0 0 0 0 0 0 0 0 0 0 0 0 0 0 0 0 0 0 0 0 0 0 0 0 0 0 0 0 0 0 0 0 0 0 0 0 0 0 0 0 0 0 0 0 0 0 0 0 0 0 0 0 0 0 0 0 0 0 0 0 0 0 0 0 0 0 0 0 0 0 0 0 0 0 0 0 0 0 0 0 0 0 0 0 0 0 0 0 0 0 0 0 0 0 0 0 0 0 0 0 0 0 0 0 0 0 0 0 0 0 0 0 0 0 0 0 0 0 0 0 0 0 0 0 0 0 0 0 0 0 0 0 0 0 0 0 0 0 0 0 0 0 0 0 0 0 0 0 0 0 0 0 0 0 0 0 0 0 0 0 0 0 0 0 0 0 0 0 0 0 0 0 0 0 0 0 0 0 0 0 0 0 0 0 0 0 0 0 0 0 0 0 0 0 0 0 0 0 0 0 0 0 0 0 0 0 0 0 0 0 0 0 0 0 0 0 0 0 0 0 0 0 0 0 0 0 0 0 0 0 0 0 0 0 0 0 0 0 0 0 0 0 0 0 0 0 0 0 0 0 0 0 0 0 0 0 0 0 0 0 0 0 0 0 0 0 0 0 0 0 0 0 0 0 0 0 0 0 0 0 0 0 0 0 0 0 0 0 0 0 0 0 0 0 0 0 0 0 0 0 0 0 0 0 0 0 0 0 0 0 0 0 0 0 0 0 0 0 0 0 0 0 0 0 0 0 0 0 0 0 0 0 0 0 0 0 0 0 0 0 0 0 0 0 0 0 0 0 0 0 0 0 0 0 0 0 0 0 0 0 0 0 0 0 0 0 0 0 0 0 0 0 0 0 0 0 0 0 0 0 0 0 0 0 0 0 0 0 0 0 0 0 0 0 0 0 0 0 0 0 0 0 0 0 0 0 0 0 0 0 0 0 0 0 0 0 0 0 0 0 0 0 0 0 0 0 0 0 0 0 0 0 0 0 0 0 0 0 0 0 0 0 0 0 0 0 0 0 0 0 0 0 0 0 0 0 0 0 0 0 0 0 0 0 0 0 0 0 0 0 0 0 0 0 0 0 0 0 0 0 0 0 0 0 0 0 0 0 0 0 0 0 0 0 0 0 0 0 0 0 0 0 0 0 0 0 0 0 0 0 0 0 0 0 0 0 0 0 0 0 0 0 0 0 0 0 0 0 0 0 0 0 0 0 0 0 0 0 0 0 0 0 0 0 0 0 0 0 0 0 0 0 0 0 0 0 0 0 0 0 0 0 0 0 0 0 0 0 0 0 0 0 0 0 0 0 0 0 0 0 0 0 0 0 0 0 0 0 0 0 0 0 0 0 0 0 0 0 0 0 0 0 0 0 0 0 0 0 0 0 0 0 0 0 0 0 0 0 0 0 0 0 0 0 0 0 0 0 0 0 0 0 0 0 0 0 0 0 0 0 0 0 0 0 0 0 0 0 0 0 0 0 0 0 0 0 0 0 0 0 0 0 0 0 0 0 0 0 0 0 0 0 0 0 0 0 0 0 0 0 0 0 0 0 0 0 0 0 0 0 0 0 0 0 0 0 0 0 0 0 0 0 0 0 0 0 0 0 0 0 0 0 0 0 0 0 0 0 0 0 0 0 0 0 0 0 0 0 0 0 0 0 0 0 0 0 0 0 0 0 0 0 0 0 0 0 0 0 0 0 0 0 0 0 0 0 0 0 0 0 0 0 0 0 0 0 0 0 0 0 0 0 0 0 0 0 0 0 0 0 0 0 0 0 0 0 0 0 0 0 0 0 0 0 0 0 0 0 0 0 0 0 0 0 0 0 0 0 0 0 0 0 0 0 0 0 0 0 0 0 0 0 0 0 0 0 0 0 0 0 0 0 0 0 0 0 0 0 0 0 0 0 0 0 0 0 0 0 0 0 0 0 0 0 0 0 0 0 0 0 0 0 0 0 0 0 0 0 0 0 0 0 0 0 0 0 0 0 0 0 0 0 0 0 0 0 0 0 0 0 0 0 0 0 0 0 0 0 0 0 0 0 0 0 0 0 0 0 0 0 0 0 0 0 0 0 0 0 0 0 0 0 0 0 0 0 0 0 0 0 0 0 0 0 0 0 0 0 0 0 0 0 0 0 0 0 0 0 0 0 0 0 0 0 0 0 0 0 0 0 0 0 0 0 0 0 0 0 0 0 0 0 0 0 0 0 0 0 0 0 0 0 0 0 0 0 0 0 0 0 0 0 0 0 0 0 0 0 0 0 0 0 0 0 0 0 0 0 0 0 0 0 0 0 0 0 0 0 0 0 0 0 0 0 0 0 0 0 0 0 0 0 0 0 0 0 0 0 0 0 0 0 0 0 0 0 0 0 0 0 0 0 0 0 0 0 0 0 0 0 0 0 0 0 0 0 0 0 0 0 0 0 0 0 0 0 0 0 0 0 0 0 0 0 0 0 0 0 0 0 0 0 0 0 0 0 0 0 0 0 0 0 0 0 0 0 0 0 0 0 0 0 0 0 0 0 0 0 0 0 0 0 0 0 0 0 0 0 0 0 0 0 0 0 0 0 0 0 0 0 0 0 0 0 0 0 0 0 0 0 0 0 0 0 0 0 0 0 0 0 0 0 0 0 0 0 0 0 0 0 0 0 0 0 0 0 0 0 0 0 0 0 0 0 0 0 0 0 0 0 0 0 0 0 0 0 0 0 0 0 0 0 0 0 0 0 0 0 0 0 0 0 0 0 0 0 0 0 0 0 0 0 0 0 0 0 0 0 0 0 0 0 0 0 0 0 0 0 0 0 0 0 0 0 0 0 0 0 0 0 0 0 0 0 0 0 0 0 0 0 0 0 0 0 0 0 0 0 0 0 0 0 0 0 0 0 0 0 0 0 0 0 0 0 0 0 0 0 0 0 0 0 0 0 0 0 0 0 0 0 0 0 0 0 0 0 0 0 0 0 0 0 0 0 0 0 0 0 0 0 0 0 0 0 0 0 0 0 0 0 0 0 0 0 0 0 0 0 0 0 0 0 0 0 0 0 0 0 0 0 0 0 0 0 0 0 0 0 0 0 0 0 0 0 0 0 0 0 0 0.02575236 0.1004935 0.02575236 0.1004935 0.02575236 0.1004935 0.02575236 0.1004935 0.02575236 0.1004935 0.02575236 0.1004935 0.02575236 0.1004935 0.02575236 0.1004935 0.02575236 0.1004935 0.02575236 0.1004935 0.02575236 0.1004935 0.02575236 0.1004935 0.02575236 0.1004935 0.02575236 0.1004935 0.02575236 0.1004935 0.02575236 0.1004935 0.02575236 0.1004935 0.02575236 0.1004935 0.02575236 0.1004935 0.02575236 0.1004935 0.02575236 0.1004935 0.02575236 0.1004935 0.02575236 0.1004935 0.02575236 0.1004935 0.02575236 0.1004935 0.02575236 0.1004935 0.02575236 0.1004935 0.02575236 0.1004935 0.02575236 0.1004935 0.02575236 0.1004935 0.02575236 0.1004935 0.02575236 0.1004935 0.02575236 0.1004935 0.02575236 0.1004935 0.02575236 0.1004935 0.02575236 0.1004935 0 0 0 0 0 0 0 0 0 0 0 0 0 0 0 0 0 0 0 0 0 0 0 0 0 0 0 0 0 0 0 0 0 0 0 0 0 0 0 0 0 0 0 0 0 0 0 0 0 0 0 0 0 0 0 0 0 0 0 0 0 0 0 0 0 0 0 0 0 0 0 0 0 0 0 0 0 0 0 0 0 0 0 0 0 0 0 0 0 0 0 0 0 0 0 0 0 0 0 0 0 0 0 0 0 0 0 0 0 0 0 0 0 0 0 0 0 0 0 0 0 0 0 0 0 0 0 0 0 0 0 0 0 0 0 0 0 0 0 0 0 0 0 0 0 0 0 0 0 0 0 0 0 0 0 0 0 0 0 0 0 0 0 0 0 0 0 0 0 0 0 0 0 0 0 0 0 0 0 0 0 0 0 0 0 0 0 0 0 0 0 0 0 0 0 0 0 0 0 0 0 0 0 0 0 0 0 0 0 0 0 0 0 0 0 0 0 0 0 0 0 0 0 0 0 0 0 0 0 0 0 0 0 0 0 0 0 0 0 0 0 0 0 0 0 0 0 0 0 0 0 0 0 0 0 0 0 0 0 0 0 0 0 0 0 0 0 0 0 0 0 0 0 0 0 0 0 0 0 0 0 0 0 0 0 0 0 0 0 0 0 0 0 0 0 0 0 0 0 0 0 0 0 0 0 0 0 0 0 0 0 0 0 0 0 0 0 0 0 0 0 0 0 0 0 0 0 0 0 0 0 0 0 0 0 0 0 0 0 0 0 0 0 0 0 0 0 0 0 0 0 0 0 0 0 0 0 0 0 0 0 0 0 0 0 0 0 0 0 0 0 0 0 0 0 0 0 0 0 0 0 0 0 0 0 0 0 0 0 0 0 0 0 0 0 0 0 0 0 0 0 0 0 0 0 0 0 0 0 0 0 0 0 0 0 0 0 0 0 0 0 0 0 0 0 0 0 0 0 0 0 0 0 0 0 0 0 0 0 0 0 0 0 0 0 0 0 0 0 0 0 0 0 0 0 0 0 0 0 0 0 0 0 0 0 0 0 0 0 0 0 0 0 0 0 0 0 0 0 0 0 0 0 0 0 0 0 0 0 0 0 0 0 0 0 0 0 0 0 0 0 0 0 0 0 0 0 0 0 0 0 0 0 0 0 0 0 0 0 0 0 0 0 0 0 0 0 0 0 0 0 0 0 0 0 0 0 0 0 0 0 0 0 0 0 0 0 0 0 0 0 0 0 0 0 0 0 0 0 0 0 0 0 0 0 0 0 0 0 0 0 0 0 0 0 0 0 0 0 0 0 0 0 0 0 0 0 0 0 0 0 0 0 0 0 0 0 0 0 0 0 0 0 0 0 0 0 0 0 0 0 0 0 0 0 0 0 0 0 0 0 0 0 0 0 0 0 0 0 0 0 0 0 0 0 0 0 0 0 0 0 0 0 0 0 0 0 0 0 0 0 0 0 0 0 0 0 0 0 0 0 0 0 0 0 0 0 0 0 0 0 0 0 0 0 0 0 0 0 0 0 0 0 0 0 0 0 0 0 0 0 0 0 0 0 0 0 0 0 0 0 0 0 0 0 0 0 0 0 0 0 0 0 0 0 0 0 0 0 0 0 0 0 0 0 0 0 0 0 0 0 0 0 0 0 0 0 0 0 0 0 0 0 0 0 0 0 0 0 0 0 0 0 0 0 0 0 0 0 0 0 0 0 0 0 0 0 0 0 0 0 0 0 0 0 0 0 0 0 0 0 0 0 0 0 0 0 0 0 0 0 0 0 0 0 0 0 0 0 0 0 0 0 0 0 0 0 0 0 0 0 0 0 0 0 0 0 0 0 0 0 0 0 0 0 0 0 0 0 0 0 0 0 0 0 0 0 0 0 0 0 0 0 0 0 0 0 0 0 0 0 0 0 0 0 0 0 0 0 0 0 0 0 0 0 0 0 0 0 0 0 0 0 0 0 0 0 0 0 0 0 0 0 0 0 0 0 0 0 0 0 0 0 0 0 0 0 0 0 0 0 0 0 0 0 0 0 0 0 0 0 0 0 0 0 0 0 0 0 0 0 0 0 0 0 0 0 0 0 0 0 0 0 0 0 0 0 0 0 0 0 0 0 0 0 0 0 0 0 0 0 0 0 0 0 0 0 0 0 0 0 0 0 0 0 0 0 0 0 0 0 0 0 0 0 0 0 0 0 0 0 0 0 0 0 0 0 0 0 0 0 0 0 0 0 0 0 0 0 0 0 0 0 0 0 0 0 0 0 0 0 0 0 0 0 0 0 0 0 0 0 0 0 0 0 0 0 0 0 0 0 0 0 0 0 0 0 0 0 0 0 0 0 0 0 0 0 0 0 0 0 0 0 0 0 0 0 0 0 0 0 0 0 0 0 0 0 0 0 0 0 0 0 0 0 0 0 0 0 0 0 0 0 0 0 0 0 0 0 0 0 0 0 0 0 0 0 0 0 0 0 0 0 0 0 0 0 0 0 0 0 0 0 0 0 0 0 0 0 0 0 0 0 0 0 0 0 0 0 0 0 0 0 0 0 0 0 0 0 0 0 0 0 0 0 0 0 0 0 0 0 0 0 0 0 0 0 0 0 0 0 0 0 0 0 0 0 0 0 0 0 0 0 0 0 0 0 0 0 0 0 0 0 0 0 0 0 0 0 0 0 0 0 0 0 0 0 0 0 0 0 0 0 0 0 0 0 0 0 0 0 0 0 0 0 0 0 0 0 0 0 0 0 0 0 0 0 0 0 0 0 0 0 0 0 0 0 0 0 0 0 0 0.1573119 0.9460411 0.1537315 0.9359452 0.157193 0.9362559 0.2296042 0.9013464 0.2255179 0.8900711 0.2339417 0.8948881 0.1982915 0.8957073 0.1898435 0.8940751 0.1980386 0.8927124 0.2466834 0.9451285 0.2498574 0.9368547 0.2497748 0.9454168 0.1703867 0.9080296 0.1748101 0.9007647 0.1764615 0.9032281 0.237919 0.9677751 0.2345482 0.9765318 0.232259 0.9741232 0.158519 0.9277653 0.1585758 0.9189042 0.161282 0.9202226 0.158631 0.9575293 0.1532701 0.9462199 0.1573119 0.9460411 0.2389271 0.9149302 0.2456033 0.9205022 0.2428371 0.9217913 0.1905964 0.8969699 0.1820316 0.8967905 0.1898435 0.8940751 0.2211218 0.8998827 0.2296042 0.9013464 0.2278795 0.9038025 0.2138054 0.8971692 0.2223899 0.8971474 0.2211218 0.8998827 0.1652724 0.9136586 0.1683693 0.9058733 0.1703867 0.9080296 0.2428371 0.9217913 0.2484478 0.9284707 0.2454871 0.929257 0.2252096 0.9795916 0.2345482 0.9765318 0.2271773 0.9825457 0.2422239 0.9606989 0.2405388 0.9696624 0.237919 0.9677751 0.157193 0.9362559 0.1554505 0.9268823 0.158519 0.9277653 0.2061207 0.8957726 0.1980386 0.8927124 0.2063869 0.8927754 0.2422239 0.9606989 0.2481666 0.9539174 0.2450798 0.9620684 0.2167809 0.9839223 0.2271773 0.9825457 0.218248 0.9874058 0.2451511 0.9530812 0.2497748 0.9454168 0.2481666 0.9539174 0.1832544 0.899505 0.1748101 0.9007647 0.1820316 0.8967905 0.2138054 0.8971692 0.2063869 0.8927754 0.2145838 0.8942613 0.2067677 0.9868739 0.218248 0.9874058 0.2077561 0.9910252 0.161282 0.9202226 0.1629132 0.9119092 0.1652724 0.9136586 0.1950598 0.9880301 0.2077561 0.9910252 0.1952283 0.9928818 0.2338785 0.9088678 0.2296042 0.9013464 0.2360448 0.9067098 0.2389271 0.9149302 0.2360448 0.9067098 0.2414203 0.9131805 0.2454871 0.929257 0.2498574 0.9368547 0.2467876 0.937111 0.2560142 0.9263255 0.2553562 0.9158218 0.2589037 0.9255555 0.1629132 0.9119092 0.1517031 0.9154287 0.1568533 0.9074786 0.2360448 0.9067098 0.2477433 0.9085901 0.2414203 0.9131805 0.1554505 0.9268823 0.1517031 0.9154287 0.1585758 0.9189042 0.1952283 0.9928818 0.1802176 1.009683 0.1801208 0.9920986 0.2223899 0.8971474 0.2164967 0.8867492 0.2255179 0.8900711 0.1554505 0.9268823 0.1450373 0.9346134 0.147808 0.9244828 0.2484478 0.9284707 0.2526541 0.9170798 0.2560142 0.9263255 0.2345482 0.9765318 0.2325828 0.9896838 0.2271773 0.9825457 0.1537315 0.9359452 0.1433798 0.9459137 0.1450373 0.9346134 0.2498574 0.9368547 0.2577066 0.9459903 0.2497748 0.9454168 0.2296042 0.9013464 0.2414373 0.9011115 0.2360448 0.9067098 0.1532701 0.9462199 0.142468 0.9588637 0.1433798 0.9459137 0.2456033 0.9205022 0.2477433 0.9085901 0.2526541 0.9170798 0.1573811 0.9728698 0.142468 0.9588637 0.1539945 0.9583137 0.2481666 0.9539174 0.2524914 0.9654175 0.2450798 0.9620684 0.218248 0.9874058 0.2325828 0.9896838 0.2228087 0.9959587 0.2345482 0.9765318 0.2474024 0.9742444 0.2407609 0.9824077 0.2498574 0.9368547 0.2560142 0.9263255 0.2577184 0.9360536 0.1980386 0.8927124 0.206968 0.885111 0.2063869 0.8927754 0.2481666 0.9539174 0.2577066 0.9459903 0.2559064 0.9559068 0.1980386 0.8927124 0.1877959 0.8867189 0.1972557 0.8850707 0.218248 0.9874058 0.2113131 1.001203 0.2077561 0.9910252 0.1820316 0.8967905 0.1877959 0.8867189 0.1898435 0.8940751 0.2405388 0.9696624 0.2524914 0.9654175 0.2474024 0.9742444 0.1820316 0.8967905 0.1705205 0.8945595 0.1788057 0.8899238 0.2063869 0.8927754 0.2164967 0.8867492 0.2145838 0.8942613 0.1683693 0.9058733 0.1705205 0.8945595 0.1748101 0.9007647 0.1952283 0.9928818 0.2113131 1.001203 0.1975283 1.005421 0.1683693 0.9058733 0.1568533 0.9074786 0.1631469 0.9004682 0.2589694 0.9567351 0.2940214 0.9831255 0.2551696 0.9666582 0.2407609 0.9824077 0.2346577 0.9923717 0.2325828 0.9896838 0.1450373 0.9346134 0.1398229 0.9454771 0.1418446 0.9339073 0.2577184 0.9360536 0.2607331 0.946255 0.2577066 0.9459903 0.2339417 0.8948881 0.2435261 0.8990113 0.2414373 0.9011115 0.1433798 0.9459137 0.1385124 0.9585364 0.1398229 0.9454771 0.2477433 0.9085901 0.2553562 0.9158218 0.2526541 0.9170798 0.142468 0.9588637 0.1370763 0.9732162 0.1385124 0.9585364 0.2524914 0.9654175 0.2589694 0.9567351 0.2551696 0.9666582 0.2325828 0.9896838 0.2245943 0.9991305 0.2228087 0.9959587 0.2474024 0.9742444 0.2431148 0.9846331 0.2407609 0.9824077 0.2560142 0.9263255 0.2607122 0.9357951 0.2577184 0.9360536 0.1972557 0.8850707 0.2072431 0.8820708 0.206968 0.885111 0.2559064 0.9559068 0.2607331 0.946255 0.2589694 0.9567351 0.1877959 0.8867189 0.1970008 0.8821489 0.1972557 0.8850707 0.2228087 0.9959587 0.2128174 1.004945 0.2113131 1.001203 0.1788057 0.8899238 0.1870573 0.8839135 0.1877959 0.8867189 0.2524914 0.9654175 0.2499864 0.9759974 0.2474024 0.9742444 0.1705205 0.8945595 0.1776161 0.8872994 0.1788057 0.8899238 0.2164967 0.8867492 0.2072431 0.8820708 0.2172328 0.8840349 0.1631469 0.9004682 0.1689234 0.8921818 0.1705205 0.8945595 0.2113131 1.001203 0.1988199 1.009996 0.1975283 1.005421 0.1631469 0.9004682 0.1545959 0.9057486 0.1611936 0.8983926 0.2339417 0.8948881 0.2267456 0.8874169 0.2356241 0.8924641 0.1568533 0.9074786 0.1492478 0.9140802 0.1545959 0.9057486 0.2414373 0.9011115 0.2501768 0.906883 0.2477433 0.9085901 0.1517031 0.9154287 0.144831 0.9234042 0.1492478 0.9140802 0.1975283 1.005421 0.1821722 1.014852 0.1802176 1.009683 0.2255179 0.8900711 0.2172328 0.8840349 0.2267456 0.8874169 0.147808 0.9244828 0.1418446 0.9339073 0.144831 0.9234042 0.2346577 0.9923717 0.2510654 1.034577 0.2245943 0.9991305 0.2499864 0.9759974 0.2757751 1.011872 0.2431148 0.9846331 0.2589037 0.9255555 0.3027173 0.9319562 0.2607122 0.9357951 0.2072431 0.8820708 0.1933919 0.8419244 0.2105333 0.8413851 0.2607331 0.946255 0.2997435 0.9667753 0.2589694 0.9567351 0.1970008 0.8821489 0.1768647 0.8454462 0.1933919 0.8419244 0.2245943 0.9991305 0.2372522 1.043957 0.2128174 1.004945 0.1870573 0.8839135 0.1614966 0.8516814 0.1768647 0.8454462 0.2551696 0.9666582 0.2859094 0.9982289 0.2499864 0.9759974 0.1776161 0.8872994 0.147729 0.8602463 0.1614966 0.8516814 0.2172328 0.8840349 0.2105333 0.8413851 0.2276552 0.8439489 0.1689234 0.8921818 0.1358683 0.8706736 0.147729 0.8602463 0.2128174 1.004945 0.222904 1.052547 0.1988199 1.009996 0.1545959 0.9057486 0.1358683 0.8706736 0.1611936 0.8983926 0.2267456 0.8874169 0.2595074 0.8580548 0.2356241 0.8924641 0.1545959 0.9057486 0.1182662 0.8950911 0.1260594 0.8824546 0.2435261 0.8990113 0.2846528 0.8826504 0.2501768 0.906883 0.1492478 0.9140802 0.1122513 0.9081944 0.1182662 0.8950911 0.222904 1.052547 0.2077911 1.061334 0.1934806 1.038523 0.2172328 0.8840349 0.2441601 0.8495506 0.2267456 0.8874169 0.144831 0.9234042 0.1076711 0.9214613 0.1122513 0.9081944 0.2553562 0.9158218 0.2996576 0.9145646 0.2589037 0.9255555 0.2431148 0.9846331 0.2640284 1.023964 0.2346577 0.9923717 0.1418446 0.9339073 0.1040019 0.934659 0.1076711 0.9214613 0.2607122 0.9357951 0.3027173 0.9495449 0.2607331 0.946255 0.2356241 0.8924641 0.2731636 0.8692053 0.2435261 0.8990113 0.1398229 0.9454771 0.1005975 0.9477069 0.1040019 0.934659 0.2501768 0.906883 0.29358 0.8979426 0.2553562 0.9158218 0.1164855 0.967914 0.09645617 0.960857 0.1005975 0.9477069 0.2195518 0.3810507 0.186507 0.364236 0.2097492 0.3925091 0.2411895 0.4104571 0.2195518 0.3810507 0.2097492 0.3925091 0.4259003 0.9439861 0.4464951 0.9402661 0.4408022 0.9528084 0.4012403 0.9623928 0.3916129 0.965192 0.4007722 0.9614863 0.336892 0.9509441 0.344794 0.9567806 0.3441907 0.9575853 0.3946313 0.868936 0.3834796 0.8676234 0.3836106 0.8664667 0.431747 0.9036176 0.4442465 0.886687 0.4485794 0.8997721 0.4302898 0.9344393 0.4497238 0.9269565 0.4464951 0.9402661 0.4120115 0.9599442 0.4328004 0.9641368 0.4227367 0.9738232 0.3839613 0.9895115 0.3929884 0.9698092 0.3978595 0.9867972 0.328741 0.8960785 0.3263479 0.9056159 0.3253792 0.9053714 0.3244857 0.9247563 0.327855 0.9338392 0.3269246 0.9341763 0.3500687 0.8733759 0.3608285 0.8698708 0.3506258 0.8743643 0.4249099 0.8953538 0.4272376 0.9047604 0.4240109 0.8957827 0.3253792 0.9053714 0.3249471 0.9150834 0.3239569 0.9150383 0.4327691 0.9242966 0.4504188 0.9133206 0.4497238 0.9269565 0.4197396 0.9525945 0.4408022 0.9528084 0.4328004 0.9641368 0.3929884 0.9698092 0.4109502 0.9814839 0.3978595 0.9867972 0.3946313 0.868936 0.4039942 0.8743365 0.3942825 0.8700065 0.3339996 0.8874273 0.3418755 0.8805599 0.334833 0.8880643 0.3620091 0.9663751 0.3720068 0.967175 0.3719183 0.9681962 0.4332617 0.913908 0.4485794 0.8997721 0.4504188 0.9133206 0.4282494 0.893757 0.4374693 0.8744102 0.4442465 0.886687 0.4029762 0.9657514 0.4227367 0.9738232 0.4109502 0.9814839 0.4281949 0.9045199 0.4286301 0.9141513 0.4272376 0.9047604 0.4228252 0.8846433 0.428276 0.8632915 0.4374693 0.8744102 0.3526585 0.9627879 0.3622843 0.9653927 0.3620091 0.9663751 0.4155519 0.8765872 0.4166805 0.8537556 0.428276 0.8632915 0.4096814 0.9569941 0.4007722 0.9614863 0.4090569 0.9561942 0.4065303 0.8699123 0.402763 0.846385 0.4166805 0.8537556 0.3411605 0.879737 0.3506258 0.8743643 0.3418755 0.8805599 0.395959 0.8649712 0.3868227 0.8419717 0.402763 0.846385 0.4129865 0.8794927 0.4039942 0.8743365 0.4045296 0.8733974 0.3841007 0.8621705 0.3697097 0.8413851 0.3868227 0.8419717 0.3310809 0.9430229 0.3376353 0.9502735 0.336892 0.9509441 0.3697097 0.8413851 0.3591428 0.8646132 0.3529183 0.845071 0.4096814 0.9569941 0.4161588 0.9494885 0.4169169 0.9501524 0.3529183 0.845071 0.3479639 0.8697205 0.3379642 0.8524348 0.3836106 0.8664667 0.3720628 0.8674284 0.3719434 0.8662491 0.3379642 0.8524348 0.3384672 0.8767064 0.3255939 0.8624097 0.3719434 0.8662491 0.3608285 0.8698708 0.3604695 0.8687546 0.3255939 0.8624097 0.3308809 0.8850855 0.3159779 0.8740715 0.3239569 0.9150383 0.3254631 0.9246039 0.3244857 0.9247563 0.3159779 0.8740715 0.3253207 0.8944469 0.3090381 0.8867905 0.4268126 0.9332379 0.4218289 0.9416289 0.4258762 0.9329084 0.3090381 0.8867905 0.3217665 0.9044879 0.3046563 0.9001821 0.4226919 0.942134 0.4161588 0.9494885 0.4218289 0.9416289 0.3046563 0.9001821 0.3202731 0.914892 0.3027916 0.913957 0.3339996 0.8874273 0.3296568 0.8965194 0.328741 0.8960785 0.3027916 0.913957 0.3208554 0.9253419 0.3034713 0.9278435 0.3441907 0.9575853 0.353106 0.961879 0.3526585 0.9627879 0.3034713 0.9278435 0.3235 0.9354383 0.3067899 0.9415452 0.4268126 0.9332379 0.4281684 0.9236414 0.429145 0.9237844 0.3067899 0.9415452 0.3279183 0.9449259 0.3132248 0.9540331 0.3719183 0.9681962 0.3819012 0.9671038 0.3820046 0.9681226 0.3132248 0.9540331 0.3341346 0.9534502 0.3216267 0.9647625 0.4198136 0.8869114 0.4122986 0.8802754 0.4129865 0.8794927 0.3216267 0.9647625 0.3419684 0.9605696 0.3314621 0.974092 0.429145 0.9237844 0.4286301 0.9141513 0.4296136 0.9141027 0.3314621 0.974092 0.3510121 0.9661543 0.3430455 0.9815785 0.3269246 0.9341763 0.3319361 0.9425132 0.3310809 0.9430229 0.3430455 0.9815785 0.3610022 0.9700114 0.3559926 0.9868121 0.4249099 0.8953538 0.4190043 0.887522 0.4198136 0.8869114 0.06546723 0.8311188 0.4706848 0.1792673 0.129951 0.9102633 0.3559926 0.9868121 0.3715869 0.9719721 0.3698126 0.9895115 0.3820046 0.9681226 0.3916129 0.965192 0.3919055 0.9661738 0.3698126 0.9895115 0.3823859 0.9718961 0.3839613 0.9895115 0 0 0 0 0 0 0 0 0 0 0 0 0 0 0 0 0 0 0 0 0 0 0 0 0.3823859 0.9718961 0.3919055 0.9661738 0.3929884 0.9698092 0.4282494 0.893757 0.4198136 0.8869114 0.4228252 0.8846433 0.3279183 0.9449259 0.3269246 0.9341763 0.3310809 0.9430229 0.4327691 0.9242966 0.4296136 0.9141027 0.4332617 0.913908 0.4228252 0.8846433 0.4129865 0.8794927 0.4155519 0.8765872 0.3715869 0.9719721 0.3820046 0.9681226 0.3823859 0.9718961 0.4302898 0.9344393 0.429145 0.9237844 0.4327691 0.9242966 0.3510121 0.9661543 0.3441907 0.9575853 0.3526585 0.9627879 0.3253207 0.8944469 0.3339996 0.8874273 0.328741 0.8960785 0.4197396 0.9525945 0.4226919 0.942134 0.4259003 0.9439861 0.4259003 0.9439861 0.4268126 0.9332379 0.4302898 0.9344393 0.3202731 0.914892 0.3244857 0.9247563 0.3208554 0.9253419 0.3591428 0.8646132 0.3719434 0.8662491 0.3604695 0.8687546 0.3715108 0.8619107 0.3836106 0.8664667 0.3719434 0.8662491 0.4120115 0.9599442 0.4169169 0.9501524 0.4197396 0.9525945 0.3341346 0.9534502 0.3310809 0.9430229 0.336892 0.9509441 0.4155519 0.8765872 0.4045296 0.8733974 0.4065303 0.8699123 0.3384672 0.8767064 0.3500687 0.8733759 0.3411605 0.879737 0.4029762 0.9657514 0.4096814 0.9569941 0.4120115 0.9599442 0.3610022 0.9700114 0.3526585 0.9627879 0.3620091 0.9663751 0.4332617 0.913908 0.4281949 0.9045199 0.431747 0.9036176 0.3610022 0.9700114 0.3719183 0.9681962 0.3715869 0.9719721 0.3308809 0.8850855 0.3411605 0.879737 0.3339996 0.8874273 0.4065303 0.8699123 0.3946313 0.868936 0.395959 0.8649712 0.3202731 0.914892 0.3253792 0.9053714 0.3239569 0.9150383 0.431747 0.9036176 0.4249099 0.8953538 0.4282494 0.893757 0.3479639 0.8697205 0.3604695 0.8687546 0.3500687 0.8733759 0.3208554 0.9253419 0.3269246 0.9341763 0.3235 0.9354383 0.3217665 0.9044879 0.328741 0.8960785 0.3253792 0.9053714 0.3841007 0.8621705 0.3946313 0.868936 0.3836106 0.8664667 0.3419684 0.9605696 0.336892 0.9509441 0.3441907 0.9575853 0.3929884 0.9698092 0.4012403 0.9623928 0.4029762 0.9657514 1.019985 0.5479454 0.5419067 0.1581377 0.5427441 0.1499329 0.9332131 0.2586603 0.5395895 0.133809 0.5357188 0.1265115 0.129951 0.9102633 0.477055 0.1845379 0.2086303 0.9753682 0.8687294 0.1795142 0.5357188 0.1265115 0.5304979 0.1201028 0.6969655 1.026268 0.5086761 0.1910073 0.5165917 0.1886594 0.2115396 0.1110153 0.4708852 0.1197529 0.1324251 0.1751934 0.2086303 0.9753682 0.4843295 0.1884688 0.2984815 1.023928 0.9796839 0.7466209 0.5355615 0.1732701 0.5394812 0.1660183 0.6026292 0.03569895 0.5168536 0.1109002 0.5089539 0.1084591 0.3994833 0.03450709 0.4845913 0.1107114 0.301714 0.06351089 -0.01856356 0.5363137 0.4592211 0.1576529 -0.009445011 0.6400977 -0.01096022 0.4404894 0.4584387 0.149437 -0.01856356 0.5363137 0.9810232 0.3488036 0.5419617 0.141717 0.5395895 0.133809 0.7900502 0.1144109 0.5304979 0.1201028 0.524128 0.1148321 0.7001989 0.06585001 0.524128 0.1148321 0.5168536 0.1109002 0.5010899 0.02511519 0.4925069 0.1083629 0.3994833 0.03450709 0.2984815 1.023928 0.4922291 0.1909106 0.3960515 1.054079 1.010323 0.4464836 0.5427441 0.1499329 0.5419617 0.141717 1.00964 0.64929 0.5394812 0.1660183 0.5419067 0.1581377 0.8662543 0.9145859 0.5238925 0.1848125 0.5302978 0.1796162 -0.009445011 0.6400977 0.4615933 0.1655603 0.01765674 0.7409753 0.5991964 1.055271 0.5004498 0.1917681 0.5086761 0.1910073 0.06741112 0.2535784 0.4617016 0.1333511 0.01899552 0.3431568 0.1324251 0.1751934 0.4656215 0.1260998 0.06741112 0.2535784 0.9312683 0.8362009 0.5302978 0.1796162 0.5355615 0.1732701 0.01899552 0.3431568 0.4592765 0.1412318 -0.01096022 0.4404894 0.3960515 1.054079 0.5004498 0.1917681 0.49759 1.064663 0.301714 0.06351089 0.4772906 0.1145577 0.2115396 0.1110153 0.5010899 0.02511519 0.5089539 0.1084591 0.5007333 0.107603 0.01765674 0.7409753 0.4654642 0.1728588 0.06546723 0.8311188 0.7871397 0.9787627 0.5165917 0.1886594 0.5238925 0.1848125 0.6091188 0.4425324 0.6039696 0.4408659 0.605359 0.4395055 0.5877593 0.4342536 0.5967403 0.4234552 0.6075986 0.4323033 0.5829782 0.4318349 0.5877593 0.4342536 0.5829125 0.4347495 0.6123622 0.4346306 0.6072049 0.4361203 0.607592 0.4342291 0.5846328 0.4263204 0.5899828 0.4269869 0.5889121 0.4286248 0.5907263 0.4203183 0.5913786 0.4256371 0.5883281 0.4219295 0.5961579 0.4478188 0.5985942 0.4429991 0.599075 0.4478931 0.5863104 0.4426291 0.5888605 0.4379351 0.5899328 0.4395364 0.6019732 0.4192627 0.5986891 0.423485 0.5991446 0.4187072 0.6070123 0.4220163 0.6023939 0.4246568 0.6046579 0.4203655 0.599075 0.4478931 0.6005206 0.4426511 0.6019581 0.4473199 0.6090236 0.4239954 0.606488 0.4286454 0.6054124 0.4270534 0.5962836 0.4187072 0.5986891 0.423485 0.5967403 0.4234552 0.6117532 0.4289569 0.6075986 0.4323033 0.6072255 0.4304175 0.6046556 0.4462009 0.6005206 0.4426511 0.6023359 0.4419292 0.5863104 0.4426291 0.5912986 0.4408923 0.5883579 0.444602 0.6118155 0.4374567 0.6064512 0.4379025 0.6072049 0.4361203 0.6091188 0.4425324 0.6064512 0.4379025 0.6107204 0.4401255 0.6123622 0.4346306 0.6075986 0.4323033 0.6123403 0.4317591 0.5907263 0.4203183 0.5948285 0.423868 0.593014 0.4245821 0.5829782 0.4318349 0.5881428 0.4304029 0.5877417 0.4322977 0.6070718 0.444584 0.6023359 0.4419292 0.6039696 0.4408659 0.5883579 0.444602 0.5929091 0.4419525 0.5907202 0.4461345 0.5829125 0.4347495 0.5881246 0.43615 0.5835179 0.437616 0.6117532 0.4289569 0.606488 0.4286454 0.6106296 0.4263355 0.5883281 0.4219295 0.5899828 0.4269869 0.5863066 0.4239535 0.5961579 0.4478188 0.5947052 0.4426729 0.5966187 0.4430252 0.6070123 0.4220163 0.6054124 0.4270534 0.6040353 0.4256985 0.5907202 0.4461345 0.5947052 0.4426729 0.5933387 0.447274 0.5962836 0.4187072 0.5948285 0.423868 0.5934217 0.4191961 0.6019732 0.4192627 0.6023939 0.4246568 0.600598 0.4238889 0.5835286 0.4290131 0.5889121 0.4286248 0.5881428 0.4304029 0.5846711 0.4402738 0.5881246 0.43615 0.5888605 0.4379351 0.1624494 0.9703009 0.1539945 0.9583137 0.158631 0.9575293 0.181809 0.9866649 0.1952283 0.9928818 0.1801208 0.9920986 0.1573119 0.9460411 0.1532701 0.9462199 0.1537315 0.9359452 0.2296042 0.9013464 0.2223899 0.8971474 0.2255179 0.8900711 0.1982915 0.8957073 0.1905964 0.8969699 0.1898435 0.8940751 0.2466834 0.9451285 0.2467876 0.937111 0.2498574 0.9368547 0.1703867 0.9080296 0.1683693 0.9058733 0.1748101 0.9007647 0.237919 0.9677751 0.2405388 0.9696624 0.2345482 0.9765318 0.158519 0.9277653 0.1554505 0.9268823 0.1585758 0.9189042 0.158631 0.9575293 0.1539945 0.9583137 0.1532701 0.9462199 0.2389271 0.9149302 0.2414203 0.9131805 0.2456033 0.9205022 0.1905964 0.8969699 0.1832544 0.899505 0.1820316 0.8967905 0.2211218 0.8998827 0.2223899 0.8971474 0.2296042 0.9013464 0.2138054 0.8971692 0.2145838 0.8942613 0.2223899 0.8971474 0.1652724 0.9136586 0.1629132 0.9119092 0.1683693 0.9058733 0.2428371 0.9217913 0.2456033 0.9205022 0.2484478 0.9284707 0.2252096 0.9795916 0.232259 0.9741232 0.2345482 0.9765318 0.2422239 0.9606989 0.2450798 0.9620684 0.2405388 0.9696624 0.157193 0.9362559 0.1537315 0.9359452 0.1554505 0.9268823 0.2061207 0.8957726 0.1982915 0.8957073 0.1980386 0.8927124 0.2422239 0.9606989 0.2451511 0.9530812 0.2481666 0.9539174 0.2167809 0.9839223 0.2252096 0.9795916 0.2271773 0.9825457 0.2451511 0.9530812 0.2466834 0.9451285 0.2497748 0.9454168 0.1832544 0.899505 0.1764615 0.9032281 0.1748101 0.9007647 0.2138054 0.8971692 0.2061207 0.8957726 0.2063869 0.8927754 0.2067677 0.9868739 0.2167809 0.9839223 0.218248 0.9874058 0.161282 0.9202226 0.1585758 0.9189042 0.1629132 0.9119092 0.1950598 0.9880301 0.2067677 0.9868739 0.2077561 0.9910252 0.2338785 0.9088678 0.2278795 0.9038025 0.2296042 0.9013464 0.2389271 0.9149302 0.2338785 0.9088678 0.2360448 0.9067098 0.2454871 0.929257 0.2484478 0.9284707 0.2498574 0.9368547 0.2560142 0.9263255 0.2526541 0.9170798 0.2553562 0.9158218 0.1629132 0.9119092 0.1585758 0.9189042 0.1517031 0.9154287 0.2360448 0.9067098 0.2414373 0.9011115 0.2477433 0.9085901 0.1554505 0.9268823 0.147808 0.9244828 0.1517031 0.9154287 0.1952283 0.9928818 0.1975283 1.005421 0.1802176 1.009683 0.2223899 0.8971474 0.2145838 0.8942613 0.2164967 0.8867492 0.1554505 0.9268823 0.1537315 0.9359452 0.1450373 0.9346134 0.2484478 0.9284707 0.2456033 0.9205022 0.2526541 0.9170798 0.2345482 0.9765318 0.2407609 0.9824077 0.2325828 0.9896838 0.1537315 0.9359452 0.1532701 0.9462199 0.1433798 0.9459137 0.2498574 0.9368547 0.2577184 0.9360536 0.2577066 0.9459903 0.2296042 0.9013464 0.2339417 0.8948881 0.2414373 0.9011115 0.1532701 0.9462199 0.1539945 0.9583137 0.142468 0.9588637 0.2456033 0.9205022 0.2414203 0.9131805 0.2477433 0.9085901 0.1573811 0.9728698 0.1418319 0.9739822 0.142468 0.9588637 0.2481666 0.9539174 0.2559064 0.9559068 0.2524914 0.9654175 0.218248 0.9874058 0.2271773 0.9825457 0.2325828 0.9896838 0.2345482 0.9765318 0.2405388 0.9696624 0.2474024 0.9742444 0.2498574 0.9368547 0.2484478 0.9284707 0.2560142 0.9263255 0.1980386 0.8927124 0.1972557 0.8850707 0.206968 0.885111 0.2481666 0.9539174 0.2497748 0.9454168 0.2577066 0.9459903 0.1980386 0.8927124 0.1898435 0.8940751 0.1877959 0.8867189 0.218248 0.9874058 0.2228087 0.9959587 0.2113131 1.001203 0.1820316 0.8967905 0.1788057 0.8899238 0.1877959 0.8867189 0.2405388 0.9696624 0.2450798 0.9620684 0.2524914 0.9654175 0.1820316 0.8967905 0.1748101 0.9007647 0.1705205 0.8945595 0.2063869 0.8927754 0.206968 0.885111 0.2164967 0.8867492 0.1683693 0.9058733 0.1631469 0.9004682 0.1705205 0.8945595 0.1952283 0.9928818 0.2077561 0.9910252 0.2113131 1.001203 0.1683693 0.9058733 0.1629132 0.9119092 0.1568533 0.9074786 0.2589694 0.9567351 0.2997435 0.9667753 0.2940214 0.9831255 0.2407609 0.9824077 0.2431148 0.9846331 0.2346577 0.9923717 0.1450373 0.9346134 0.1433798 0.9459137 0.1398229 0.9454771 0.2577184 0.9360536 0.2607122 0.9357951 0.2607331 0.946255 0.2339417 0.8948881 0.2356241 0.8924641 0.2435261 0.8990113 0.1433798 0.9459137 0.142468 0.9588637 0.1385124 0.9585364 0.2477433 0.9085901 0.2501768 0.906883 0.2553562 0.9158218 0.142468 0.9588637 0.1418319 0.9739822 0.1370763 0.9732162 0.2524914 0.9654175 0.2559064 0.9559068 0.2589694 0.9567351 0.2325828 0.9896838 0.2346577 0.9923717 0.2245943 0.9991305 0.2474024 0.9742444 0.2499864 0.9759974 0.2431148 0.9846331 0.2560142 0.9263255 0.2589037 0.9255555 0.2607122 0.9357951 0.1972557 0.8850707 0.1970008 0.8821489 0.2072431 0.8820708 0.2559064 0.9559068 0.2577066 0.9459903 0.2607331 0.946255 0.1877959 0.8867189 0.1870573 0.8839135 0.1970008 0.8821489 0.2228087 0.9959587 0.2245943 0.9991305 0.2128174 1.004945 0.1788057 0.8899238 0.1776161 0.8872994 0.1870573 0.8839135 0.2524914 0.9654175 0.2551696 0.9666582 0.2499864 0.9759974 0.1705205 0.8945595 0.1689234 0.8921818 0.1776161 0.8872994 0.2164967 0.8867492 0.206968 0.885111 0.2072431 0.8820708 0.1631469 0.9004682 0.1611936 0.8983926 0.1689234 0.8921818 0.2113131 1.001203 0.2128174 1.004945 0.1988199 1.009996 0.1631469 0.9004682 0.1568533 0.9074786 0.1545959 0.9057486 0.2339417 0.8948881 0.2255179 0.8900711 0.2267456 0.8874169 0.1568533 0.9074786 0.1517031 0.9154287 0.1492478 0.9140802 0.2414373 0.9011115 0.2435261 0.8990113 0.2501768 0.906883 0.1517031 0.9154287 0.147808 0.9244828 0.144831 0.9234042 0.1975283 1.005421 0.1988199 1.009996 0.1821722 1.014852 0.2255179 0.8900711 0.2164967 0.8867492 0.2172328 0.8840349 0.147808 0.9244828 0.1450373 0.9346134 0.1418446 0.9339073 0.2346577 0.9923717 0.2640284 1.023964 0.2510654 1.034577 0.2499864 0.9759974 0.2859094 0.9982289 0.2757751 1.011872 0.2589037 0.9255555 0.2996576 0.9145646 0.3027173 0.9319562 0.2072431 0.8820708 0.1970008 0.8821489 0.1933919 0.8419244 0.2607331 0.946255 0.3027173 0.9495449 0.2997435 0.9667753 0.1970008 0.8821489 0.1870573 0.8839135 0.1768647 0.8454462 0.2245943 0.9991305 0.2510654 1.034577 0.2372522 1.043957 0.1870573 0.8839135 0.1776161 0.8872994 0.1614966 0.8516814 0.2551696 0.9666582 0.2940214 0.9831255 0.2859094 0.9982289 0.1776161 0.8872994 0.1689234 0.8921818 0.147729 0.8602463 0.2172328 0.8840349 0.2072431 0.8820708 0.2105333 0.8413851 0.1689234 0.8921818 0.1611936 0.8983926 0.1358683 0.8706736 0.2128174 1.004945 0.2372522 1.043957 0.222904 1.052547 0.1545959 0.9057486 0.1260594 0.8824546 0.1358683 0.8706736 0.2267456 0.8874169 0.2441601 0.8495506 0.2595074 0.8580548 0.1545959 0.9057486 0.1492478 0.9140802 0.1182662 0.8950911 0.2435261 0.8990113 0.2731636 0.8692053 0.2846528 0.8826504 0.1492478 0.9140802 0.144831 0.9234042 0.1122513 0.9081944 0.1934806 1.038523 0.1821722 1.014852 0.1988199 1.009996 0.1988199 1.009996 0.222904 1.052547 0.1934806 1.038523 0.2172328 0.8840349 0.2276552 0.8439489 0.2441601 0.8495506 0.144831 0.9234042 0.1418446 0.9339073 0.1076711 0.9214613 0.2553562 0.9158218 0.29358 0.8979426 0.2996576 0.9145646 0.2431148 0.9846331 0.2757751 1.011872 0.2640284 1.023964 0.1418446 0.9339073 0.1398229 0.9454771 0.1040019 0.934659 0.2607122 0.9357951 0.3027173 0.9319562 0.3027173 0.9495449 0.2356241 0.8924641 0.2595074 0.8580548 0.2731636 0.8692053 0.1398229 0.9454771 0.1385124 0.9585364 0.1005975 0.9477069 0.2501768 0.906883 0.2846528 0.8826504 0.29358 0.8979426 0.1005975 0.9477069 0.1385124 0.9585364 0.1164855 0.967914 0.1370763 0.9732162 0.1164855 0.967914 0.1385124 0.9585364 0.2195518 0.3810507 0.2011553 0.3570117 0.186507 0.364236 0.2411895 0.4104571 0.2457877 0.3950748 0.2195518 0.3810507 0.4259003 0.9439861 0.4302898 0.9344393 0.4464951 0.9402661 0.4012403 0.9623928 0.3919055 0.9661738 0.3916129 0.965192 0.336892 0.9509441 0.3376353 0.9502735 0.344794 0.9567806 0.3946313 0.868936 0.3942825 0.8700065 0.3834796 0.8676234 0.431747 0.9036176 0.4282494 0.893757 0.4442465 0.886687 0.4302898 0.9344393 0.4327691 0.9242966 0.4497238 0.9269565 0.4120115 0.9599442 0.4197396 0.9525945 0.4328004 0.9641368 0.3839613 0.9895115 0.3823859 0.9718961 0.3929884 0.9698092 0.328741 0.8960785 0.3296568 0.8965194 0.3263479 0.9056159 0.3244857 0.9247563 0.3254631 0.9246039 0.327855 0.9338392 0.3500687 0.8733759 0.3604695 0.8687546 0.3608285 0.8698708 0.4249099 0.8953538 0.4281949 0.9045199 0.4272376 0.9047604 0.3253792 0.9053714 0.3263479 0.9056159 0.3249471 0.9150834 0.4327691 0.9242966 0.4332617 0.913908 0.4504188 0.9133206 0.4197396 0.9525945 0.4259003 0.9439861 0.4408022 0.9528084 0.3929884 0.9698092 0.4029762 0.9657514 0.4109502 0.9814839 0.3946313 0.868936 0.4045296 0.8733974 0.4039942 0.8743365 0.3339996 0.8874273 0.3411605 0.879737 0.3418755 0.8805599 0.3620091 0.9663751 0.3622843 0.9653927 0.3720068 0.967175 0.4332617 0.913908 0.431747 0.9036176 0.4485794 0.8997721 0.4282494 0.893757 0.4228252 0.8846433 0.4374693 0.8744102 0.4029762 0.9657514 0.4120115 0.9599442 0.4227367 0.9738232 0.4281949 0.9045199 0.4296136 0.9141027 0.4286301 0.9141513 0.4228252 0.8846433 0.4155519 0.8765872 0.428276 0.8632915 0.3526585 0.9627879 0.353106 0.961879 0.3622843 0.9653927 0.4155519 0.8765872 0.4065303 0.8699123 0.4166805 0.8537556 0.4096814 0.9569941 0.4012403 0.9623928 0.4007722 0.9614863 0.4065303 0.8699123 0.395959 0.8649712 0.402763 0.846385 0.3411605 0.879737 0.3500687 0.8733759 0.3506258 0.8743643 0.395959 0.8649712 0.3841007 0.8621705 0.3868227 0.8419717 0.4129865 0.8794927 0.4122986 0.8802754 0.4039942 0.8743365 0.3841007 0.8621705 0.3715108 0.8619107 0.3697097 0.8413851 0.3310809 0.9430229 0.3319361 0.9425132 0.3376353 0.9502735 0.3697097 0.8413851 0.3715108 0.8619107 0.3591428 0.8646132 0.4096814 0.9569941 0.4090569 0.9561942 0.4161588 0.9494885 0.3529183 0.845071 0.3591428 0.8646132 0.3479639 0.8697205 0.3836106 0.8664667 0.3834796 0.8676234 0.3720628 0.8674284 0.3379642 0.8524348 0.3479639 0.8697205 0.3384672 0.8767064 0.3719434 0.8662491 0.3720628 0.8674284 0.3608285 0.8698708 0.3255939 0.8624097 0.3384672 0.8767064 0.3308809 0.8850855 0.3239569 0.9150383 0.3249471 0.9150834 0.3254631 0.9246039 0.3159779 0.8740715 0.3308809 0.8850855 0.3253207 0.8944469 0.4268126 0.9332379 0.4226919 0.942134 0.4218289 0.9416289 0.3090381 0.8867905 0.3253207 0.8944469 0.3217665 0.9044879 0.4226919 0.942134 0.4169169 0.9501524 0.4161588 0.9494885 0.3046563 0.9001821 0.3217665 0.9044879 0.3202731 0.914892 0.3339996 0.8874273 0.334833 0.8880643 0.3296568 0.8965194 0.3027916 0.913957 0.3202731 0.914892 0.3208554 0.9253419 0.3441907 0.9575853 0.344794 0.9567806 0.353106 0.961879 0.3034713 0.9278435 0.3208554 0.9253419 0.3235 0.9354383 0.4268126 0.9332379 0.4258762 0.9329084 0.4281684 0.9236414 0.3067899 0.9415452 0.3235 0.9354383 0.3279183 0.9449259 0.3719183 0.9681962 0.3720068 0.967175 0.3819012 0.9671038 0.3132248 0.9540331 0.3279183 0.9449259 0.3341346 0.9534502 0.4198136 0.8869114 0.4190043 0.887522 0.4122986 0.8802754 0.3216267 0.9647625 0.3341346 0.9534502 0.3419684 0.9605696 0.429145 0.9237844 0.4281684 0.9236414 0.4286301 0.9141513 0.3314621 0.974092 0.3419684 0.9605696 0.3510121 0.9661543 0.3269246 0.9341763 0.327855 0.9338392 0.3319361 0.9425132 0.3430455 0.9815785 0.3510121 0.9661543 0.3610022 0.9700114 0.4249099 0.8953538 0.4240109 0.8957827 0.4190043 0.887522 0.06546723 0.8311188 0.4654642 0.1728588 0.4706848 0.1792673 0.3559926 0.9868121 0.3610022 0.9700114 0.3715869 0.9719721 0.3820046 0.9681226 0.3819012 0.9671038 0.3916129 0.965192 0.3698126 0.9895115 0.3715869 0.9719721 0.3823859 0.9718961 0 0 0 0 0 0 0 0 0 0 0 0 0.3823859 0.9718961 0.3820046 0.9681226 0.3919055 0.9661738 0.4282494 0.893757 0.4249099 0.8953538 0.4198136 0.8869114 0.3279183 0.9449259 0.3235 0.9354383 0.3269246 0.9341763 0.4327691 0.9242966 0.429145 0.9237844 0.4296136 0.9141027 0.4228252 0.8846433 0.4198136 0.8869114 0.4129865 0.8794927 0.3715869 0.9719721 0.3719183 0.9681962 0.3820046 0.9681226 0.4302898 0.9344393 0.4268126 0.9332379 0.429145 0.9237844 0.3510121 0.9661543 0.3419684 0.9605696 0.3441907 0.9575853 0.3253207 0.8944469 0.3308809 0.8850855 0.3339996 0.8874273 0.4197396 0.9525945 0.4169169 0.9501524 0.4226919 0.942134 0.4259003 0.9439861 0.4226919 0.942134 0.4268126 0.9332379 0.3202731 0.914892 0.3239569 0.9150383 0.3244857 0.9247563 0.3591428 0.8646132 0.3715108 0.8619107 0.3719434 0.8662491 0.3715108 0.8619107 0.3841007 0.8621705 0.3836106 0.8664667 0.4120115 0.9599442 0.4096814 0.9569941 0.4169169 0.9501524 0.3341346 0.9534502 0.3279183 0.9449259 0.3310809 0.9430229 0.4155519 0.8765872 0.4129865 0.8794927 0.4045296 0.8733974 0.3384672 0.8767064 0.3479639 0.8697205 0.3500687 0.8733759 0.4029762 0.9657514 0.4012403 0.9623928 0.4096814 0.9569941 0.3610022 0.9700114 0.3510121 0.9661543 0.3526585 0.9627879 0.4332617 0.913908 0.4296136 0.9141027 0.4281949 0.9045199 0.3610022 0.9700114 0.3620091 0.9663751 0.3719183 0.9681962 0.3308809 0.8850855 0.3384672 0.8767064 0.3411605 0.879737 0.4065303 0.8699123 0.4045296 0.8733974 0.3946313 0.868936 0.3202731 0.914892 0.3217665 0.9044879 0.3253792 0.9053714 0.431747 0.9036176 0.4281949 0.9045199 0.4249099 0.8953538 0.3479639 0.8697205 0.3591428 0.8646132 0.3604695 0.8687546 0.3208554 0.9253419 0.3244857 0.9247563 0.3269246 0.9341763 0.3217665 0.9044879 0.3253207 0.8944469 0.328741 0.8960785 0.3841007 0.8621705 0.395959 0.8649712 0.3946313 0.868936 0.3419684 0.9605696 0.3341346 0.9534502 0.336892 0.9509441 0.3929884 0.9698092 0.3919055 0.9661738 0.4012403 0.9623928 1.019985 0.5479454 1.00964 0.64929 0.5419067 0.1581377 0.9332131 0.2586603 0.9810232 0.3488036 0.5395895 0.133809 0.129951 0.9102633 0.4706848 0.1792673 0.477055 0.1845379 0.8687294 0.1795142 0.9332131 0.2586603 0.5357188 0.1265115 0.6969655 1.026268 0.5991964 1.055271 0.5086761 0.1910073 0.2115396 0.1110153 0.4772906 0.1145577 0.4708852 0.1197529 0.2086303 0.9753682 0.477055 0.1845379 0.4843295 0.1884688 0.9796839 0.7466209 0.9312683 0.8362009 0.5355615 0.1732701 0.6026292 0.03569895 0.7001989 0.06585001 0.5168536 0.1109002 0.3994833 0.03450709 0.4925069 0.1083629 0.4845913 0.1107114 -0.01856356 0.5363137 0.4584387 0.149437 0.4592211 0.1576529 -0.01096022 0.4404894 0.4592765 0.1412318 0.4584387 0.149437 0.9810232 0.3488036 1.010323 0.4464836 0.5419617 0.141717 0.7900502 0.1144109 0.8687294 0.1795142 0.5304979 0.1201028 0.7001989 0.06585001 0.7900502 0.1144109 0.524128 0.1148321 0.5010899 0.02511519 0.5007333 0.107603 0.4925069 0.1083629 0.2984815 1.023928 0.4843295 0.1884688 0.4922291 0.1909106 1.010323 0.4464836 1.019985 0.5479454 0.5427441 0.1499329 1.00964 0.64929 0.9796839 0.7466209 0.5394812 0.1660183 0.8662543 0.9145859 0.7871397 0.9787627 0.5238925 0.1848125 -0.009445011 0.6400977 0.4592211 0.1576529 0.4615933 0.1655603 0.5991964 1.055271 0.49759 1.064663 0.5004498 0.1917681 0.06741112 0.2535784 0.4656215 0.1260998 0.4617016 0.1333511 0.1324251 0.1751934 0.4708852 0.1197529 0.4656215 0.1260998 0.9312683 0.8362009 0.8662543 0.9145859 0.5302978 0.1796162 0.01899552 0.3431568 0.4617016 0.1333511 0.4592765 0.1412318 0.3960515 1.054079 0.4922291 0.1909106 0.5004498 0.1917681 0.301714 0.06351089 0.4845913 0.1107114 0.4772906 0.1145577 0.5010899 0.02511519 0.6026292 0.03569895 0.5089539 0.1084591 0.01765674 0.7409753 0.4615933 0.1655603 0.4654642 0.1728588 0.7871397 0.9787627 0.6969655 1.026268 0.5165917 0.1886594 0.6091188 0.4425324 0.6070718 0.444584 0.6039696 0.4408659 0.6075986 0.4323033 0.607592 0.4342291 0.6072049 0.4361203 0.6072049 0.4361203 0.6064512 0.4379025 0.6075986 0.4323033 0.605359 0.4395055 0.6039696 0.4408659 0.6023359 0.4419292 0.6023359 0.4419292 0.6005206 0.4426511 0.605359 0.4395055 0.5985942 0.4429991 0.5966187 0.4430252 0.5947052 0.4426729 0.5947052 0.4426729 0.5929091 0.4419525 0.5912986 0.4408923 0.5912986 0.4408923 0.5899328 0.4395364 0.5877593 0.4342536 0.5888605 0.4379351 0.5881246 0.43615 0.5877593 0.4342536 0.5877593 0.4342536 0.5877417 0.4322977 0.5881428 0.4304029 0.5881428 0.4304029 0.5889121 0.4286248 0.5877593 0.4342536 0.5899828 0.4269869 0.5913786 0.4256371 0.5967403 0.4234552 0.593014 0.4245821 0.5948285 0.423868 0.5967403 0.4234552 0.5967403 0.4234552 0.5986891 0.423485 0.600598 0.4238889 0.600598 0.4238889 0.6023939 0.4246568 0.5967403 0.4234552 0.6040353 0.4256985 0.6054124 0.4270534 0.6075986 0.4323033 0.606488 0.4286454 0.6072255 0.4304175 0.6075986 0.4323033 0.6075986 0.4323033 0.6064512 0.4379025 0.605359 0.4395055 0.605359 0.4395055 0.6005206 0.4426511 0.5985942 0.4429991 0.5985942 0.4429991 0.5947052 0.4426729 0.5877593 0.4342536 0.5899328 0.4395364 0.5888605 0.4379351 0.5877593 0.4342536 0.5877593 0.4342536 0.5889121 0.4286248 0.5899828 0.4269869 0.5913786 0.4256371 0.593014 0.4245821 0.5967403 0.4234552 0.5967403 0.4234552 0.6023939 0.4246568 0.6040353 0.4256985 0.6054124 0.4270534 0.606488 0.4286454 0.6075986 0.4323033 0.6075986 0.4323033 0.605359 0.4395055 0.5877593 0.4342536 0.5947052 0.4426729 0.5912986 0.4408923 0.5877593 0.4342536 0.5877593 0.4342536 0.5899828 0.4269869 0.5967403 0.4234552 0.5967403 0.4234552 0.6040353 0.4256985 0.6075986 0.4323033 0.605359 0.4395055 0.5985942 0.4429991 0.5877593 0.4342536 0.5829782 0.4318349 0.5877417 0.4322977 0.5877593 0.4342536 0.6123622 0.4346306 0.6118155 0.4374567 0.6072049 0.4361203 0.5846328 0.4263204 0.5863066 0.4239535 0.5899828 0.4269869 0.5907263 0.4203183 0.593014 0.4245821 0.5913786 0.4256371 0.5961579 0.4478188 0.5966187 0.4430252 0.5985942 0.4429991 0.5863104 0.4426291 0.5846711 0.4402738 0.5888605 0.4379351 0.6019732 0.4192627 0.600598 0.4238889 0.5986891 0.423485 0.6070123 0.4220163 0.6040353 0.4256985 0.6023939 0.4246568 0.599075 0.4478931 0.5985942 0.4429991 0.6005206 0.4426511 0.6090236 0.4239954 0.6106296 0.4263355 0.606488 0.4286454 0.5962836 0.4187072 0.5991446 0.4187072 0.5986891 0.423485 0.6117532 0.4289569 0.6123403 0.4317591 0.6075986 0.4323033 0.6046556 0.4462009 0.6019581 0.4473199 0.6005206 0.4426511 0.5863104 0.4426291 0.5899328 0.4395364 0.5912986 0.4408923 0.6118155 0.4374567 0.6107204 0.4401255 0.6064512 0.4379025 0.6091188 0.4425324 0.605359 0.4395055 0.6064512 0.4379025 0.6123622 0.4346306 0.607592 0.4342291 0.6075986 0.4323033 0.5907263 0.4203183 0.5934217 0.4191961 0.5948285 0.423868 0.5829782 0.4318349 0.5835286 0.4290131 0.5881428 0.4304029 0.6070718 0.444584 0.6046556 0.4462009 0.6023359 0.4419292 0.5883579 0.444602 0.5912986 0.4408923 0.5929091 0.4419525 0.5829125 0.4347495 0.5877593 0.4342536 0.5881246 0.43615 0.6117532 0.4289569 0.6072255 0.4304175 0.606488 0.4286454 0.5883281 0.4219295 0.5913786 0.4256371 0.5899828 0.4269869 0.5961579 0.4478188 0.5933387 0.447274 0.5947052 0.4426729 0.6070123 0.4220163 0.6090236 0.4239954 0.6054124 0.4270534 0.5907202 0.4461345 0.5929091 0.4419525 0.5947052 0.4426729 0.5962836 0.4187072 0.5967403 0.4234552 0.5948285 0.423868 0.6019732 0.4192627 0.6046579 0.4203655 0.6023939 0.4246568 0.5835286 0.4290131 0.5846328 0.4263204 0.5889121 0.4286248 0.5846711 0.4402738 0.5835179 0.437616 0.5881246 0.43615 0.1624494 0.9703009 0.1573811 0.9728698 0.1539945 0.9583137 0.181809 0.9866649 0.1950598 0.9880301 0.1952283 0.9928818</float_array>
          <technique_common>
            <accessor source="#foglight_carello-mesh-map-0-array" count="3480" stride="2">
              <param name="S" type="float"/>
              <param name="T" type="float"/>
            </accessor>
          </technique_common>
        </source>
        <vertices id="foglight_carello-mesh-vertices">
          <input semantic="POSITION" source="#foglight_carello-mesh-positions"/>
        </vertices>
        <triangles material="bug_chrome-material" count="558">
          <input semantic="VERTEX" source="#foglight_carello-mesh-vertices" offset="0"/>
          <input semantic="NORMAL" source="#foglight_carello-mesh-normals" offset="1"/>
          <input semantic="TEXCOORD" source="#foglight_carello-mesh-map-0" offset="2" set="0"/>
          <p>424 0 0 396 1 1 423 2 2 397 3 3 424 0 4 425 4 5 425 4 6 399 5 7 427 6 8 423 2 9 404 7 10 426 8 11 398 9 12 402 10 13 403 11 14 395 12 15 399 5 16 394 13 17 398 9 18 404 7 19 396 1 20 395 12 21 401 14 22 400 15 23 429 16 24 411 17 25 431 18 26 406 19 27 413 20 28 412 21 29 410 22 30 430 23 31 428 24 32 408 25 33 415 26 34 409 27 35 406 19 36 411 17 37 405 28 38 410 22 39 415 26 40 416 29 41 434 30 42 440 31 43 439 32 44 434 30 45 435 33 46 420 34 47 417 35 48 433 36 49 434 30 50 419 37 51 433 36 52 418 38 53 428 24 54 413 20 55 407 39 56 408 25 57 431 18 58 414 40 59 423 2 60 401 14 61 393 41 62 425 4 63 402 10 64 397 3 65 425 4 66 395 12 67 394 13 68 395 12 69 423 2 70 393 41 71 438 42 72 436 43 73 440 31 74 440 31 75 435 33 76 439 32 77 432 44 78 437 45 79 438 42 80 420 34 81 436 43 82 421 46 83 433 36 84 438 42 85 440 31 86 421 46 87 437 45 88 422 47 89 446 48 90 445 49 91 442 50 92 449 51 93 451 52 94 447 53 95 446 48 96 451 52 97 445 49 98 443 54 99 450 55 100 449 51 101 442 50 102 448 56 103 441 57 104 441 57 105 452 58 106 446 48 107 444 59 108 451 52 109 450 55 110 442 50 111 449 51 112 447 53 113 453 60 114 456 61 115 455 62 116 461 63 117 464 64 118 459 65 119 458 66 120 463 67 121 457 68 122 456 61 123 461 63 124 455 62 125 453 60 126 459 65 127 460 69 128 458 66 129 460 69 130 464 64 131 457 68 132 462 70 133 456 61 134 455 62 135 459 65 136 454 71 137 466 72 138 473 73 139 472 74 140 470 75 141 475 76 142 476 77 143 478 78 144 471 79 145 480 80 146 470 75 147 479 81 148 477 82 149 468 83 150 475 76 151 469 84 152 466 72 153 471 79 154 465 85 155 477 82 156 473 73 157 467 86 158 468 83 159 480 80 160 474 87 161 486 88 162 491 89 163 492 90 164 481 91 165 488 92 166 487 93 167 483 94 168 488 92 169 482 95 170 607 96 171 487 93 172 608 97 173 486 88 174 495 98 175 493 99 176 484 100 177 491 89 178 485 101 179 493 99 180 606 102 181 605 103 182 494 104 183 490 105 184 484 100 185 497 106 186 500 107 187 498 108 188 506 109 189 508 110 190 504 111 191 502 112 192 507 113 193 501 114 194 500 107 195 505 115 196 499 116 197 497 106 198 503 117 199 504 111 200 497 106 201 508 110 202 502 112 203 500 107 204 507 113 205 506 109 206 498 108 207 505 115 208 503 117 209 528 118 210 559 119 211 560 120 212 704 121 213 593 122 214 589 123 215 516 124 216 547 125 217 515 126 218 539 127 219 572 128 220 571 129 221 520 130 222 556 131 223 524 132 224 511 133 225 549 134 226 517 135 227 540 136 228 560 120 229 572 128 230 523 137 231 544 138 232 512 139 233 519 140 234 550 141 235 518 142 236 525 143 237 561 144 238 557 145 239 521 146 240 552 147 241 520 130 242 529 148 243 562 149 244 561 144 245 517 135 246 554 150 247 522 151 248 530 152 249 563 153 250 562 149 251 524 132 252 555 154 253 523 137 254 531 155 255 564 156 256 563 153 257 510 157 258 557 145 259 542 158 260 532 159 261 565 160 262 564 156 263 522 151 264 558 161 265 526 162 266 533 163 267 566 164 268 565 160 269 509 165 270 546 166 271 514 167 272 534 168 273 567 169 274 566 164 275 513 170 276 548 171 277 516 124 278 535 172 279 568 173 280 567 169 281 526 162 282 559 119 283 527 174 284 510 157 285 541 175 286 509 165 287 536 176 288 569 177 289 568 173 290 515 126 291 551 178 292 519 140 293 512 139 294 543 179 295 511 133 296 537 180 297 570 181 298 569 177 299 518 142 300 553 182 301 521 146 302 514 167 303 545 183 304 513 170 305 538 184 306 571 129 307 570 181 308 600 185 309 587 186 310 584 187 311 705 188 312 584 187 313 706 189 314 703 190 315 594 191 316 593 122 317 708 192 318 586 193 319 709 194 320 707 195 321 595 196 322 594 191 323 711 197 324 587 186 325 712 198 326 710 199 327 596 200 328 595 196 329 714 201 330 589 123 331 574 202 332 713 203 333 597 204 334 596 200 335 709 194 336 590 205 337 716 206 338 715 207 339 598 208 340 597 204 341 719 209 342 573 210 343 578 211 344 717 212 345 599 213 346 598 208 347 721 214 348 580 215 349 722 216 350 720 217 351 600 185 352 599 213 353 716 206 354 591 218 355 724 219 356 718 220 357 574 202 358 573 210 359 725 221 360 600 185 361 723 222 362 726 223 363 583 224 364 727 225 365 728 226 366 575 227 367 729 228 368 725 221 369 602 229 370 601 230 371 731 231 372 585 232 373 705 188 374 719 209 375 577 233 376 721 214 377 730 234 378 603 235 379 602 229 380 724 219 381 592 236 382 733 237 383 722 216 384 579 238 385 726 223 386 732 239 387 604 240 388 603 235 389 706 189 390 588 241 391 711 197 392 708 192 393 575 227 394 581 242 395 733 237 396 604 240 397 734 243 398 712 198 399 576 244 400 728 226 401 727 225 402 582 245 403 731 231 404 605 103 405 489 246 406 483 94 407 494 104 408 608 97 409 496 247 410 613 248 411 619 249 412 620 250 413 697 251 414 616 252 415 617 253 416 609 254 417 660 255 418 614 256 419 613 248 420 621 257 421 699 258 422 698 259 423 617 253 424 618 260 425 610 261 426 614 256 427 615 262 428 699 258 429 622 263 430 700 264 431 612 265 432 618 260 433 619 249 434 611 266 435 615 262 436 616 252 437 659 267 438 700 264 439 622 263 440 617 253 441 625 268 442 626 269 443 614 256 444 660 255 445 623 270 446 620 250 447 630 271 448 621 257 449 618 260 450 626 269 451 627 272 452 615 262 453 623 270 454 624 273 455 621 257 456 631 274 457 622 263 458 619 249 459 627 272 460 628 275 461 616 252 462 624 273 463 625 268 464 659 267 465 622 263 466 631 274 467 619 249 468 629 276 469 620 250 470 659 267 471 631 274 472 640 277 473 628 275 474 638 278 475 629 276 476 626 269 477 634 279 478 635 280 479 623 270 480 660 255 481 632 281 482 629 276 483 639 282 484 630 271 485 627 272 486 635 280 487 636 283 488 624 273 489 632 281 490 633 284 491 630 271 492 640 277 493 631 274 494 627 272 495 637 285 496 628 275 497 625 268 498 633 284 499 634 279 500 636 283 501 646 286 502 637 285 503 633 284 504 643 287 505 634 279 506 659 267 507 640 277 508 649 288 509 638 278 510 646 286 511 647 289 512 634 279 513 644 290 514 635 280 515 632 281 516 660 255 517 641 291 518 639 282 519 647 289 520 648 292 521 635 280 522 645 293 523 636 283 524 632 281 525 642 294 526 633 284 527 640 277 528 648 292 529 649 288 530 641 291 531 651 295 532 642 294 533 649 288 534 657 296 535 658 297 536 645 293 537 655 298 538 646 286 539 642 294 540 652 299 541 643 287 542 659 267 543 649 288 544 658 297 545 647 289 546 655 298 547 656 300 548 643 287 549 653 301 550 644 290 551 641 291 552 660 255 553 650 302 554 648 292 555 656 300 556 657 296 557 644 290 558 654 303 559 645 293 560 654 303 561 664 304 562 665 305 563 651 295 564 661 306 565 662 307 566 657 296 567 669 308 568 658 297 569 654 303 570 666 309 571 655 298 572 652 299 573 662 307 574 663 310 575 659 267 576 658 297 577 669 308 578 655 298 579 667 311 580 656 300 581 653 301 582 663 310 583 664 304 584 650 302 585 660 255 586 661 306 587 656 300 588 668 312 589 657 296 590 661 306 591 660 255 592 670 313 593 667 311 594 677 314 595 668 312 596 665 305 597 673 315 598 674 316 599 662 307 600 670 313 601 671 317 602 668 312 603 678 318 604 669 308 605 666 309 606 674 316 607 675 319 608 663 310 609 671 317 610 672 320 611 659 267 612 669 308 613 678 318 614 666 309 615 676 321 616 667 311 617 664 304 618 672 320 619 673 315 620 676 321 621 684 322 622 685 323 623 672 320 624 682 324 625 673 315 626 670 313 627 660 255 628 679 325 629 677 314 630 685 323 631 686 326 632 673 315 633 683 327 634 674 316 635 670 313 636 680 328 637 671 317 638 678 318 639 686 326 640 687 329 641 675 319 642 683 327 643 684 322 644 671 317 645 681 330 646 672 320 647 659 267 648 678 318 649 687 329 650 680 328 651 690 331 652 681 330 653 659 267 654 687 329 655 696 332 656 685 323 657 693 333 658 694 334 659 681 330 660 691 335 661 682 324 662 679 325 663 660 255 664 688 336 665 686 326 666 694 334 667 695 337 668 682 324 669 692 338 670 683 327 671 679 325 672 689 339 673 680 328 674 687 329 675 695 337 676 696 332 677 683 327 678 693 333 679 684 322 680 692 338 681 612 265 682 693 333 683 689 339 684 611 266 685 690 331 686 659 267 687 696 332 688 700 264 689 694 334 690 612 265 691 613 248 692 690 331 693 697 251 694 691 335 695 688 336 696 660 255 697 609 254 698 695 337 699 613 248 700 699 258 701 691 335 702 698 259 703 692 338 704 688 336 705 610 261 706 689 339 707 696 332 708 699 258 709 700 264 710 550 141 711 727 225 712 731 231 713 544 138 714 712 198 715 728 226 716 572 128 717 733 237 718 734 243 719 549 134 720 729 228 721 708 192 722 556 131 723 706 189 724 711 197 725 572 128 726 732 239 727 571 129 728 547 125 729 722 216 730 726 223 731 560 120 732 724 219 733 733 237 734 571 129 735 730 234 736 570 181 737 546 166 738 721 214 739 545 183 740 553 182 741 731 231 742 705 188 743 570 181 744 725 221 745 569 177 746 544 138 747 729 228 748 543 179 749 551 178 750 726 223 751 727 225 752 569 177 753 723 222 754 568 173 755 542 158 756 718 220 757 541 175 758 559 119 759 716 206 760 724 219 761 568 173 762 720 217 763 567 169 764 548 171 765 721 214 766 722 216 767 566 164 768 720 217 769 717 212 770 546 166 771 718 220 772 719 209 773 566 164 774 715 207 775 565 160 776 558 161 777 709 194 778 716 206 779 565 160 780 713 203 781 564 156 782 557 145 783 714 201 784 542 158 785 564 156 786 710 199 787 563 153 788 555 154 789 711 197 790 712 198 791 563 153 792 707 195 793 562 149 794 554 150 795 708 192 796 709 194 797 562 149 798 703 190 799 561 144 800 552 147 801 705 188 802 706 189 803 561 144 804 704 121 805 557 145 806 424 0 807 398 9 808 396 1 809 397 3 810 398 9 811 424 0 812 425 4 813 394 13 814 399 5 815 423 2 816 396 1 817 404 7 818 398 9 819 397 3 820 402 10 821 395 12 822 400 15 823 399 5 824 398 9 825 403 11 826 404 7 827 395 12 828 393 41 829 401 14 830 429 16 831 405 28 832 411 17 833 406 19 834 407 39 835 413 20 836 410 22 837 416 29 838 430 23 839 408 25 840 414 40 841 415 26 842 406 19 843 412 21 844 411 17 845 410 22 846 409 27 847 415 26 848 434 30 849 433 36 850 440 31 851 434 30 852 439 32 853 435 33 854 417 35 855 418 38 856 433 36 857 419 37 858 432 44 859 433 36 860 428 24 861 430 23 862 413 20 863 408 25 864 429 16 865 431 18 866 423 2 867 426 8 868 401 14 869 425 4 870 427 6 871 402 10 872 425 4 873 424 0 874 395 12 875 395 12 876 424 0 877 423 2 878 438 42 879 437 45 880 436 43 881 440 31 882 436 43 883 435 33 884 432 44 885 422 47 886 437 45 887 420 34 888 435 33 889 436 43 890 433 36 891 432 44 892 438 42 893 421 46 894 436 43 895 437 45 896 443 54 897 442 50 898 445 49 899 441 57 900 446 48 901 442 50 902 445 49 903 444 59 904 443 54 905 448 56 906 447 53 907 452 58 908 449 51 909 450 55 910 451 52 911 451 52 912 452 58 913 447 53 914 446 48 915 452 58 916 451 52 917 443 54 918 444 59 919 450 55 920 442 50 921 447 53 922 448 56 923 441 57 924 448 56 925 452 58 926 444 59 927 445 49 928 451 52 929 442 50 930 443 54 931 449 51 932 455 62 933 454 71 934 453 60 935 453 60 936 458 66 937 457 68 938 457 68 939 456 61 940 453 60 941 460 69 942 459 65 943 464 64 944 461 63 945 462 70 946 463 67 947 463 67 948 464 64 949 461 63 950 458 66 951 464 64 952 463 67 953 456 61 954 462 70 955 461 63 956 453 60 957 454 71 958 459 65 959 458 66 960 453 60 961 460 69 962 457 68 963 463 67 964 462 70 965 455 62 966 461 63 967 459 65 968 466 72 969 467 86 970 473 73 971 470 75 972 469 84 973 475 76 974 478 78 975 465 85 976 471 79 977 470 75 978 476 77 979 479 81 980 468 83 981 474 87 982 475 76 983 466 72 984 472 74 985 471 79 986 477 82 987 479 81 988 473 73 989 468 83 990 478 78 991 480 80 992 486 88 993 485 101 994 491 89 995 481 91 996 482 95 997 488 92 998 483 94 999 489 246 1000 488 92 1001 607 96 1002 481 91 1003 487 93 1004 486 88 1005 492 90 1006 495 98 1007 484 100 1008 490 105 1009 491 89 1010 493 99 1011 495 98 1012 606 102 1013 494 104 1014 496 247 1015 490 105 1016 499 116 1017 498 108 1018 500 107 1019 497 106 1020 502 112 1021 500 107 1022 501 114 1023 500 107 1024 502 112 1025 504 111 1026 503 117 1027 506 109 1028 505 115 1029 506 109 1030 503 117 1031 507 113 1032 508 110 1033 506 109 1034 502 112 1035 508 110 1036 507 113 1037 500 107 1038 506 109 1039 505 115 1040 497 106 1041 498 108 1042 503 117 1043 497 106 1044 504 111 1045 508 110 1046 500 107 1047 501 114 1048 507 113 1049 498 108 1050 499 116 1051 505 115 1052 528 118 1053 527 174 1054 559 119 1055 704 121 1056 703 190 1057 593 122 1058 516 124 1059 548 171 1060 547 125 1061 539 127 1062 540 136 1063 572 128 1064 520 130 1065 552 147 1066 556 131 1067 511 133 1068 543 179 1069 549 134 1070 540 136 1071 528 118 1072 560 120 1073 523 137 1074 555 154 1075 544 138 1076 519 140 1077 551 178 1078 550 141 1079 525 143 1080 529 148 1081 561 144 1082 521 146 1083 553 182 1084 552 147 1085 529 148 1086 530 152 1087 562 149 1088 517 135 1089 549 134 1090 554 150 1091 530 152 1092 531 155 1093 563 153 1094 524 132 1095 556 131 1096 555 154 1097 531 155 1098 532 159 1099 564 156 1100 510 157 1101 525 143 1102 557 145 1103 532 159 1104 533 163 1105 565 160 1106 522 151 1107 554 150 1108 558 161 1109 533 163 1110 534 168 1111 566 164 1112 509 165 1113 541 175 1114 546 166 1115 534 168 1116 535 172 1117 567 169 1118 513 170 1119 545 183 1120 548 171 1121 535 172 1122 536 176 1123 568 173 1124 526 162 1125 558 161 1126 559 119 1127 510 157 1128 542 158 1129 541 175 1130 536 176 1131 537 180 1132 569 177 1133 515 126 1134 547 125 1135 551 178 1136 512 139 1137 544 138 1138 543 179 1139 537 180 1140 538 184 1141 570 181 1142 518 142 1143 550 141 1144 553 182 1145 514 167 1146 546 166 1147 545 183 1148 538 184 1149 539 127 1150 571 129 1151 584 187 1152 585 232 1153 579 238 1154 582 245 1155 583 224 1156 579 238 1157 579 238 1158 580 215 1159 577 233 1160 577 233 1161 578 211 1162 579 238 1163 573 210 1164 574 202 1165 589 123 1166 589 123 1167 593 122 1168 594 191 1169 594 191 1170 595 196 1171 596 200 1172 596 200 1173 597 204 1174 600 185 1175 598 208 1176 599 213 1177 597 204 1178 600 185 1179 601 230 1180 602 229 1181 602 229 1182 603 235 1183 600 185 1184 604 240 1185 592 236 1186 591 218 1187 591 218 1188 590 205 1189 586 193 1190 586 193 1191 581 242 1192 587 186 1193 575 227 1194 576 244 1195 581 242 1196 587 186 1197 588 241 1198 584 187 1199 585 232 1200 582 245 1201 579 238 1202 579 238 1203 578 211 1204 573 210 1205 573 210 1206 589 123 1207 600 185 1208 594 191 1209 596 200 1210 600 185 1211 599 213 1212 600 185 1213 597 204 1214 603 235 1215 604 240 1216 600 185 1217 591 218 1218 586 193 1219 600 185 1220 576 244 1221 587 186 1222 581 242 1223 584 187 1224 579 238 1225 600 185 1226 589 123 1227 594 191 1228 600 185 1229 600 185 1230 604 240 1231 591 218 1232 586 193 1233 587 186 1234 600 185 1235 579 238 1236 573 210 1237 600 185 1238 705 188 1239 585 232 1240 584 187 1241 703 190 1242 707 195 1243 594 191 1244 708 192 1245 581 242 1246 586 193 1247 707 195 1248 710 199 1249 595 196 1250 711 197 1251 588 241 1252 587 186 1253 710 199 1254 713 203 1255 596 200 1256 714 201 1257 704 121 1258 589 123 1259 713 203 1260 715 207 1261 597 204 1262 709 194 1263 586 193 1264 590 205 1265 715 207 1266 717 212 1267 598 208 1268 719 209 1269 718 220 1270 573 210 1271 717 212 1272 720 217 1273 599 213 1274 721 214 1275 577 233 1276 580 215 1277 720 217 1278 723 222 1279 600 185 1280 716 206 1281 590 205 1282 591 218 1283 718 220 1284 714 201 1285 574 202 1286 725 221 1287 601 230 1288 600 185 1289 726 223 1290 579 238 1291 583 224 1292 728 226 1293 576 244 1294 575 227 1295 725 221 1296 730 234 1297 602 229 1298 731 231 1299 582 245 1300 585 232 1301 719 209 1302 578 211 1303 577 233 1304 730 234 1305 732 239 1306 603 235 1307 724 219 1308 591 218 1309 592 236 1310 722 216 1311 580 215 1312 579 238 1313 732 239 1314 734 243 1315 604 240 1316 706 189 1317 584 187 1318 588 241 1319 708 192 1320 729 228 1321 575 227 1322 733 237 1323 592 236 1324 604 240 1325 712 198 1326 587 186 1327 576 244 1328 727 225 1329 583 224 1330 582 245 1331 605 103 1332 606 102 1333 489 246 1334 494 104 1335 607 96 1336 608 97 1337 613 248 1338 612 265 1339 619 249 1340 697 251 1341 611 266 1342 616 252 1343 613 248 1344 620 250 1345 621 257 1346 698 259 1347 697 251 1348 617 253 1349 610 261 1350 609 254 1351 614 256 1352 699 258 1353 621 257 1354 622 263 1355 612 265 1356 698 259 1357 618 260 1358 611 266 1359 610 261 1360 615 262 1361 617 253 1362 616 252 1363 625 268 1364 620 250 1365 629 276 1366 630 271 1367 618 260 1368 617 253 1369 626 269 1370 615 262 1371 614 256 1372 623 270 1373 621 257 1374 630 271 1375 631 274 1376 619 249 1377 618 260 1378 627 272 1379 616 252 1380 615 262 1381 624 273 1382 619 249 1383 628 275 1384 629 276 1385 628 275 1386 637 285 1387 638 278 1388 626 269 1389 625 268 1390 634 279 1391 629 276 1392 638 278 1393 639 282 1394 627 272 1395 626 269 1396 635 280 1397 624 273 1398 623 270 1399 632 281 1400 630 271 1401 639 282 1402 640 277 1403 627 272 1404 636 283 1405 637 285 1406 625 268 1407 624 273 1408 633 284 1409 636 283 1410 645 293 1411 646 286 1412 633 284 1413 642 294 1414 643 287 1415 638 278 1416 637 285 1417 646 286 1418 634 279 1419 643 287 1420 644 290 1421 639 282 1422 638 278 1423 647 289 1424 635 280 1425 644 290 1426 645 293 1427 632 281 1428 641 291 1429 642 294 1430 640 277 1431 639 282 1432 648 292 1433 641 291 1434 650 302 1435 651 295 1436 649 288 1437 648 292 1438 657 296 1439 645 293 1440 654 303 1441 655 298 1442 642 294 1443 651 295 1444 652 299 1445 647 289 1446 646 286 1447 655 298 1448 643 287 1449 652 299 1450 653 301 1451 648 292 1452 647 289 1453 656 300 1454 644 290 1455 653 301 1456 654 303 1457 654 303 1458 653 301 1459 664 304 1460 651 295 1461 650 302 1462 661 306 1463 657 296 1464 668 312 1465 669 308 1466 654 303 1467 665 305 1468 666 309 1469 652 299 1470 651 295 1471 662 307 1472 655 298 1473 666 309 1474 667 311 1475 653 301 1476 652 299 1477 663 310 1478 656 300 1479 667 311 1480 668 312 1481 667 311 1482 676 321 1483 677 314 1484 665 305 1485 664 304 1486 673 315 1487 662 307 1488 661 306 1489 670 313 1490 668 312 1491 677 314 1492 678 318 1493 666 309 1494 665 305 1495 674 316 1496 663 310 1497 662 307 1498 671 317 1499 666 309 1500 675 319 1501 676 321 1502 664 304 1503 663 310 1504 672 320 1505 676 321 1506 675 319 1507 684 322 1508 672 320 1509 681 330 1510 682 324 1511 677 314 1512 676 321 1513 685 323 1514 673 315 1515 682 324 1516 683 327 1517 670 313 1518 679 325 1519 680 328 1520 678 318 1521 677 314 1522 686 326 1523 675 319 1524 674 316 1525 683 327 1526 671 317 1527 680 328 1528 681 330 1529 680 328 1530 689 339 1531 690 331 1532 685 323 1533 684 322 1534 693 333 1535 681 330 1536 690 331 1537 691 335 1538 686 326 1539 685 323 1540 694 334 1541 682 324 1542 691 335 1543 692 338 1544 679 325 1545 688 336 1546 689 339 1547 687 329 1548 686 326 1549 695 337 1550 683 327 1551 692 338 1552 693 333 1553 692 338 1554 698 259 1555 612 265 1556 689 339 1557 610 261 1558 611 266 1559 694 334 1560 693 333 1561 612 265 1562 690 331 1563 611 266 1564 697 251 1565 695 337 1566 694 334 1567 613 248 1568 691 335 1569 697 251 1570 698 259 1571 688 336 1572 609 254 1573 610 261 1574 696 332 1575 695 337 1576 699 258 1577 550 141 1578 551 178 1579 727 225 1580 544 138 1581 555 154 1582 712 198 1583 572 128 1584 560 120 1585 733 237 1586 549 134 1587 543 179 1588 729 228 1589 556 131 1590 552 147 1591 706 189 1592 572 128 1593 734 243 1594 732 239 1595 547 125 1596 548 171 1597 722 216 1598 560 120 1599 559 119 1600 724 219 1601 571 129 1602 732 239 1603 730 234 1604 546 166 1605 719 209 1606 721 214 1607 553 182 1608 550 141 1609 731 231 1610 570 181 1611 730 234 1612 725 221 1613 544 138 1614 728 226 1615 729 228 1616 551 178 1617 547 125 1618 726 223 1619 569 177 1620 725 221 1621 723 222 1622 542 158 1623 714 201 1624 718 220 1625 559 119 1626 558 161 1627 716 206 1628 568 173 1629 723 222 1630 720 217 1631 548 171 1632 545 183 1633 721 214 1634 566 164 1635 567 169 1636 720 217 1637 546 166 1638 541 175 1639 718 220 1640 566 164 1641 717 212 1642 715 207 1643 558 161 1644 554 150 1645 709 194 1646 565 160 1647 715 207 1648 713 203 1649 557 145 1650 704 121 1651 714 201 1652 564 156 1653 713 203 1654 710 199 1655 555 154 1656 556 131 1657 711 197 1658 563 153 1659 710 199 1660 707 195 1661 554 150 1662 549 134 1663 708 192 1664 562 149 1665 707 195 1666 703 190 1667 552 147 1668 553 182 1669 705 188 1670 561 144 1671 703 190 1672 704 121 1673</p>
        </triangles>
        <triangles material="bug_foglight_carello-material" count="602">
          <input semantic="VERTEX" source="#foglight_carello-mesh-vertices" offset="0"/>
          <input semantic="NORMAL" source="#foglight_carello-mesh-normals" offset="1"/>
          <input semantic="TEXCOORD" source="#foglight_carello-mesh-map-0" offset="2" set="0"/>
          <p>3 340 1674 59 341 1675 5 342 1676 37 343 1677 63 344 1678 68 345 1679 21 346 1680 52 347 1681 51 348 1682 8 349 1683 41 350 1684 44 351 1685 13 352 1686 54 353 1687 15 354 1688 14 355 1689 35 356 1690 16 357 1691 7 358 1692 57 359 1693 9 360 1694 1 361 1695 60 362 1696 3 340 1697 0 363 1698 38 364 1699 2 365 1700 19 366 1701 53 367 1702 52 347 1703 27 368 1704 37 343 1705 29 369 1706 25 370 1707 32 371 1708 27 368 1709 11 372 1710 55 373 1711 13 352 1712 2 365 1713 42 374 1714 4 375 1715 18 376 1716 35 356 1717 34 377 1718 12 378 1719 46 379 1720 14 355 1721 5 342 1722 58 380 1723 7 358 1724 23 381 1725 51 348 1726 48 382 1727 12 378 1728 43 383 1729 47 384 1730 20 385 1731 34 377 1732 40 386 1733 10 387 1734 44 351 1735 43 383 1736 17 388 1737 54 353 1738 53 367 1739 25 370 1740 48 382 1741 33 389 1742 22 390 1743 40 386 1744 45 391 1745 9 360 1746 56 392 1747 11 372 1748 24 393 1749 45 391 1750 49 394 1751 30 395 1752 37 343 1753 36 396 1754 0 363 1755 36 396 1756 39 397 1757 4 375 1758 41 350 1759 6 398 1760 73 399 1761 100 400 1762 104 401 1763 56 392 1764 88 402 1765 87 403 1766 36 396 1767 70 404 1768 39 397 1769 58 380 1770 88 402 1771 57 359 1772 49 394 1773 81 405 1774 50 406 1775 32 371 1776 64 407 1777 63 344 1778 58 380 1779 90 408 1780 89 409 1781 42 374 1782 69 410 1783 73 399 1784 35 356 1785 65 411 1786 34 377 1787 59 341 1788 91 412 1789 90 408 1790 41 350 1791 75 413 1792 44 351 1793 37 343 1794 67 414 1795 36 396 1796 60 362 1797 92 415 1798 91 412 1799 38 364 1800 70 404 1801 69 410 1802 62 416 1803 92 415 1804 61 417 1805 43 383 1806 78 418 1807 47 384 1808 40 386 1809 65 411 1810 71 419 1811 35 356 1812 77 420 1813 66 421 1814 41 350 1815 73 399 1816 72 422 1817 51 348 1818 79 423 1819 48 382 1820 43 383 1821 75 413 1822 74 424 1823 51 348 1824 83 425 1825 82 426 1826 40 386 1827 76 427 1828 45 391 1829 53 367 1830 83 425 1831 52 347 1832 46 379 1833 78 418 1834 77 420 1835 53 367 1836 85 428 1837 84 429 1838 48 382 1839 64 407 1840 33 389 1841 55 373 1842 85 428 1843 54 353 1844 49 394 1845 76 427 1846 80 430 1847 55 373 1848 87 403 1849 86 431 1850 105 432 1851 140 433 1852 109 434 1853 66 421 1854 96 435 1855 65 411 1856 90 408 1857 122 436 1858 121 437 1859 72 422 1860 106 438 1861 75 413 1862 68 345 1863 98 439 1864 67 414 1865 91 412 1866 123 440 1867 122 436 1868 70 404 1869 100 400 1870 69 410 1871 92 415 1872 124 441 1873 123 440 1874 78 418 1875 105 432 1876 109 434 1877 65 411 1878 102 442 1879 71 419 1880 77 420 1881 97 443 1882 66 421 1883 73 399 1884 103 444 1885 72 422 1886 82 426 1887 110 445 1888 79 423 1889 74 424 1890 106 438 1891 105 432 1892 83 425 1893 113 446 1894 82 426 1895 71 419 1896 107 447 1897 76 427 1898 84 429 1899 114 448 1900 83 425 1901 78 418 1902 108 449 1903 77 420 1904 85 428 1905 115 450 1906 84 429 1907 64 407 1908 110 445 1909 95 451 1910 86 431 1911 116 452 1912 85 428 1913 76 427 1914 111 453 1915 80 430 1916 86 431 1917 118 454 1918 117 455 1919 68 345 1920 94 456 1921 99 457 1922 87 403 1923 119 458 1924 118 454 1925 67 414 1926 101 459 1927 70 404 1928 88 402 1929 120 460 1930 119 458 1931 80 430 1932 112 461 1933 81 405 1934 63 344 1935 95 451 1936 94 456 1937 89 409 1938 121 437 1939 120 460 1940 96 435 1941 133 462 1942 102 442 1943 108 449 1944 128 463 1945 97 443 1946 104 401 1947 134 464 1948 103 444 1949 110 445 1950 144 465 1951 141 466 1952 106 438 1953 136 467 1954 105 432 1955 113 446 1956 145 468 1957 144 465 1958 102 442 1959 138 469 1960 107 447 1961 114 448 1962 146 470 1963 145 468 1964 109 434 1965 139 471 1966 108 449 1967 115 450 1968 147 472 1969 146 470 1970 95 451 1971 141 466 1972 126 473 1973 116 452 1974 148 474 1975 147 472 1976 107 447 1977 142 475 1978 111 453 1979 118 454 1980 148 474 1981 117 455 1982 94 456 1983 130 476 1984 99 457 1985 118 454 1986 150 477 1987 149 478 1988 98 439 1989 132 479 1990 101 459 1991 119 458 1992 151 480 1993 150 477 1994 142 475 1995 143 481 1996 157 482 1997 95 451 1998 125 483 1999 94 456 2000 120 460 2001 152 484 2002 151 480 2003 100 400 2004 135 485 2005 104 401 2006 97 443 2007 127 486 2008 96 435 2009 121 437 2010 153 487 2011 152 484 2012 103 444 2013 137 488 2014 106 438 2015 99 457 2016 129 489 2017 98 439 2018 122 436 2019 154 490 2020 153 487 2021 101 459 2022 131 491 2023 100 400 2024 156 492 2025 155 493 2026 154 490 2027 158 494 2028 31 495 2029 28 496 2030 26 497 2031 158 494 2032 28 496 2033 195 498 2034 193 499 2035 197 500 2036 270 501 2037 240 502 2038 239 503 2039 268 504 2040 251 505 2041 286 506 2042 284 507 2043 226 508 2044 266 509 2045 179 510 2046 177 511 2047 181 512 2048 191 513 2049 189 514 2050 193 499 2051 203 515 2052 201 516 2053 205 517 2054 217 518 2055 211 519 2056 213 520 2057 276 521 2058 245 522 2059 278 523 2060 279 524 2061 248 525 2062 294 526 2063 269 527 2064 238 528 2065 237 529 2066 296 530 2067 233 531 2068 232 532 2069 278 523 2070 246 533 2071 274 534 2072 187 535 2073 185 536 2074 189 514 2075 199 537 2076 197 500 2077 201 516 2078 211 519 2079 209 538 2080 213 520 2081 284 507 2082 228 539 2083 227 540 2084 272 541 2085 242 542 2086 243 543 2087 273 544 2088 254 545 2089 289 546 2090 183 547 2091 181 512 2092 185 536 2093 175 548 2094 173 549 2095 177 511 2096 207 550 2097 205 517 2098 209 538 2099 275 551 2100 234 552 2101 233 531 2102 171 553 2103 169 554 2104 173 549 2105 285 555 2106 253 556 2107 273 544 2108 167 557 2109 165 558 2110 169 554 2111 281 559 2112 239 503 2113 236 560 2114 163 561 2115 161 562 2116 165 558 2117 267 563 2118 237 529 2119 242 542 2120 159 564 2121 222 565 2122 161 562 2123 290 566 2124 228 539 2125 283 567 2126 220 568 2127 218 569 2128 222 565 2129 293 570 2130 250 571 2131 268 504 2132 218 569 2133 212 572 2134 214 573 2135 281 559 2136 231 574 2137 271 575 2138 214 573 2139 208 576 2140 210 577 2141 266 509 2142 225 578 2143 265 579 2144 210 577 2145 204 580 2146 206 581 2147 265 579 2148 238 528 2149 280 582 2150 206 581 2151 200 583 2152 202 584 2153 274 534 2154 247 585 2155 279 524 2156 202 584 2157 196 586 2158 198 587 2159 287 588 2160 221 589 2161 219 590 2162 198 587 2163 192 591 2164 194 592 2165 277 593 2166 231 574 2167 221 589 2168 194 592 2169 188 594 2170 190 595 2171 272 541 2172 244 596 2173 276 521 2174 190 595 2175 184 597 2176 186 598 2177 286 506 2178 252 599 2179 285 555 2180 186 598 2181 180 600 2182 182 601 2183 287 588 2184 235 602 2185 292 603 2186 182 601 2187 176 604 2188 178 605 2189 289 546 2190 241 606 2191 288 607 2192 178 605 2193 172 608 2194 174 609 2195 295 610 2196 229 611 2197 290 566 2198 174 609 2199 168 612 2200 170 613 2201 292 603 2202 234 552 2203 291 614 2204 170 613 2205 164 615 2206 166 616 2207 294 526 2208 249 617 2209 293 570 2210 166 616 2211 160 618 2212 162 619 2213 296 530 2214 230 620 2215 295 610 2216 250 571 2217 305 621 2218 251 505 2219 162 619 2220 224 622 2221 223 623 2222 288 607 2223 240 502 2224 282 624 2225 223 623 2226 215 625 2227 217 518 2228 262 626 2229 256 627 2230 263 628 2231 260 629 2232 258 630 2233 256 627 2234 261 631 2235 255 632 2236 259 633 2237 257 634 2238 259 633 2239 255 632 2240 215 625 2241 282 624 2242 211 519 2243 175 548 2244 295 610 2245 171 553 2246 176 604 2247 294 526 2248 293 570 2249 187 535 2250 291 614 2251 183 547 2252 171 553 2253 290 566 2254 167 557 2255 224 622 2256 288 607 2257 215 625 2258 191 513 2259 292 603 2260 187 535 2261 164 615 2262 286 506 2263 285 555 2264 196 586 2265 272 541 2266 276 521 2267 199 537 2268 277 593 2269 195 498 2270 195 498 2271 287 588 2272 191 513 2273 188 594 2274 279 524 2275 184 597 2276 212 572 2277 265 579 2278 280 582 2279 216 635 2280 266 509 2281 265 579 2282 203 515 2283 271 575 2284 199 537 2285 172 608 2286 293 570 2287 268 504 2288 167 557 2289 283 567 2290 163 561 2291 204 580 2292 269 527 2293 267 563 2294 207 550 2295 281 559 2296 203 515 2297 160 618 2298 285 555 2299 273 544 2300 183 547 2301 275 551 2302 179 510 2303 160 618 2304 289 546 2305 224 622 2306 200 583 2307 267 563 2308 272 541 2309 163 561 2310 284 507 2311 159 564 2312 188 594 2313 278 523 2314 274 534 2315 179 510 2316 296 530 2317 175 548 2318 208 576 2319 280 582 2320 269 527 2321 184 597 2322 294 526 2323 180 600 2324 192 591 2325 276 521 2326 278 523 2327 220 568 2328 284 507 2329 266 509 2330 168 612 2331 268 504 2332 286 506 2333 211 519 2334 270 501 2335 207 550 2336 234 552 2337 318 636 2338 307 637 2339 230 620 2340 316 638 2341 315 639 2342 251 505 2343 310 640 2344 252 599 2345 229 611 2346 315 639 2347 314 641 2348 239 503 2349 301 642 2350 323 643 2351 242 542 2352 309 644 2353 243 543 2354 252 599 2355 317 645 2356 253 556 2357 219 590 2358 328 646 2359 319 647 2360 226 508 2361 312 648 2362 311 649 2363 238 528 2364 304 650 2365 237 529 2366 247 585 2367 297 651 2368 248 525 2369 246 533 2370 298 652 2371 247 585 2372 232 532 2373 306 653 2374 316 638 2375 228 539 2376 314 641 2377 313 654 2378 227 540 2379 313 654 2380 312 648 2381 225 578 2382 324 655 2383 238 528 2384 253 556 2385 320 656 2386 254 545 2387 233 531 2388 307 637 2389 306 653 2390 235 602 2391 319 647 2392 318 636 2393 231 574 2394 326 657 2395 327 658 2396 248 525 2397 300 659 2398 249 617 2399 240 502 2400 302 660 2401 301 642 2402 244 596 2403 321 661 2404 245 522 2405 243 543 2406 308 662 2407 244 596 2408 221 589 2409 327 658 2410 328 646 2411 245 522 2412 322 663 2413 246 533 2414 254 545 2415 302 660 2416 241 606 2417 237 529 2418 303 664 2419 242 542 2420 225 578 2421 311 649 2422 325 665 2423 249 617 2424 299 666 2425 250 571 2426 236 560 2427 323 643 2428 326 657 2429 351 667 2430 392 668 2431 383 669 2432 364 670 2433 368 671 2434 380 672 2435 329 673 2436 364 670 2437 332 674 2438 338 675 2439 371 676 2440 370 677 2441 354 678 2442 385 679 2443 386 680 2444 341 681 2445 372 682 2446 340 683 2447 333 684 2448 387 685 2449 355 686 2450 342 687 2451 369 688 2452 374 689 2453 357 690 2454 388 691 2455 356 692 2456 344 693 2457 375 694 2458 343 695 2459 355 686 2460 390 696 2461 358 697 2462 345 698 2463 378 699 2464 377 700 2465 336 701 2466 388 691 2467 368 671 2468 347 702 2469 380 672 2470 379 703 2471 359 704 2472 390 696 2473 391 705 2474 342 687 2475 381 706 2476 349 707 2477 339 708 2478 382 709 2479 371 676 2480 351 667 2481 382 709 2482 350 710 2483 338 675 2484 380 672 2485 348 711 2486 341 681 2487 367 712 2488 373 713 2489 329 673 2490 362 714 2491 361 715 2492 360 716 2493 391 705 2494 392 668 2495 349 707 2496 384 717 2497 352 718 2498 332 674 2499 363 719 2500 331 720 2501 347 702 2502 378 699 2503 346 721 2504 340 683 2505 385 679 2506 353 722 2507 333 684 2508 366 723 2509 365 724 2510 344 693 2511 377 700 2512 376 725 2513 352 718 2514 366 723 2515 334 726 2516 336 701 2517 367 712 2518 335 727 2519 357 690 2520 375 694 2521 389 728 2522 330 729 2523 386 680 2524 362 714 2525 337 730 2526 363 719 2527 369 688 2528 701 731 2529 61 417 2530 1 361 2531 702 732 2532 49 394 2533 50 406 2534 3 340 2535 60 362 2536 59 341 2537 37 343 2538 32 371 2539 63 344 2540 21 346 2541 19 366 2542 52 347 2543 8 349 2544 6 398 2545 41 350 2546 13 352 2547 55 373 2548 54 353 2549 14 355 2550 46 379 2551 35 356 2552 7 358 2553 58 380 2554 57 359 2555 1 361 2556 61 417 2557 60 362 2558 0 363 2559 39 397 2560 38 364 2561 19 366 2562 17 388 2563 53 367 2564 27 368 2565 32 371 2566 37 343 2567 25 370 2568 33 389 2569 32 371 2570 11 372 2571 56 392 2572 55 373 2573 2 365 2574 38 364 2575 42 374 2576 18 376 2577 16 357 2578 35 356 2579 12 378 2580 47 384 2581 46 379 2582 5 342 2583 59 341 2584 58 380 2585 23 381 2586 21 346 2587 51 348 2588 12 378 2589 10 387 2590 43 383 2591 20 385 2592 18 376 2593 34 377 2594 10 387 2595 8 349 2596 44 351 2597 17 388 2598 15 354 2599 54 353 2600 25 370 2601 23 381 2602 48 382 2603 22 390 2604 20 385 2605 40 386 2606 9 360 2607 57 359 2608 56 392 2609 24 393 2610 22 390 2611 45 391 2612 30 395 2613 29 369 2614 37 343 2615 0 363 2616 30 395 2617 36 396 2618 4 375 2619 42 374 2620 41 350 2621 73 399 2622 69 410 2623 100 400 2624 56 392 2625 57 359 2626 88 402 2627 36 396 2628 67 414 2629 70 404 2630 58 380 2631 89 409 2632 88 402 2633 49 394 2634 80 430 2635 81 405 2636 32 371 2637 33 389 2638 64 407 2639 58 380 2640 59 341 2641 90 408 2642 42 374 2643 38 364 2644 69 410 2645 35 356 2646 66 421 2647 65 411 2648 59 341 2649 60 362 2650 91 412 2651 41 350 2652 72 422 2653 75 413 2654 37 343 2655 68 345 2656 67 414 2657 60 362 2658 61 417 2659 92 415 2660 38 364 2661 39 397 2662 70 404 2663 62 416 2664 93 733 2665 92 415 2666 43 383 2667 74 424 2668 78 418 2669 40 386 2670 34 377 2671 65 411 2672 35 356 2673 46 379 2674 77 420 2675 41 350 2676 42 374 2677 73 399 2678 51 348 2679 82 426 2680 79 423 2681 43 383 2682 44 351 2683 75 413 2684 51 348 2685 52 347 2686 83 425 2687 40 386 2688 71 419 2689 76 427 2690 53 367 2691 84 429 2692 83 425 2693 46 379 2694 47 384 2695 78 418 2696 53 367 2697 54 353 2698 85 428 2699 48 382 2700 79 423 2701 64 407 2702 55 373 2703 86 431 2704 85 428 2705 49 394 2706 45 391 2707 76 427 2708 55 373 2709 56 392 2710 87 403 2711 105 432 2712 136 467 2713 140 433 2714 66 421 2715 97 443 2716 96 435 2717 90 408 2718 91 412 2719 122 436 2720 72 422 2721 103 444 2722 106 438 2723 68 345 2724 99 457 2725 98 439 2726 91 412 2727 92 415 2728 123 440 2729 70 404 2730 101 459 2731 100 400 2732 92 415 2733 93 733 2734 124 441 2735 78 418 2736 74 424 2737 105 432 2738 65 411 2739 96 435 2740 102 442 2741 77 420 2742 108 449 2743 97 443 2744 73 399 2745 104 401 2746 103 444 2747 82 426 2748 113 446 2749 110 445 2750 74 424 2751 75 413 2752 106 438 2753 83 425 2754 114 448 2755 113 446 2756 71 419 2757 102 442 2758 107 447 2759 84 429 2760 115 450 2761 114 448 2762 78 418 2763 109 434 2764 108 449 2765 85 428 2766 116 452 2767 115 450 2768 64 407 2769 79 423 2770 110 445 2771 86 431 2772 117 455 2773 116 452 2774 76 427 2775 107 447 2776 111 453 2777 86 431 2778 87 403 2779 118 454 2780 68 345 2781 63 344 2782 94 456 2783 87 403 2784 88 402 2785 119 458 2786 67 414 2787 98 439 2788 101 459 2789 88 402 2790 89 409 2791 120 460 2792 80 430 2793 111 453 2794 112 461 2795 63 344 2796 64 407 2797 95 451 2798 89 409 2799 90 408 2800 121 437 2801 96 435 2802 127 486 2803 133 462 2804 108 449 2805 139 471 2806 128 463 2807 104 401 2808 135 485 2809 134 464 2810 110 445 2811 113 446 2812 144 465 2813 106 438 2814 137 488 2815 136 467 2816 113 446 2817 114 448 2818 145 468 2819 102 442 2820 133 462 2821 138 469 2822 114 448 2823 115 450 2824 146 470 2825 109 434 2826 140 433 2827 139 471 2828 115 450 2829 116 452 2830 147 472 2831 95 451 2832 110 445 2833 141 466 2834 116 452 2835 117 455 2836 148 474 2837 107 447 2838 138 469 2839 142 475 2840 118 454 2841 149 478 2842 148 474 2843 94 456 2844 125 483 2845 130 476 2846 118 454 2847 119 458 2848 150 477 2849 98 439 2850 129 489 2851 132 479 2852 119 458 2853 120 460 2854 151 480 2855 157 482 2856 112 461 2857 111 453 2858 111 453 2859 142 475 2860 157 482 2861 95 451 2862 126 473 2863 125 483 2864 120 460 2865 121 437 2866 152 484 2867 100 400 2868 131 491 2869 135 485 2870 97 443 2871 128 463 2872 127 486 2873 121 437 2874 122 436 2875 153 487 2876 103 444 2877 134 464 2878 137 488 2879 99 457 2880 130 476 2881 129 489 2882 122 436 2883 123 440 2884 154 490 2885 101 459 2886 132 479 2887 131 491 2888 154 490 2889 123 440 2890 156 492 2891 124 441 2892 156 492 2893 123 440 2894 158 494 2895 156 492 2896 31 495 2897 26 497 2898 157 482 2899 158 494 2900 195 498 2901 191 513 2902 193 499 2903 270 501 2904 282 624 2905 240 502 2906 268 504 2907 250 571 2908 251 505 2909 284 507 2910 227 540 2911 226 508 2912 179 510 2913 175 548 2914 177 511 2915 191 513 2916 187 535 2917 189 514 2918 203 515 2919 199 537 2920 201 516 2921 217 518 2922 215 625 2923 211 519 2924 276 521 2925 244 596 2926 245 522 2927 279 524 2928 247 585 2929 248 525 2930 269 527 2931 280 582 2932 238 528 2933 296 530 2934 275 551 2935 233 531 2936 278 523 2937 245 522 2938 246 533 2939 187 535 2940 183 547 2941 185 536 2942 199 537 2943 195 498 2944 197 500 2945 211 519 2946 207 550 2947 209 538 2948 284 507 2949 283 567 2950 228 539 2951 272 541 2952 267 563 2953 242 542 2954 273 544 2955 253 556 2956 254 545 2957 183 547 2958 179 510 2959 181 512 2960 175 548 2961 171 553 2962 173 549 2963 207 550 2964 203 515 2965 205 517 2966 275 551 2967 291 614 2968 234 552 2969 171 553 2970 167 557 2971 169 554 2972 285 555 2973 252 599 2974 253 556 2975 167 557 2976 163 561 2977 165 558 2978 281 559 2979 270 501 2980 239 503 2981 163 561 2982 159 564 2983 161 562 2984 267 563 2985 269 527 2986 237 529 2987 159 564 2988 220 568 2989 222 565 2990 290 566 2991 229 611 2992 228 539 2993 220 568 2994 216 635 2995 218 569 2996 293 570 2997 249 617 2998 250 571 2999 218 569 3000 216 635 3001 212 572 3002 281 559 3003 236 560 3004 231 574 3005 214 573 3006 212 572 3007 208 576 3008 266 509 3009 226 508 3010 225 578 3011 210 577 3012 208 576 3013 204 580 3014 265 579 3015 225 578 3016 238 528 3017 206 581 3018 204 580 3019 200 583 3020 274 534 3021 246 533 3022 247 585 3023 202 584 3024 200 583 3025 196 586 3026 287 588 3027 277 593 3028 221 589 3029 198 587 3030 196 586 3031 192 591 3032 277 593 3033 271 575 3034 231 574 3035 194 592 3036 192 591 3037 188 594 3038 272 541 3039 243 543 3040 244 596 3041 190 595 3042 188 594 3043 184 597 3044 286 506 3045 251 505 3046 252 599 3047 186 598 3048 184 597 3049 180 600 3050 287 588 3051 219 590 3052 235 602 3053 182 601 3054 180 600 3055 176 604 3056 289 546 3057 254 545 3058 241 606 3059 178 605 3060 176 604 3061 172 608 3062 295 610 3063 230 620 3064 229 611 3065 174 609 3066 172 608 3067 168 612 3068 292 603 3069 235 602 3070 234 552 3071 170 613 3072 168 612 3073 164 615 3074 294 526 3075 248 525 3076 249 617 3077 166 616 3078 164 615 3079 160 618 3080 296 530 3081 232 532 3082 230 620 3083 250 571 3084 299 666 3085 305 621 3086 162 619 3087 160 618 3088 224 622 3089 288 607 3090 241 606 3091 240 502 3092 223 623 3093 224 622 3094 215 625 3095 262 626 3096 260 629 3097 256 627 3098 261 631 3099 264 734 3100 255 632 3101 215 625 3102 288 607 3103 282 624 3104 175 548 3105 296 530 3106 295 610 3107 176 604 3108 180 600 3109 294 526 3110 187 535 3111 292 603 3112 291 614 3113 171 553 3114 295 610 3115 290 566 3116 224 622 3117 289 546 3118 288 607 3119 191 513 3120 287 588 3121 292 603 3122 164 615 3123 168 612 3124 286 506 3125 196 586 3126 200 583 3127 272 541 3128 199 537 3129 271 575 3130 277 593 3131 195 498 3132 277 593 3133 287 588 3134 188 594 3135 274 534 3136 279 524 3137 212 572 3138 216 635 3139 265 579 3140 216 635 3141 220 568 3142 266 509 3143 203 515 3144 281 559 3145 271 575 3146 172 608 3147 176 604 3148 293 570 3149 167 557 3150 290 566 3151 283 567 3152 204 580 3153 208 576 3154 269 527 3155 207 550 3156 270 501 3157 281 559 3158 160 618 3159 164 615 3160 285 555 3161 183 547 3162 291 614 3163 275 551 3164 160 618 3165 273 544 3166 289 546 3167 200 583 3168 204 580 3169 267 563 3170 163 561 3171 283 567 3172 284 507 3173 188 594 3174 192 591 3175 278 523 3176 179 510 3177 275 551 3178 296 530 3179 208 576 3180 212 572 3181 280 582 3182 184 597 3183 279 524 3184 294 526 3185 192 591 3186 196 586 3187 276 521 3188 220 568 3189 159 564 3190 284 507 3191 168 612 3192 172 608 3193 268 504 3194 211 519 3195 282 624 3196 270 501 3197 234 552 3198 235 602 3199 318 636 3200 230 620 3201 232 532 3202 316 638 3203 251 505 3204 305 621 3205 310 640 3206 229 611 3207 230 620 3208 315 639 3209 239 503 3210 240 502 3211 301 642 3212 242 542 3213 303 664 3214 309 644 3215 252 599 3216 310 640 3217 317 645 3218 219 590 3219 221 589 3220 328 646 3221 226 508 3222 227 540 3223 312 648 3224 238 528 3225 324 655 3226 304 650 3227 247 585 3228 298 652 3229 297 651 3230 246 533 3231 322 663 3232 298 652 3233 232 532 3234 233 531 3235 306 653 3236 228 539 3237 229 611 3238 314 641 3239 227 540 3240 228 539 3241 313 654 3242 225 578 3243 325 665 3244 324 655 3245 253 556 3246 317 645 3247 320 656 3248 233 531 3249 234 552 3250 307 637 3251 235 602 3252 219 590 3253 319 647 3254 231 574 3255 236 560 3256 326 657 3257 248 525 3258 297 651 3259 300 659 3260 240 502 3261 241 606 3262 302 660 3263 244 596 3264 308 662 3265 321 661 3266 243 543 3267 309 644 3268 308 662 3269 221 589 3270 231 574 3271 327 658 3272 245 522 3273 321 661 3274 322 663 3275 254 545 3276 320 656 3277 302 660 3278 237 529 3279 304 650 3280 303 664 3281 225 578 3282 226 508 3283 311 649 3284 249 617 3285 300 659 3286 299 666 3287 236 560 3288 239 503 3289 323 643 3290 351 667 3291 360 716 3292 392 668 3293 380 672 3294 370 677 3295 371 676 3296 371 676 3297 382 709 3298 380 672 3299 383 669 3300 392 668 3301 391 705 3302 391 705 3303 390 696 3304 383 669 3305 387 685 3306 365 724 3307 366 723 3308 366 723 3309 384 717 3310 381 706 3311 381 706 3312 374 689 3313 364 670 3314 369 688 3315 363 719 3316 364 670 3317 364 670 3318 361 715 3319 362 714 3320 362 714 3321 386 680 3322 364 670 3323 385 679 3324 372 682 3325 368 671 3326 373 713 3327 367 712 3328 368 671 3329 368 671 3330 388 691 3331 389 728 3332 389 728 3333 375 694 3334 368 671 3335 376 725 3336 377 700 3337 380 672 3338 378 699 3339 379 703 3340 380 672 3341 380 672 3342 382 709 3343 383 669 3344 383 669 3345 390 696 3346 387 685 3347 387 685 3348 366 723 3349 364 670 3350 374 689 3351 369 688 3352 364 670 3353 364 670 3354 386 680 3355 385 679 3356 372 682 3357 373 713 3358 368 671 3359 368 671 3360 375 694 3361 376 725 3362 377 700 3363 378 699 3364 380 672 3365 380 672 3366 383 669 3367 364 670 3368 366 723 3369 381 706 3370 364 670 3371 364 670 3372 385 679 3373 368 671 3374 368 671 3375 376 725 3376 380 672 3377 383 669 3378 387 685 3379 364 670 3380 329 673 3381 361 715 3382 364 670 3383 338 675 3384 339 708 3385 371 676 3386 354 678 3387 353 722 3388 385 679 3389 341 681 3390 373 713 3391 372 682 3392 333 684 3393 365 724 3394 387 685 3395 342 687 3396 337 730 3397 369 688 3398 357 690 3399 389 728 3400 388 691 3401 344 693 3402 376 725 3403 375 694 3404 355 686 3405 387 685 3406 390 696 3407 345 698 3408 346 721 3409 378 699 3410 336 701 3411 356 692 3412 388 691 3413 347 702 3414 348 711 3415 380 672 3416 359 704 3417 358 697 3418 390 696 3419 342 687 3420 374 689 3421 381 706 3422 339 708 3423 350 710 3424 382 709 3425 351 667 3426 383 669 3427 382 709 3428 338 675 3429 370 677 3430 380 672 3431 341 681 3432 335 727 3433 367 712 3434 329 673 3435 330 729 3436 362 714 3437 360 716 3438 359 704 3439 391 705 3440 349 707 3441 381 706 3442 384 717 3443 332 674 3444 364 670 3445 363 719 3446 347 702 3447 379 703 3448 378 699 3449 340 683 3450 372 682 3451 385 679 3452 333 684 3453 334 726 3454 366 723 3455 344 693 3456 345 698 3457 377 700 3458 352 718 3459 384 717 3460 366 723 3461 336 701 3462 368 671 3463 367 712 3464 357 690 3465 343 695 3466 375 694 3467 330 729 3468 354 678 3469 386 680 3470 337 730 3471 331 720 3472 363 719 3473 701 731 3474 62 416 3475 61 417 3476 702 732 3477 24 393 3478 49 394 3479</p>
        </triangles>
      </mesh>
    </geometry>
    <geometry id="meshId26_name_002-mesh" name="meshId26_name.002">
      <mesh>
        <source id="meshId26_name_002-mesh-positions">
          <float_array id="meshId26_name_002-mesh-positions-array" count="234">-0.5142017 -1.724174 0.6338952 -0.5142017 -1.68927 0.6910879 -0.5143254 -1.63554 0.7303693 -0.5143824 -1.632554 0.735458 -0.5142017 -1.615694 0.7404093 -0.5142017 -1.607542 0.7394878 -0.5142017 -1.603298 0.7416587 -0.5142017 -1.742679 0.5625687 -0.5142017 -1.738799 0.5327047 -0.5142017 -1.739801 0.5261659 -0.5142017 -1.73764 0.5169275 -0.4884548 -1.724174 0.6338952 -0.4884548 -1.68927 0.6910879 -0.4885785 -1.63554 0.7303693 -0.4886355 -1.632554 0.735458 -0.4884548 -1.615694 0.7404093 -0.4884548 -1.607542 0.7394878 -0.4884548 -1.603298 0.7416587 -0.4884548 -1.742679 0.5625687 -0.4884548 -1.738799 0.5327047 -0.4884548 -1.739801 0.5261659 -0.4884548 -1.73764 0.5169275 -0.4854999 -1.716051 0.6510164 -0.5637971 -1.705856 0.6456312 -0.5999222 -1.681538 0.6344469 -0.606486 -1.680117 0.6337692 -0.6182653 -1.667092 0.6279231 -0.4295023 -1.707466 0.6476017 -0.3997687 -1.687706 0.6376263 -0.3938382 -1.686713 0.6371999 -0.3845803 -1.680704 0.6343509 -0.484503 -1.725712 0.6306055 -0.5628003 -1.715516 0.6252203 -0.5989255 -1.691198 0.614036 -0.6054893 -1.689777 0.6133583 -0.6172685 -1.676752 0.6075122 -0.4293323 -1.71714 0.6271572 -0.3995987 -1.697381 0.6171815 -0.3936681 -1.696387 0.6167554 -0.3844103 -1.690378 0.6139062 -0.5142017 -1.736898 0.5991755 -0.4884548 -1.736898 0.5991755 -0.5142017 -1.732959 0.5092512 -0.4884548 -1.732959 0.5092512 -0.5142017 -1.740739 0.5373002 -0.4884548 -1.740739 0.5373002 -0.5142017 -1.74088 0.5810281 -0.4884548 -1.74088 0.5810281 -0.5142017 -1.70524 0.6674843 -0.4884548 -1.70524 0.6674843 -0.5142635 -1.673951 0.708618 -0.4885166 -1.673951 0.708618 -0.514292 -1.624768 0.7394252 -0.4885452 -1.624768 0.7394252 -0.3805906 -1.671283 0.6320173 -0.3804204 -1.680957 0.6115726 -0.4083419 -1.696934 0.6427253 -0.4081719 -1.706609 0.6222806 -0.4636146 -1.7148 0.6503918 -0.4630312 -1.724467 0.629964 -0.511984 -1.716628 0.65096 -0.5109872 -1.726288 0.6305491 -0.5361061 -1.712966 0.6488369 -0.5351094 -1.722626 0.628426 -0.5854277 -1.695102 0.6402525 -0.5844308 -1.704763 0.6198416 -0.5977703 -1.685235 0.6362956 -0.5967735 -1.694896 0.6158846 -0.6126398 -1.674785 0.6311492 -0.611643 -1.684445 0.6107384 -0.6214932 -1.656745 0.6250154 -0.6204964 -1.666406 0.6046046 -0.6260388 -1.65254 0.6236871 -0.625042 -1.662201 0.6032763 -0.5142945 -1.65723 0.7226555 -0.4885476 -1.65723 0.7226555 -0.51431 -1.641191 0.730126 -0.4885631 -1.641191 0.730126</float_array>
          <technique_common>
            <accessor source="#meshId26_name_002-mesh-positions-array" count="78" stride="3">
              <param name="X" type="float"/>
              <param name="Y" type="float"/>
              <param name="Z" type="float"/>
            </accessor>
          </technique_common>
        </source>
        <source id="meshId26_name_002-mesh-normals">
          <float_array id="meshId26_name_002-mesh-normals-array" count="234">0 -0.8503895 0.5261536 0 -0.792102 0.6103889 0 -0.8503915 0.5261505 0 -0.9718095 -0.2357681 0 -0.9999477 0.01023626 0 -0.9718086 -0.2357715 0 0.002613425 0.9999967 0 -0.1791424 0.9838232 0 0.001918852 0.9999982 0 -0.2369521 0.9715214 0 -0.5136047 0.858027 0 -0.5172898 0.8558103 0 -0.9992441 -0.03887569 0 -0.9923657 -0.1233303 0 -0.9992444 -0.0388689 0 -0.179131 0.9838253 0 -0.4553747 0.8903 0 -0.6857154 0.7278698 0 -0.6858136 0.7277773 0 -0.9253985 -0.3789957 0 -0.9253938 -0.3790071 0 -0.9600412 0.2798588 0 -0.9080073 0.4189546 0 -0.9600386 0.2798676 0 -0.2844874 0.9586799 0 -0.2867519 0.9580049 -0.2231094 -0.8852557 0.4080987 -0.3782721 -0.843717 0.3808571 -0.2206971 -0.8857088 0.4084272 0.637278 -0.6945183 0.3339481 0.3556983 -0.8433127 0.4028677 0.6426358 -0.6904664 0.3320775 -0.7860913 -0.572657 0.2326468 -0.6199083 -0.7205207 0.3107471 -0.7804672 -0.5789782 0.2359138 0.3903583 -0.8309301 0.3964539 0.5032184 -0.7794902 0.3730501 0.3913379 -0.8305527 0.3962788 -0.6099947 -0.7273399 0.3144568 -0.4756906 -0.8038151 0.3572111 0.7909805 -0.5504767 0.2670679 0.7713688 -0.5727336 0.2774283 0.144343 -0.8930134 0.4262536 0.04217368 -0.9024098 0.4288099 0.1469567 -0.8924479 0.4265448 -0.7675368 -0.5930703 0.243218 -0.8986364 -0.4118694 0.1510505 -0.7639276 -0.5968996 0.245205 0 -0.9877688 0.1559258 0 -0.9877682 0.1559302 0 -0.8537954 -0.5206087 0 -0.9923635 -0.1233478 0 -0.9999476 0.01024383 0 -0.9080073 0.4189545 0 -0.700148 0.7139979 0 -0.7000069 0.7141361 0.9216667 -0.3476805 0.1721883 0.5142022 -0.7735896 0.3703448 0.3558714 -0.8435842 0.4021459 0.04071497 -0.9023516 0.4290732 -0.07516378 -0.9027321 0.423586 -0.07894408 -0.902535 0.4233185 -0.3834566 -0.8418815 0.3797323 -0.569224 -0.7535495 0.3288576 -0.5746248 -0.7502403 0.3270258 -0.4853869 -0.799184 0.3545482 -0.9084157 -0.3932932 0.1417794 -0.8667287 -0.4658738 0.1781661 -0.8407577 -0.5040907 0.1975327 -0.6947575 -0.6626345 0.2796918 0 -0.5372909 0.843397 0 -0.537126 0.8435021 0 -0.2373991 0.9714123 0 -0.7921622 0.6103107 0 -0.4553542 0.8903104 0 -0.8537946 -0.5206101 0.9216673 -0.3476781 0.1721901 -0.6947671 -0.6626204 0.2797014</float_array>
          <technique_common>
            <accessor source="#meshId26_name_002-mesh-normals-array" count="78" stride="3">
              <param name="X" type="float"/>
              <param name="Y" type="float"/>
              <param name="Z" type="float"/>
            </accessor>
          </technique_common>
        </source>
        <source id="meshId26_name_002-mesh-map-0">
          <float_array id="meshId26_name_002-mesh-map-0-array" count="444">0 0 0 0 0 0 0 0 0 0 0 0 0 0 0 0 0 0 0 0 0 0 0 0 0 0 0 0 0 0 0 0 0 0 0 0 0 0 0 0 0 0 0 0 0 0 0 0 0 0 0 0 0 0 0 0 0 0 0 0 0 0 0 0 0 0 0 0 0 0 0 0 0 0 0 0 0 0 0 0 0 0 0 0 0 0 0 0 0 0 0 0 0 0 0 0 0 0 0 0 0 0 0 0 0 0 0 0 0 0 0 0 0 0 0 0 0 0 0 0 0 0 0 0 0 0 0 0 0 0 0 0 0 0 0 0 0 0 0 0 0 0 0 0 0 0 0 0 0 0 0 0 0 0 0 0 0 0 0 0 0 0 0 0 0 0 0 0 0 0 0 0 0 0 0 0 0 0 0 0 0 0 0 0 0 0 0 0 0 0 0 0 0 0 0 0 0 0 0 0 0 0 0 0 0 0 0 0 0 0 0 0 0 0 0 0 0 0 0 0 0 0 0 0 0 0 0 0 0 0 0 0 0 0 0 0 0 0 0 0 0 0 0 0 0 0 0 0 0 0 0 0 0 0 0 0 0 0 0 0 0 0 0 0 0 0 0 0 0 0 0 0 0 0 0 0 0 0 0 0 0 0 0 0 0 0 0 0 0 0 0 0 0 0 0 0 0 0 0 0 0 0 0 0 0 0 0 0 0 0 0 0 0 0 0 0 0 0 0 0 0 0 0 0 0 0 0 0 0 0 0 0 0 0 0 0 0 0 0 0 0 0 0 0 0 0 0 0 0 0 0 0 0 0 0 0 0 0 0 0 0 0 0 0 0 0 0 0 0 0 0 0 0 0 0 0 0 0 0 0 0 0 0 0 0 0 0 0 0 0 0 0 0 0 0 0 0 0 0 0 0 0 0 0 0 0 0 0 0 0 0 0 0 0 0 0 0 0 0 0 0 0 0 0 0 0 0 0 0 0 0 0 0 0 0 0 0 0 0 0 0 0 0 0</float_array>
          <technique_common>
            <accessor source="#meshId26_name_002-mesh-map-0-array" count="222" stride="2">
              <param name="S" type="float"/>
              <param name="T" type="float"/>
            </accessor>
          </technique_common>
        </source>
        <vertices id="meshId26_name_002-mesh-vertices">
          <input semantic="POSITION" source="#meshId26_name_002-mesh-positions"/>
        </vertices>
        <triangles material="bug_tape-material" count="74">
          <input semantic="VERTEX" source="#meshId26_name_002-mesh-vertices" offset="0"/>
          <input semantic="NORMAL" source="#meshId26_name_002-mesh-normals" offset="1"/>
          <input semantic="TEXCOORD" source="#meshId26_name_002-mesh-map-0" offset="2" set="0"/>
          <p>49 0 0 1 1 1 48 2 2 45 3 3 7 4 4 44 5 5 15 6 6 5 7 7 4 8 8 76 9 9 13 10 10 2 11 11 20 12 12 8 13 13 9 14 14 16 15 15 6 16 16 5 7 17 2 11 18 14 17 19 3 18 20 21 19 21 9 14 22 10 20 23 41 21 24 0 22 25 40 23 26 53 24 27 4 8 28 52 25 29 62 26 30 32 27 31 63 28 32 56 29 33 36 30 34 57 31 35 66 32 36 33 33 37 67 34 38 29 35 39 37 36 40 38 37 41 24 38 42 34 39 43 33 33 44 30 40 45 38 37 46 39 41 47 58 42 48 31 43 49 59 44 50 68 45 51 35 46 52 69 47 53 47 48 54 40 23 55 46 49 56 10 20 57 43 50 58 21 19 59 19 51 60 44 5 61 8 13 62 18 52 63 46 49 64 7 4 65 11 53 66 48 2 67 0 22 68 1 1 69 51 54 70 50 55 71 14 17 72 52 25 73 3 18 74 55 56 75 30 40 76 39 41 77 28 57 78 57 31 79 37 36 80 58 42 81 36 30 82 27 58 83 22 59 84 61 60 85 31 43 86 60 61 87 63 28 88 61 60 89 23 62 90 65 63 91 32 27 92 64 64 93 67 34 94 65 63 95 25 65 96 69 47 97 34 39 98 26 66 99 71 67 100 35 46 101 70 68 102 73 69 103 71 67 104 50 55 105 75 70 106 74 71 107 74 71 108 77 72 109 76 9 110 49 0 111 12 73 112 1 1 113 45 3 114 18 52 115 7 4 116 15 6 117 16 15 118 5 7 119 76 9 120 77 72 121 13 10 122 20 12 123 19 51 124 8 13 125 16 15 126 17 74 127 6 16 128 2 11 129 13 10 130 14 17 131 21 19 132 20 12 133 9 14 134 41 21 135 11 53 136 0 22 137 53 24 138 15 6 139 4 8 140 62 26 141 23 62 142 32 27 143 56 29 144 27 58 145 36 30 146 66 32 147 24 38 148 33 33 149 29 35 150 28 57 151 37 36 152 24 38 153 25 65 154 34 39 155 30 40 156 29 35 157 38 37 158 58 42 159 22 59 160 31 43 161 68 45 162 26 66 163 35 46 164 47 48 165 41 21 166 40 23 167 10 20 168 42 75 169 43 50 170 19 51 171 45 3 172 44 5 173 18 52 174 47 48 175 46 49 176 11 53 177 49 0 178 48 2 179 1 1 180 12 73 181 51 54 182 14 17 183 53 24 184 52 25 185 55 56 186 54 76 187 30 40 188 28 57 189 56 29 190 57 31 191 58 42 192 59 44 193 36 30 194 22 59 195 60 61 196 61 60 197 60 61 198 62 26 199 63 28 200 23 62 201 64 64 202 65 63 203 64 64 204 66 32 205 67 34 206 25 65 207 68 45 208 69 47 209 26 66 210 70 68 211 71 67 212 70 68 213 72 77 214 73 69 215 50 55 216 51 54 217 75 70 218 74 71 219 75 70 220 77 72 221</p>
        </triangles>
      </mesh>
    </geometry>
    <geometry id="meshId26_name_001-mesh" name="meshId26_name.001">
      <mesh>
        <source id="meshId26_name_001-mesh-positions">
          <float_array id="meshId26_name_001-mesh-positions-array" count="234">0.4850302 -1.724174 0.6338952 0.4850302 -1.68927 0.6910879 0.4849065 -1.63554 0.7303693 0.4848495 -1.632554 0.735458 0.4850302 -1.615694 0.7404093 0.4850302 -1.607542 0.7394878 0.4850302 -1.603298 0.7416587 0.4850302 -1.742679 0.5625687 0.4850302 -1.738799 0.5327047 0.4850302 -1.739801 0.5261659 0.4850302 -1.73764 0.5169275 0.5107771 -1.724174 0.6338952 0.5107771 -1.68927 0.6910879 0.5106534 -1.63554 0.7303693 0.5105964 -1.632554 0.735458 0.5107771 -1.615694 0.7404093 0.5107771 -1.607542 0.7394878 0.5107771 -1.603298 0.7416587 0.5107771 -1.742679 0.5625687 0.5107771 -1.738799 0.5327047 0.5107771 -1.739801 0.5261659 0.5107771 -1.73764 0.5169275 0.4847499 -1.716528 0.650803 0.5628637 -1.705018 0.6475067 0.598923 -1.680139 0.6377912 0.605471 -1.678609 0.6373801 0.6172311 -1.665413 0.6320129 0.4289077 -1.708919 0.6440205 0.399329 -1.689714 0.6328416 0.3934161 -1.688824 0.6321744 0.3841984 -1.682988 0.6289501 0.4847499 -1.726196 0.6304196 0.5628637 -1.714686 0.6271235 0.598923 -1.689807 0.6174079 0.605471 -1.688277 0.6169968 0.6172311 -1.675081 0.6116297 0.4297337 -1.718587 0.6236372 0.400155 -1.699382 0.6124582 0.3942421 -1.698492 0.6117911 0.3850244 -1.692655 0.6085667 0.4850302 -1.736898 0.5991755 0.5107771 -1.736898 0.5991755 0.4850302 -1.732959 0.5092512 0.5107771 -1.732959 0.5092512 0.4850302 -1.740739 0.5373002 0.5107771 -1.740739 0.5373002 0.4850302 -1.74088 0.5810281 0.5107771 -1.74088 0.5810281 0.4850302 -1.70524 0.6674843 0.5107771 -1.70524 0.6674843 0.4849684 -1.673951 0.708618 0.5107153 -1.673951 0.708618 0.4849399 -1.624768 0.7394252 0.5106868 -1.624768 0.7394252 0.3801543 -1.673656 0.6264497 0.3809803 -1.683323 0.6060663 0.4078274 -1.698774 0.6382856 0.4086534 -1.708442 0.6179023 0.4629324 -1.715653 0.6481968 0.4633454 -1.725321 0.6278135 0.5111688 -1.716651 0.6507297 0.5111688 -1.726318 0.6303464 0.5352446 -1.712585 0.6495876 0.5352446 -1.722253 0.6292044 0.5844663 -1.69392 0.6430084 0.5844663 -1.703588 0.6226251 0.5967654 -1.683865 0.6395518 0.5967654 -1.693532 0.6191684 0.6116223 -1.673184 0.635011 0.6116223 -1.682852 0.6146277 0.6203914 -1.655034 0.629232 0.6203914 -1.664702 0.6088488 0.624906 -1.650761 0.6280869 0.624906 -1.660429 0.6077037 0.4849206 -1.644267 0.7284742 0.5106675 -1.644267 0.7284742 0.4849418 -1.657458 0.7216469 0.5106887 -1.657458 0.7216469</float_array>
          <technique_common>
            <accessor source="#meshId26_name_001-mesh-positions-array" count="78" stride="3">
              <param name="X" type="float"/>
              <param name="Y" type="float"/>
              <param name="Z" type="float"/>
            </accessor>
          </technique_common>
        </source>
        <source id="meshId26_name_001-mesh-normals">
          <float_array id="meshId26_name_001-mesh-normals-array" count="234">0 -0.8503897 0.5261536 0 -0.7921016 0.6103893 0 -0.8503918 0.52615 0 -0.9718092 -0.2357689 0 -0.9999477 0.0102362 0 -0.9718087 -0.235771 0 0.002613186 0.9999967 0 -0.1791431 0.9838231 0 0.001918792 0.9999982 0 -0.3387652 0.940871 0 -0.5853885 0.8107531 0 -0.5879377 0.8089062 0 -0.9992441 -0.03887557 0 -0.9923658 -0.1233299 0 -0.9992443 -0.03886932 0 -0.1791306 0.9838253 0 -0.4553759 0.8902994 0 -0.6857132 0.7278719 0 -0.6858139 0.727777 0 -0.9253983 -0.3789962 0 -0.9253939 -0.3790069 0 -0.9600411 0.279859 0 -0.908007 0.4189549 0 -0.9600386 0.2798676 0 -0.2844882 0.9586796 0 -0.2867526 0.9580048 0.2214129 -0.8811033 0.4178916 0.3768252 -0.8369247 0.3969383 0.3820194 -0.8349987 0.3960283 -0.6383804 -0.7051569 0.3085843 -0.3573343 -0.8490762 0.3890784 -0.357474 -0.8493533 0.3883444 0.7856445 -0.5589906 0.2651271 0.6189696 -0.7096449 0.3365723 0.6090362 -0.7166252 0.3398872 -0.3919156 -0.8372907 0.3812435 -0.5045824 -0.7878153 0.3531909 -0.5155531 -0.7820907 0.3500562 0.4744209 -0.7953692 0.3772438 0.4841455 -0.7905755 0.374958 -0.7916692 -0.5638105 0.235325 -0.3928837 -0.8369395 0.3810182 -0.1560648 -0.8938139 0.4204052 -0.04662078 -0.9027258 0.427683 -0.04390347 -0.9026497 0.4281311 0.7670245 -0.5797173 0.2749567 0.898652 -0.3963402 0.1879867 0.908482 -0.3776045 0.1790965 0 -0.9877688 0.1559258 0 -0.9877682 0.1559302 0 -0.8537951 -0.5206092 0 -0.9923635 -0.1233481 0 -0.9999476 0.01024371 0 -0.908007 0.4189552 0 -0.6894399 0.724343 0 -0.6892765 0.7244985 -0.9218326 -0.3633306 0.1349654 -0.7721155 -0.5857229 0.2465084 -0.6437221 -0.7012037 0.3064887 0.08467996 -0.9002811 0.4269932 0.2189961 -0.8815952 0.4181275 0.5681645 -0.7435256 0.3526455 0.5735783 -0.7401229 0.3510358 0.7800018 -0.5654087 0.2681611 0.7634003 -0.5836074 0.2768074 0.8665935 -0.4508731 0.2138442 0.8405077 -0.4895298 0.2321798 0.6940213 -0.6504984 0.3085228 0.6940265 -0.6504898 0.3085294 0 -0.5421654 0.8402718 0 -0.3390043 0.9407849 0 -0.5423038 0.8401825 0 -0.7921612 0.610312 0 -0.4553527 0.8903111 -0.1605453 -0.893063 0.420314 0 -0.8537951 -0.5206093 -0.9218307 -0.3633348 0.1349666 0.08331912 -0.9003868 0.4270384</float_array>
          <technique_common>
            <accessor source="#meshId26_name_001-mesh-normals-array" count="78" stride="3">
              <param name="X" type="float"/>
              <param name="Y" type="float"/>
              <param name="Z" type="float"/>
            </accessor>
          </technique_common>
        </source>
        <source id="meshId26_name_001-mesh-map-0">
          <float_array id="meshId26_name_001-mesh-map-0-array" count="444">0 0 0 0 0 0 0 0 0 0 0 0 0 0 0 0 0 0 0 0 0 0 0 0 0 0 0 0 0 0 0 0 0 0 0 0 0 0 0 0 0 0 0 0 0 0 0 0 0 0 0 0 0 0 0 0 0 0 0 0 0 0 0 0 0 0 0 0 0 0 0 0 0 0 0 0 0 0 0 0 0 0 0 0 0 0 0 0 0 0 0 0 0 0 0 0 0 0 0 0 0 0 0 0 0 0 0 0 0 0 0 0 0 0 0 0 0 0 0 0 0 0 0 0 0 0 0 0 0 0 0 0 0 0 0 0 0 0 0 0 0 0 0 0 0 0 0 0 0 0 0 0 0 0 0 0 0 0 0 0 0 0 0 0 0 0 0 0 0 0 0 0 0 0 0 0 0 0 0 0 0 0 0 0 0 0 0 0 0 0 0 0 0 0 0 0 0 0 0 0 0 0 0 0 0 0 0 0 0 0 0 0 0 0 0 0 0 0 0 0 0 0 0 0 0 0 0 0 0 0 0 0 0 0 0 0 0 0 0 0 0 0 0 0 0 0 0 0 0 0 0 0 0 0 0 0 0 0 0 0 0 0 0 0 0 0 0 0 0 0 0 0 0 0 0 0 0 0 0 0 0 0 0 0 0 0 0 0 0 0 0 0 0 0 0 0 0 0 0 0 0 0 0 0 0 0 0 0 0 0 0 0 0 0 0 0 0 0 0 0 0 0 0 0 0 0 0 0 0 0 0 0 0 0 0 0 0 0 0 0 0 0 0 0 0 0 0 0 0 0 0 0 0 0 0 0 0 0 0 0 0 0 0 0 0 0 0 0 0 0 0 0 0 0 0 0 0 0 0 0 0 0 0 0 0 0 0 0 0 0 0 0 0 0 0 0 0 0 0 0 0 0 0 0 0 0 0 0 0 0 0 0 0 0 0 0 0 0 0 0 0 0 0 0 0 0 0 0 0 0 0 0 0 0 0 0 0 0 0 0 0 0 0 0</float_array>
          <technique_common>
            <accessor source="#meshId26_name_001-mesh-map-0-array" count="222" stride="2">
              <param name="S" type="float"/>
              <param name="T" type="float"/>
            </accessor>
          </technique_common>
        </source>
        <vertices id="meshId26_name_001-mesh-vertices">
          <input semantic="POSITION" source="#meshId26_name_001-mesh-positions"/>
        </vertices>
        <triangles material="bug_tape-material" count="74">
          <input semantic="VERTEX" source="#meshId26_name_001-mesh-vertices" offset="0"/>
          <input semantic="NORMAL" source="#meshId26_name_001-mesh-normals" offset="1"/>
          <input semantic="TEXCOORD" source="#meshId26_name_001-mesh-map-0" offset="2" set="0"/>
          <p>49 0 0 1 1 1 48 2 2 45 3 3 7 4 4 44 5 5 15 6 6 5 7 7 4 8 8 74 9 9 13 10 10 2 11 11 20 12 12 8 13 13 9 14 14 16 15 15 6 16 16 5 7 17 2 11 18 14 17 19 3 18 20 21 19 21 9 14 22 10 20 23 41 21 24 0 22 25 40 23 26 53 24 27 4 8 28 52 25 29 62 26 30 32 27 31 23 28 32 56 29 33 36 30 34 27 31 35 66 32 36 33 33 37 24 34 38 29 35 39 37 36 40 28 37 41 24 34 42 34 38 43 25 39 44 30 40 45 38 41 46 29 35 47 58 42 48 31 43 49 22 44 50 68 45 51 35 46 52 26 47 53 47 48 54 40 23 55 46 49 56 10 20 57 43 50 58 21 19 59 19 51 60 44 5 61 8 13 62 18 52 63 46 49 64 7 4 65 11 53 66 48 2 67 0 22 68 1 1 69 51 54 70 50 55 71 14 17 72 52 25 73 3 18 74 30 40 75 55 56 76 39 57 77 28 37 78 57 58 79 56 29 80 36 30 81 58 42 82 27 31 83 31 43 84 60 59 85 22 44 86 60 59 87 63 60 88 62 26 89 23 28 90 65 61 91 64 62 92 64 62 93 67 63 94 66 32 95 25 39 96 69 64 97 68 45 98 26 47 99 71 65 100 70 66 101 70 66 102 73 67 103 72 68 104 76 69 105 75 70 106 74 9 107 50 55 108 77 71 109 76 69 110 49 0 111 12 72 112 1 1 113 45 3 114 18 52 115 7 4 116 15 6 117 16 15 118 5 7 119 74 9 120 75 70 121 13 10 122 20 12 123 19 51 124 8 13 125 16 15 126 17 73 127 6 16 128 2 11 129 13 10 130 14 17 131 21 19 132 20 12 133 9 14 134 41 21 135 11 53 136 0 22 137 53 24 138 15 6 139 4 8 140 62 26 141 63 60 142 32 27 143 56 29 144 57 58 145 36 30 146 66 32 147 67 63 148 33 33 149 29 35 150 38 41 151 37 36 152 24 34 153 33 33 154 34 38 155 30 40 156 39 57 157 38 41 158 58 42 159 59 74 160 31 43 161 68 45 162 69 64 163 35 46 164 47 48 165 41 21 166 40 23 167 10 20 168 42 75 169 43 50 170 19 51 171 45 3 172 44 5 173 18 52 174 47 48 175 46 49 176 11 53 177 49 0 178 48 2 179 1 1 180 12 72 181 51 54 182 14 17 183 53 24 184 52 25 185 30 40 186 54 76 187 55 56 188 28 37 189 37 36 190 57 58 191 36 30 192 59 74 193 58 42 194 31 43 195 61 77 196 60 59 197 60 59 198 61 77 199 63 60 200 23 28 201 32 27 202 65 61 203 64 62 204 65 61 205 67 63 206 25 39 207 34 38 208 69 64 209 26 47 210 35 46 211 71 65 212 70 66 213 71 65 214 73 67 215 76 69 216 77 71 217 75 70 218 50 55 219 51 54 220 77 71 221</p>
        </triangles>
      </mesh>
    </geometry>
  </library_geometries>
  <library_visual_scenes>
    <visual_scene id="Scene" name="Scene">
      <node id="rollbar_mc" name="rollbar_mc" type="NODE">
        <matrix sid="transform">1 0 0 0 0 1 0 0 0 0 1 0 0 0 0 1</matrix>
        <instance_geometry url="#rollbar_mc-mesh" name="rollbar_mc">
          <bind_material>
            <technique_common>
              <instance_material symbol="bug_interior_metal_gray-material" target="#bug_interior_metal_gray-material"/>
            </technique_common>
          </bind_material>
        </instance_geometry>
      </node>
      <node id="rollbar_tlb" name="rollbar_tlb" type="NODE">
        <matrix sid="transform">1 0 0 0 0 1 0 0 0 0 1 0 0 0 0 1</matrix>
        <instance_geometry url="#rollbar_tlb-mesh" name="rollbar_tlb">
          <bind_material>
            <technique_common>
              <instance_material symbol="bug_interior_metal_gray-material" target="#bug_interior_metal_gray-material"/>
            </technique_common>
          </bind_material>
        </instance_geometry>
      </node>
      <node id="gascap" name="gascap" type="NODE">
        <matrix sid="transform">1 0 0 0 0 1 0 0 0 0 1 0 0 0 0 1</matrix>
        <instance_geometry url="#gascap-mesh" name="gascap">
          <bind_material>
            <technique_common>
              <instance_material symbol="bug_gascap-material" target="#bug_gascap-material">
                <bind_vertex_input semantic="ID2472_007-mesh-map-0" input_semantic="TEXCOORD" input_set="0"/>
                <bind_vertex_input semantic="ID2472_007-mesh-map-1" input_semantic="TEXCOORD" input_set="1"/>
                <bind_vertex_input semantic="ID2472_007-mesh-map-2" input_semantic="TEXCOORD" input_set="2"/>
                <bind_vertex_input semantic="ID2472_007-mesh-map-3" input_semantic="TEXCOORD" input_set="3"/>
                <bind_vertex_input semantic="ID2472_007-mesh-map-4" input_semantic="TEXCOORD" input_set="4"/>
                <bind_vertex_input semantic="ID2472_007-mesh-map-5" input_semantic="TEXCOORD" input_set="5"/>
                <bind_vertex_input semantic="ID2472_007-mesh-map-6" input_semantic="TEXCOORD" input_set="6"/>
                <bind_vertex_input semantic="ID2472_007-mesh-map-7" input_semantic="TEXCOORD" input_set="7"/>
              </instance_material>
            </technique_common>
          </bind_material>
        </instance_geometry>
      </node>
      <node id="spoiler_R" name="spoiler_R" type="NODE">
        <matrix sid="transform">1 0 0 0 0 1 0 0 0 0 1 0 0 0 0 1</matrix>
        <instance_geometry url="#spoiler_B_color_001-mesh" name="spoiler_R">
          <bind_material>
            <technique_common>
              <instance_material symbol="bug_chrome-material" target="#bug_chrome-material">
                <bind_vertex_input semantic="spoiler" input_semantic="TEXCOORD" input_set="0"/>
              </instance_material>
              <instance_material symbol="bug_spoilerR-material" target="#bug_spoilerR-material">
                <bind_vertex_input semantic="spoiler" input_semantic="TEXCOORD" input_set="0"/>
              </instance_material>
            </technique_common>
          </bind_material>
        </instance_geometry>
      </node>
      <node id="spoiler_F" name="spoiler_F" type="NODE">
        <matrix sid="transform">1 0 0 0 0 1 0 -0.006238001 0 0 1 0 0 0 0 1</matrix>
        <instance_geometry url="#spoiler_F-mesh" name="spoiler_F">
          <bind_material>
            <technique_common>
              <instance_material symbol="bug_spoilerF-material" target="#bug_spoilerF-material">
                <bind_vertex_input semantic="g_vw_beetle_66_bumperFrace_plastic2___152_vertices_148_face_000" input_semantic="TEXCOORD" input_set="0"/>
              </instance_material>
              <instance_material symbol="bug_chrome-material" target="#bug_chrome-material">
                <bind_vertex_input semantic="g_vw_beetle_66_bumperFrace_plastic2___152_vertices_148_face_000" input_semantic="TEXCOORD" input_set="0"/>
              </instance_material>
            </technique_common>
          </bind_material>
        </instance_geometry>
      </node>
      <node id="foglight_carello" name="foglight_carello" type="NODE">
        <matrix sid="transform">1 0 0 0 0 1 0 0 0 0 1 0 0 0 0 1</matrix>
        <instance_geometry url="#foglight_carello-mesh" name="foglight_carello">
          <bind_material>
            <technique_common>
              <instance_material symbol="bug_chrome-material" target="#bug_chrome-material">
                <bind_vertex_input semantic="ID465_001-mesh-map-0" input_semantic="TEXCOORD" input_set="0"/>
              </instance_material>
              <instance_material symbol="bug_foglight_carello-material" target="#bug_foglight_carello-material">
                <bind_vertex_input semantic="ID465_001-mesh-map-0" input_semantic="TEXCOORD" input_set="0"/>
              </instance_material>
            </technique_common>
          </bind_material>
        </instance_geometry>
      </node>
      <node id="headlight_R_tape" name="headlight_R_tape" type="NODE">
        <matrix sid="transform">1 0 0 0 0 1 0 0 0 0 1 0 0 0 0 1</matrix>
        <instance_geometry url="#meshId26_name_002-mesh" name="headlight_R_tape">
          <bind_material>
            <technique_common>
              <instance_material symbol="bug_tape-material" target="#bug_tape-material">
                <bind_vertex_input semantic="meshId26-tex0" input_semantic="TEXCOORD" input_set="0"/>
              </instance_material>
            </technique_common>
          </bind_material>
        </instance_geometry>
      </node>
      <node id="headlight_L_tape" name="headlight_L_tape" type="NODE">
        <matrix sid="transform">1 0 0 0 0 1 0 0 0 0 1 0 0 0 0 1</matrix>
        <instance_geometry url="#meshId26_name_001-mesh" name="headlight_L_tape">
          <bind_material>
            <technique_common>
              <instance_material symbol="bug_tape-material" target="#bug_tape-material">
                <bind_vertex_input semantic="meshId26-tex0" input_semantic="TEXCOORD" input_set="0"/>
              </instance_material>
            </technique_common>
          </bind_material>
        </instance_geometry>
      </node>
    </visual_scene>
  </library_visual_scenes>
  <scene>
    <instance_visual_scene url="#Scene"/>
  </scene>
</COLLADA>